fileName,name,duration,intensity1,intensity2,intensity3,intensity4,intensity5,intensity6,intensity7,intensity8,intensity9,intensity10,meanIntensity
file0.TextGrid,1,0.200,8,33,60,71,75,71,57,44,21,11,48.875
file0.TextGrid,2,0.290,11,52,49,61,72,81,79,74,66,59,63.389
file0.TextGrid,3,0.570,59,39,27,64,73,72,69,60,54,41,56.419
file1.TextGrid,1,0.160,37,49,62,68,71,73,74,74,75,73,66.606
file1.TextGrid,2,0.260,73,69,67,64,69,74,73,70,68,62,69.032
file1.TextGrid,3,0.240,62,54,50,50,44,57,65,66,66,66,57.229
file10.TextGrid,1,0.240,52,69,73,75,71,71,69,63,58,51,67.093
file10.TextGrid,2,0.180,51,36,14,-18,30,61,77,83,82,80,47.908
file10.TextGrid,3,0.400,80,68,64,66,74,77,74,55,44,27,63.982
file100.TextGrid,1,0.370,-2,69,77,71,71,71,70,70,59,32,65.039
file100.TextGrid,2,0.210,32,36,69,83,84,83,82,77,76,76,71.428
file100.TextGrid,3,0.370,76,82,80,79,78,76,66,58,55,33,70.328
file101.TextGrid,1,0.210,30,54,66,70,63,45,20,-19,16,47,37.837
file101.TextGrid,2,0.460,47,49,51,69,80,72,57,54,52,56,59.455
file101.TextGrid,3,0.390,56,69,77,76,74,70,60,58,53,36,64.841
file102.TextGrid,1,0.160,20,39,52,59,64,62,67,77,76,68,60.175
file102.TextGrid,2,0.150,68,60,58,60,65,71,77,77,75,71,67.904
file102.TextGrid,3,0.380,71,71,70,70,70,60,52,51,45,37,60.487
file103.TextGrid,1,0.220,34,56,75,77,73,70,72,72,72,74,68.886
file103.TextGrid,2,0.170,74,71,69,72,73,72,69,69,71,70,71.135
file103.TextGrid,3,0.280,70,72,67,66,73,71,67,57,55,45,65.087
file104.TextGrid,1,0.280,12,48,73,78,80,76,71,67,77,67,68.353
file104.TextGrid,2,0.080,67,70,74,77,79,79,78,76,72,69,74.902
file104.TextGrid,3,0.390,69,62,62,72,69,58,51,48,42,40,57.688
file105.TextGrid,1,0.220,37,55,71,76,76,73,72,73,71,68,68.572
file105.TextGrid,2,0.300,68,57,54,58,58,59,62,72,78,67,62.933
file105.TextGrid,3,0.560,67,66,75,65,55,58,58,53,51,38,59.136
file106.TextGrid,1,0.200,37,63,73,74,75,74,77,77,72,66,71.060
file106.TextGrid,2,0.130,66,64,64,64,62,59,56,65,74,76,64.452
file106.TextGrid,3,0.260,76,76,72,76,73,70,60,54,42,38,64.476
file107.TextGrid,1,0.260,-5,30,48,67,68,53,25,-7,-0.8,39,33.355
file107.TextGrid,2,0.420,39,64,66,69,75,76,77,77,75,68,70.954
file107.TextGrid,3,0.460,68,52,52,75,76,74,67,59,55,41,62.758
file108.TextGrid,1,0.380,20,61,64,66,81,82,79,78,76,73,71.002
file108.TextGrid,2,0.160,73,73,76,75,76,78,79,77,77,73,76.050
file108.TextGrid,3,0.280,73,70,68,72,72,71,68,61,51,36,65.362
file109.TextGrid,1,0.200,31,60,70,75,76,75,72,71,70,69,68.669
file109.TextGrid,2,0.350,69,64,56,56,54,58,76,80,81,71,66.127
file109.TextGrid,3,0.440,71,80,76,69,60,51,50,51,50,45,60.613
file11.TextGrid,1,0.140,41,68,74,77,79,80,80,82,80,73,75.263
file11.TextGrid,2,0.420,73,74,84,84,81,75,82,81,78,73,79.558
file11.TextGrid,3,0.210,73,63,63,59,57,55,59,56,54,48,58.440
file110.TextGrid,1,0.250,22,55,73,78,77,74,67,67,67,54,66.450
file110.TextGrid,2,0.120,54,51,50,48,56,60,62,70,72,71,59.156
file110.TextGrid,3,0.190,71,69,67,63,61,62,61,59,61,60,63.224
file111.TextGrid,1,0.110,32,54,61,59,67,76,78,76,70,68,66.139
file111.TextGrid,2,0.310,68,63,58,54,57,77,77,75,72,75,67.493
file111.TextGrid,3,0.400,75,78,76,75,68,60,57,49,43,32,61.824
file112.TextGrid,1,0.300,42,68,74,76,75,72,72,74,74,62,71.259
file112.TextGrid,2,0.370,62,66,68,68,75,68,66,68,72,69,68.030
file112.TextGrid,3,0.360,69,61,57,56,69,67,65,59,40,10,57.307
file113.TextGrid,1,0.160,34,42,50,55,58,58,62,79,82,82,60.621
file113.TextGrid,2,0.160,82,81,82,83,83,82,82,82,82,80,81.961
file113.TextGrid,3,0.550,80,77,81,82,73,64,58,49,43,39,64.676
file114.TextGrid,1,0.060,25,22,21,20,20,20,20,19,18,18,20.262
file114.TextGrid,2,0.220,18,55,68,80,80,80,78,78,78,77,71.600
file114.TextGrid,3,0.510,77,75,76,77,70,59,51,43,36,27,60.506
file115.TextGrid,1,0.240,-6,29,55,71,77,68,47,15,30,53,45.878
file115.TextGrid,2,0.490,53,60,63,74,83,82,82,81,82,70,74.301
file115.TextGrid,3,0.250,70,73,74,77,76,74,71,61,39,24,65.815
file116.TextGrid,1,0.230,14,51,60,70,71,70,69,69,68,64,63.072
file116.TextGrid,2,0.120,64,63,70,75,76,76,75,75,74,68,72.178
file116.TextGrid,3,0.590,68,65,64,71,74,70,55,48,42,30,60.175
file117.TextGrid,1,0.210,6,51,70,72,65,49,29,11,47,54,47.318
file117.TextGrid,2,0.390,54,63,63,61,73,79,74,74,71,68,69.072
file117.TextGrid,3,0.280,68,66,67,70,71,71,69,55,35,35,61.836
file118.TextGrid,1,0.240,33,59,71,76,77,77,77,77,74,66,71.483
file118.TextGrid,2,0.190,66,48,30,18,12,55,77,82,81,69,52.937
file118.TextGrid,3,0.440,69,32,56,78,76,67,60,56,48,26,57.739
file119.TextGrid,1,0.250,25,57,72,78,78,65,63,62,61,71,64.752
file119.TextGrid,2,0.110,71,74,69,66,73,75,75,75,74,72,72.554
file119.TextGrid,3,0.300,72,68,69,70,69,58,51,52,49,48,60.480
file12.TextGrid,1,0.210,-7,48,66,68,66,50,27,-3,39,53,43.128
file12.TextGrid,2,0.480,53,61,60,65,82,70,10,-43,-9,-10,20.977
file12.TextGrid,3,0.430,-10,57,76,74,69,61,60,58,51,36,59.608
file120.TextGrid,1,0.310,14,69,79,78,70,70,69,70,69,54,68.662
file120.TextGrid,2,0.200,54,31,4,30,61,79,82,82,81,73,56.398
file120.TextGrid,3,0.290,73,49,48,49,76,81,80,77,69,46,65.480
file121.TextGrid,1,0.310,0.3,56,74,78,62,53,47,68,49,42,57.841
file121.TextGrid,2,0.170,42,46,71,82,84,84,84,84,84,83,75.601
file121.TextGrid,3,0.280,83,78,80,80,82,80,73,65,65,63,75.322
file122.TextGrid,1,0.150,28,32,52,60,63,63,64,78,82,80,60.949
file122.TextGrid,2,0.280,80,76,78,80,79,73,78,79,76,75,77.779
file122.TextGrid,3,0.120,75,72,67,62,58,58,56,54,50,44,59.598
file123.TextGrid,1,0.090,55,66,74,77,78,79,79,79,78,75,75.068
file123.TextGrid,2,0.350,75,70,77,80,80,78,76,75,74,68,75.809
file123.TextGrid,3,0.420,68,78,78,76,67,59,50,42,40,31,60.359
file124.TextGrid,1,0.280,36,71,78,75,74,66,65,66,66,62,68.042
file124.TextGrid,2,0.100,62,60,59,57,60,66,70,71,70,68,64.145
file124.TextGrid,3,0.580,68,68,68,65,65,70,69,54,54,45,62.899
file125.TextGrid,1,0.360,13,70,75,74,74,74,73,74,73,59,70.497
file125.TextGrid,2,0.140,59,62,71,80,82,82,84,84,83,79,77.546
file125.TextGrid,3,0.370,79,78,84,83,79,75,71,64,63,61,73.693
file126.TextGrid,1,0.220,-0.8,47,70,75,72,61,54,47,44,51,55.539
file126.TextGrid,2,0.500,51,60,63,61,81,84,79,73,71,67,69.934
file126.TextGrid,3,0.460,67,77,76,73,71,62,54,47,41,32,61.045
file127.TextGrid,1,0.150,38,58,76,80,80,76,76,76,75,74,72.563
file127.TextGrid,2,0.250,74,73,72,75,71,63,56,50,47,49,62.911
file127.TextGrid,3,0.300,49,69,70,72,70,71,66,60,57,44,65.045
file128.TextGrid,1,0.210,29,50,69,77,72,72,75,75,75,75,68.344
file128.TextGrid,2,0.200,75,76,78,78,78,78,78,78,76,68,76.764
file128.TextGrid,3,0.320,68,79,78,78,75,64,62,53,48,46,66.039
file129.TextGrid,1,0.210,7,60,73,78,79,66,44,12,20,51,51.494
file129.TextGrid,2,0.360,51,59,61,60,62,81,82,82,78,74,69.812
file129.TextGrid,3,0.410,74,71,71,74,76,77,75,74,69,49,71.711
file13.TextGrid,1,0.150,4,31,55,66,72,75,77,79,78,72,63.546
file13.TextGrid,2,0.330,72,64,63,59,69,76,79,79,79,74,71.005
file13.TextGrid,3,0.330,74,59,48,51,73,73,71,62,40,20,57.994
file130.TextGrid,1,0.160,18,26,40,47,57,66,67,65,65,61,52.725
file130.TextGrid,2,0.290,61,48,74,80,75,74,71,62,57,59,66.536
file130.TextGrid,3,0.420,59,77,81,82,81,77,74,57,54,51,71.032
file131.TextGrid,1,0.090,38,54,60,65,74,78,76,73,73,74,67.740
file131.TextGrid,2,0.230,74,78,84,81,67,66,60,57,53,50,67.445
file131.TextGrid,3,0.350,50,74,81,81,74,67,60,55,47,39,64.854
file132.TextGrid,1,0.230,8,62,74,78,67,56,47,41,29,59,54.706
file132.TextGrid,2,0.420,59,54,53,71,82,83,79,79,73,72,70.464
file132.TextGrid,3,0.440,72,78,75,73,70,62,57,59,56,52,65.563
file133.TextGrid,1,0.190,17,25,36,41,43,66,80,83,82,78,55.989
file133.TextGrid,2,0.290,78,75,83,82,80,61,54,53,50,27,65.929
file133.TextGrid,3,0.540,27,33,71,77,76,70,64,59,49,33,57.292
file134.TextGrid,1,0.310,18,32,45,53,76,78,77,71,66,61,60.029
file134.TextGrid,2,0.170,61,55,50,47,63,72,72,72,72,70,63.344
file134.TextGrid,3,0.270,70,64,61,64,62,58,52,44,35,12,53.303
file135.TextGrid,1,0.120,14,35,55,66,71,73,74,73,72,69,62.562
file135.TextGrid,2,0.180,69,62,61,61,71,76,75,75,74,68,69.230
file135.TextGrid,3,0.550,68,57,63,76,77,76,76,71,54,43,67.536
file136.TextGrid,1,0.270,-5,58,72,70,63,62,62,53,42,36,56.433
file136.TextGrid,2,0.140,36,37,52,69,79,81,80,78,75,67,67.156
file136.TextGrid,3,0.680,67,55,75,83,84,81,77,62,45,43,67.198
file137.TextGrid,1,0.130,33,52,65,72,73,72,71,71,71,70,66.826
file137.TextGrid,2,0.300,70,65,64,68,70,70,70,70,68,67,67.982
file137.TextGrid,3,0.220,67,65,61,63,64,63,61,57,52,45,60.294
file138.TextGrid,1,0.180,33,50,57,60,62,67,72,72,74,73,63.166
file138.TextGrid,2,0.290,73,72,72,73,74,74,74,73,73,73,73.195
file138.TextGrid,3,0.240,73,70,59,70,69,69,66,63,61,53,65.645
file139.TextGrid,1,0.170,38,49,60,68,74,77,78,78,74,67,68.104
file139.TextGrid,2,0.260,67,76,79,75,67,61,73,70,69,66,70.614
file139.TextGrid,3,0.140,66,60,67,65,61,59,58,58,57,51,60.347
file14.TextGrid,1,0.150,17,58,69,69,75,78,80,81,79,73,70.955
file14.TextGrid,2,0.190,73,70,69,69,77,79,80,78,77,75,74.613
file14.TextGrid,3,0.210,75,71,65,72,72,70,69,67,62,48,67.690
file140.TextGrid,1,0.410,43,73,74,77,73,72,71,77,78,71,72.878
file140.TextGrid,2,0.090,71,66,65,65,65,62,61,61,60,59,63.301
file140.TextGrid,3,0.410,59,74,78,78,69,58,55,47,37,33,59.933
file141.TextGrid,1,0.200,34,55,69,80,78,71,72,73,78,77,70.099
file141.TextGrid,2,0.140,77,80,83,84,83,82,78,78,78,76,80.445
file141.TextGrid,3,0.410,76,69,79,74,70,64,60,48,41,36,62.157
file142.TextGrid,1,0.210,-0.5,56,67,72,66,50,24,0.4,30,52,43.938
file142.TextGrid,2,0.440,52,60,59,70,82,80,76,74,70,71,70.415
file142.TextGrid,3,0.150,71,73,76,77,77,75,72,66,54,35,69.357
file143.TextGrid,1,0.150,38,56,68,72,76,75,69,62,64,63,65.883
file143.TextGrid,2,0.310,63,58,57,58,70,77,76,75,75,70,67.822
file143.TextGrid,3,0.220,70,70,67,69,67,64,58,54,52,52,62.523
file144.TextGrid,1,0.250,5,40,66,78,79,76,75,75,74,71,66.581
file144.TextGrid,2,0.310,71,62,60,61,62,62,59,77,83,76,66.549
file144.TextGrid,3,0.300,76,47,9,59,62,80,79,78,72,51,61.651
file145.TextGrid,1,0.060,34,35,35,36,38,44,54,60,63,63,45.952
file145.TextGrid,2,0.190,63,59,61,63,63,77,83,80,73,74,69.598
file145.TextGrid,3,0.320,74,73,74,71,69,71,75,71,64,60,70.084
file146.TextGrid,1,0.130,28,46,59,59,57,73,81,82,79,78,65.369
file146.TextGrid,2,0.110,78,78,75,75,77,77,77,77,77,78,76.798
file146.TextGrid,3,0.390,78,79,81,79,77,66,62,60,55,46,69.132
file147.TextGrid,1,0.130,73,75,75,76,80,83,86,86,86,85,80.687
file147.TextGrid,2,0.180,85,84,84,85,86,86,85,84,83,79,84.316
file147.TextGrid,3,0.700,79,80,81,82,76,64,59,48,42,30,64.800
file148.TextGrid,1,0.110,40,47,67,75,78,79,80,81,81,80,72.145
file148.TextGrid,2,0.160,80,80,81,82,81,81,82,82,81,75,80.950
file148.TextGrid,3,0.590,75,63,84,84,73,62,61,49,40,39,63.596
file149.TextGrid,1,0.100,25,39,57,67,71,72,73,73,72,69,63.554
file149.TextGrid,2,0.230,69,65,68,63,74,80,78,76,77,73,72.193
file149.TextGrid,3,0.510,73,69,70,77,69,72,62,52,48,40,63.934
file15.TextGrid,1,0.230,-6,59,73,79,70,60,57,52,47,61,59.299
file15.TextGrid,2,0.390,61,65,65,82,85,77,68,61,65,63,70.728
file15.TextGrid,3,0.400,63,78,80,78,77,69,67,62,47,16,66.385
file150.TextGrid,1,0.220,16,40,46,65,68,56,53,53,49,30,50.588
file150.TextGrid,2,0.200,30,-7,-4,40,66,78,81,82,81,72,51.553
file150.TextGrid,3,0.370,72,82,82,82,82,82,80,77,67,49,77.029
file151.TextGrid,1,0.170,7,32,56,62,68,72,77,80,78,75,63.044
file151.TextGrid,2,0.300,75,65,66,75,83,81,78,77,75,69,74.554
file151.TextGrid,3,0.320,69,55,49,66,69,66,57,51,25,8,53.109
file152.TextGrid,1,0.390,21,71,78,71,71,71,72,69,54,45,66.919
file152.TextGrid,2,0.140,45,50,65,79,84,85,84,83,82,78,74.899
file152.TextGrid,3,0.260,78,75,75,80,81,78,76,71,61,55,73.762
file153.TextGrid,1,0.270,-20,57,73,79,73,59,54,49,44,63,56.915
file153.TextGrid,2,0.400,63,73,72,83,83,76,67,62,58,54,70.602
file153.TextGrid,3,0.370,54,52,76,79,76,72,57,49,39,23,60.084
file154.TextGrid,1,0.180,36,62,74,75,75,74,71,63,66,73,68.280
file154.TextGrid,2,0.320,73,73,71,66,59,80,79,78,76,74,73.129
file154.TextGrid,3,0.280,74,74,73,72,71,71,66,60,57,56,67.538
file155.TextGrid,1,0.260,23,52,65,67,70,79,77,72,64,58,64.833
file155.TextGrid,2,0.090,58,57,60,60,68,75,76,74,71,68,67.312
file155.TextGrid,3,0.490,68,67,62,74,73,65,52,47,34,31,58.602
file156.TextGrid,1,0.340,39,71,74,59,54,53,55,56,19,7,52.416
file156.TextGrid,2,0.140,7,44,61,74,82,83,82,80,75,67,68.712
file156.TextGrid,3,0.380,67,63,67,67,77,78,75,72,48,27,65.792
file157.TextGrid,1,0.230,17,54,72,76,69,60,51,49,59,54,58.058
file157.TextGrid,2,0.350,54,43,74,80,76,69,68,65,58,60,65.926
file157.TextGrid,3,0.410,60,79,76,76,70,63,60,53,37,13,61.419
file158.TextGrid,1,0.170,23,42,57,60,70,73,73,74,73,65,62.879
file158.TextGrid,2,0.180,65,65,67,65,74,82,82,78,71,70,72.203
file158.TextGrid,3,0.460,70,78,76,76,71,71,66,52,43,34,64.651
file159.TextGrid,1,0.090,31,38,50,58,67,74,77,77,77,75,63.481
file159.TextGrid,2,0.100,75,75,76,78,78,78,78,77,73,68,76.118
file159.TextGrid,3,0.610,68,54,78,77,73,72,68,52,42,37,62.435
file16.TextGrid,1,0.270,28,61,71,75,76,69,71,71,70,69,68.037
file16.TextGrid,2,0.210,69,69,68,67,68,70,70,68,67,66,68.208
file16.TextGrid,3,0.270,66,69,68,65,64,63,59,49,25,10,55.728
file160.TextGrid,1,0.250,33,63,76,80,81,78,73,69,69,69,71.293
file160.TextGrid,2,0.050,69,70,71,71,71,71,71,69,67,66,69.824
file160.TextGrid,3,0.290,66,73,74,69,62,58,54,52,50,45,60.665
file161.TextGrid,1,0.140,12,36,61,74,77,77,77,76,74,65,66.053
file161.TextGrid,2,0.310,65,46,59,76,77,77,79,78,66,51,68.283
file161.TextGrid,3,0.580,51,74,76,73,71,73,66,54,29,27,61.352
file162.TextGrid,1,0.170,29,62,69,72,68,57,48,31,6,-24,46.418
file162.TextGrid,2,0.320,-24,49,30,-9,-312,45,79,80,81,69,24.065
file162.TextGrid,3,0.320,69,55,56,59,74,75,74,68,34,25,60.066
file163.TextGrid,1,0.060,62,63,64,68,71,72,72,71,70,68,68.371
file163.TextGrid,2,0.230,68,74,80,80,78,75,75,75,73,75,75.548
file163.TextGrid,3,0.180,75,78,79,79,79,78,79,79,77,72,78.123
file164.TextGrid,1,0.200,-5,47,68,75,77,69,47,24,32,51,51.073
file164.TextGrid,2,0.310,51,58,58,63,74,82,82,77,66,60,68.583
file164.TextGrid,3,0.480,60,56,55,63,74,73,70,59,52,37,61.595
file165.TextGrid,1,0.290,25,64,69,69,68,67,67,68,65,48,64.709
file165.TextGrid,2,0.150,48,23,8,40,66,78,81,80,79,74,57.296
file165.TextGrid,3,0.380,74,62,59,59,71,78,77,72,63,45,66.359
file166.TextGrid,1,0.160,23,34,52,71,81,76,67,65,65,64,61.688
file166.TextGrid,2,0.170,64,61,52,47,44,52,65,73,82,82,60.960
file166.TextGrid,3,0.380,82,80,82,83,84,85,84,69,65,61,78.100
file167.TextGrid,1,0.110,16,31,54,62,61,70,77,78,77,72,61.431
file167.TextGrid,2,0.200,72,70,72,72,71,70,69,69,69,69,70.133
file167.TextGrid,3,0.430,69,66,73,74,69,57,49,47,44,31,58.467
file168.TextGrid,1,0.290,14,56,57,58,62,75,73,68,68,70,62.681
file168.TextGrid,2,0.350,70,74,73,76,80,82,81,81,79,69,77.535
file168.TextGrid,3,0.260,69,51,41,53,64,61,57,44,26,12,48.161
file169.TextGrid,1,0.300,32,65,66,74,77,76,79,79,78,64,71.518
file169.TextGrid,2,0.280,64,53,71,76,75,75,74,73,74,73,71.039
file169.TextGrid,3,0.170,73,66,72,72,71,71,67,64,60,53,67.410
file17.TextGrid,1,0.150,39,51,70,78,80,82,83,82,82,81,74.277
file17.TextGrid,2,0.160,81,81,82,81,81,81,82,82,82,80,81.395
file17.TextGrid,3,0.460,80,81,82,79,78,64,56,55,49,41,67.193
file170.TextGrid,1,0.150,31,51,67,72,74,75,72,64,56,40,63.270
file170.TextGrid,2,0.550,40,4,70,65,82,82,64,52,60,58,57.628
file170.TextGrid,3,0.230,58,59,73,75,75,73,71,65,52,39,66.094
file171.TextGrid,1,0.240,-24,43,62,73,72,61,50,49,45,62,53.657
file171.TextGrid,2,0.420,62,74,74,82,76,59,52,43,34,13,59.223
file171.TextGrid,3,0.330,13,62,77,80,78,75,61,58,52,46,64.875
file172.TextGrid,1,0.190,43,64,67,74,77,78,81,83,83,82,74.579
file172.TextGrid,2,0.160,82,81,78,74,78,78,78,78,76,68,77.412
file172.TextGrid,3,0.290,68,59,54,66,64,61,54,42,26,7,51.163
file173.TextGrid,1,0.220,19,51,71,75,72,56,35,9,32,55,48.983
file173.TextGrid,2,0.300,55,61,63,62,61,63,70,76,81,79,67.027
file173.TextGrid,3,0.600,79,76,73,69,74,71,67,63,61,43,68.281
file174.TextGrid,1,0.110,43,45,48,51,56,62,73,77,76,70,60.490
file174.TextGrid,2,0.170,70,67,67,63,70,76,77,77,77,72,71.541
file174.TextGrid,3,0.450,72,69,63,79,79,73,62,52,44,39,64.035
file175.TextGrid,1,0.250,21,62,69,70,53,28,-6,-7,46,58,39.337
file175.TextGrid,2,0.390,58,75,71,77,80,80,80,79,74,65,75.559
file175.TextGrid,3,0.400,65,53,50,69,70,70,68,60,50,32,59.585
file176.TextGrid,1,0.290,17,75,84,84,81,83,82,82,82,75,78.435
file176.TextGrid,2,0.520,75,81,77,83,81,80,82,82,80,73,80.093
file176.TextGrid,3,0.230,73,67,70,71,65,63,61,51,34,18,58.369
file177.TextGrid,1,0.260,29,64,75,78,81,72,72,73,71,59,70.108
file177.TextGrid,2,0.150,59,56,57,57,67,77,78,77,76,73,67.747
file177.TextGrid,3,0.120,73,74,75,75,75,75,74,72,68,61,72.869
file178.TextGrid,1,0.210,51,65,69,65,65,64,60,50,44,38,58.441
file178.TextGrid,2,0.110,38,39,50,64,75,80,81,80,78,73,66.882
file178.TextGrid,3,0.570,73,71,68,83,83,81,79,70,57,46,72.964
file179.TextGrid,1,0.160,46,56,65,67,70,71,71,72,73,74,67.374
file179.TextGrid,2,0.150,74,75,74,75,74,74,74,74,74,65,73.827
file179.TextGrid,3,0.190,65,55,57,55,48,60,70,62,53,47,57.239
file18.TextGrid,1,0.140,35,56,70,76,77,74,72,70,71,71,68.896
file18.TextGrid,2,0.200,71,74,73,72,69,71,68,69,72,75,71.309
file18.TextGrid,3,0.320,75,76,73,70,67,56,53,50,45,45,61.297
file180.TextGrid,1,0.340,12,62,75,74,74,70,67,61,47,17,60.630
file180.TextGrid,2,0.150,17,14,37,61,71,75,77,80,81,80,60.330
file180.TextGrid,3,0.320,80,74,63,59,65,77,75,72,63,42,67.574
file181.TextGrid,1,0.240,20,38,60,71,72,71,71,70,69,64,62.933
file181.TextGrid,2,0.190,64,60,51,47,58,66,72,75,78,75,63.889
file181.TextGrid,3,0.380,75,43,24,69,75,76,72,63,60,46,60.811
file182.TextGrid,1,0.190,29,42,57,65,68,72,70,64,63,61,60.558
file182.TextGrid,2,0.270,61,62,59,72,79,78,76,72,71,73,70.559
file182.TextGrid,3,0.380,73,75,75,75,63,54,49,45,44,33,59.433
file183.TextGrid,1,0.320,-7,44,69,75,65,53,47,43,31,2,48.378
file183.TextGrid,2,0.160,2,32,59,76,80,81,80,76,72,68,65.430
file183.TextGrid,3,0.330,68,58,62,75,74,72,61,53,49,39,61.920
file184.TextGrid,1,0.180,-3,35,60,69,70,64,56,50,56,73,55.154
file184.TextGrid,2,0.350,73,79,78,79,84,83,82,80,81,77,80.425
file184.TextGrid,3,0.360,77,77,78,76,72,70,60,54,46,30,65.493
file185.TextGrid,1,0.190,25,59,73,75,79,81,81,81,80,78,73.701
file185.TextGrid,2,0.110,78,75,74,73,73,75,75,75,73,68,73.979
file185.TextGrid,3,0.530,68,60,70,78,76,62,59,53,44,37,61.443
file186.TextGrid,1,0.090,28,30,30,42,61,71,76,77,74,68,56.450
file186.TextGrid,2,0.280,68,65,65,63,53,65,69,70,71,64,65.260
file186.TextGrid,3,0.330,64,65,71,69,68,68,67,64,49,36,63.183
file187.TextGrid,1,0.110,29,35,53,66,67,60,54,49,48,49,52.193
file187.TextGrid,2,0.250,49,69,78,79,73,61,58,53,52,61,63.951
file187.TextGrid,3,0.450,61,77,80,75,64,57,49,45,36,28,58.559
file188.TextGrid,1,0.200,26,34,51,57,56,49,57,74,79,77,56.404
file188.TextGrid,2,0.330,77,68,69,83,81,74,62,56,56,67,68.959
file188.TextGrid,3,0.280,67,73,73,69,65,56,51,47,37,35,58.120
file189.TextGrid,1,0.400,19,69,81,81,80,78,66,54,47,23,65.022
file189.TextGrid,2,0.170,23,33,56,74,80,81,79,80,77,75,67.392
file189.TextGrid,3,0.530,75,65,70,79,77,71,65,61,49,21,65.222
file19.TextGrid,1,0.330,15,64,80,79,79,80,78,63,55,48,68.828
file19.TextGrid,2,0.150,48,50,66,79,82,83,83,82,81,77,74.296
file19.TextGrid,3,0.400,77,75,80,79,80,64,59,57,45,29,65.621
file190.TextGrid,1,0.230,52,70,71,65,59,56,50,44,34,21,54.298
file190.TextGrid,2,0.090,21,13,8,27,44,60,71,78,80,81,48.066
file190.TextGrid,3,0.390,81,77,71,69,72,83,83,79,62,55,74.108
file191.TextGrid,1,0.120,33,50,61,68,81,84,83,81,80,78,71.374
file191.TextGrid,2,0.210,78,67,64,67,81,79,74,71,72,73,72.382
file191.TextGrid,3,0.720,73,84,84,82,79,64,59,53,42,27,66.869
file192.TextGrid,1,0.110,24,41,59,69,71,72,70,68,63,61,61.789
file192.TextGrid,2,0.290,61,59,62,72,68,55,51,45,38,32,55.147
file192.TextGrid,3,0.240,32,55,69,67,63,55,49,43,35,32,52.095
file193.TextGrid,1,0.100,62,69,73,74,75,75,75,74,72,69,72.609
file193.TextGrid,2,0.320,69,67,68,75,76,75,74,73,72,67,72.040
file193.TextGrid,3,0.280,67,61,62,58,68,67,64,61,59,49,62.111
file194.TextGrid,1,0.240,36,69,79,70,59,57,59,58,58,65,61.973
file194.TextGrid,2,0.060,65,71,75,77,78,77,74,71,67,65,72.755
file194.TextGrid,3,0.760,65,69,82,82,80,60,60,49,44,38,63.467
file195.TextGrid,1,0.220,21,32,69,76,74,66,66,63,62,68,61.629
file195.TextGrid,2,0.210,68,67,69,76,78,78,78,78,77,73,74.730
file195.TextGrid,3,0.420,73,73,74,75,74,67,59,51,50,40,64.403
file196.TextGrid,1,0.280,20,55,67,71,67,76,76,74,69,71,66.649
file196.TextGrid,2,0.320,71,77,80,77,73,70,68,71,69,71,72.945
file196.TextGrid,3,0.270,71,72,69,68,68,66,62,56,46,25,61.908
file197.TextGrid,1,0.290,31,59,67,69,62,66,68,66,62,44,62.004
file197.TextGrid,2,0.250,44,40,59,72,73,66,55,56,62,61,59.255
file197.TextGrid,3,0.330,61,68,72,70,66,65,64,63,56,41,64.118
file198.TextGrid,1,0.230,13,32,60,71,80,79,79,77,74,72,65.945
file198.TextGrid,2,0.200,72,66,75,76,75,72,72,70,68,66,71.466
file198.TextGrid,3,0.170,66,65,62,57,52,50,47,46,44,42,53.019
file199.TextGrid,1,0.100,35,51,63,71,75,78,80,80,79,77,70.289
file199.TextGrid,2,0.230,77,77,78,80,78,78,76,75,74,74,76.628
file199.TextGrid,3,0.440,74,75,78,77,78,72,59,48,46,42,65.799
file2.TextGrid,1,0.220,58,73,75,76,76,77,77,76,75,69,74.423
file2.TextGrid,2,0.290,69,70,81,83,81,77,74,74,73,63,75.416
file2.TextGrid,3,0.410,63,41,15,45,72,57,71,71,68,43,54.430
file20.TextGrid,1,0.200,29,55,71,78,77,75,75,68,63,56,67.322
file20.TextGrid,2,0.170,56,55,62,71,80,73,65,63,64,59,65.430
file20.TextGrid,3,0.670,59,69,82,80,80,77,74,58,50,32,68.610
file200.TextGrid,1,0.200,32,55,63,73,80,78,77,73,68,72,68.431
file200.TextGrid,2,0.170,72,75,76,79,78,77,75,67,68,69,74.117
file200.TextGrid,3,0.390,69,77,79,78,74,64,56,48,45,40,63.832
file201.TextGrid,1,0.280,4,35,63,72,74,70,70,69,69,66,62.843
file201.TextGrid,2,0.280,66,51,48,46,50,58,81,83,81,70,63.124
file201.TextGrid,3,0.250,70,29,4,61,79,79,77,74,58,54,58.782
file202.TextGrid,1,0.290,27,60,70,69,59,52,53,53,46,15,54.157
file202.TextGrid,2,0.350,15,11,68,77,78,76,54,39,44,56,51.936
file202.TextGrid,3,0.310,56,67,69,71,73,73,73,72,66,53,68.804
file203.TextGrid,1,0.210,21,48,71,77,71,69,65,59,57,64,61.997
file203.TextGrid,2,0.150,64,67,78,85,84,84,83,81,80,75,79.093
file203.TextGrid,3,0.660,75,77,78,78,78,77,58,52,51,33,67.281
file204.TextGrid,1,0.090,55,58,58,60,60,62,70,76,78,78,65.411
file204.TextGrid,2,0.240,78,72,68,77,81,79,76,75,74,73,75.151
file204.TextGrid,3,0.360,73,75,75,75,68,56,48,44,47,46,60.546
file205.TextGrid,1,0.180,34,60,76,80,82,83,81,76,76,74,74.177
file205.TextGrid,2,0.130,74,77,83,85,86,85,84,82,81,81,82.182
file205.TextGrid,3,0.480,81,81,82,82,80,73,64,58,50,37,69.845
file206.TextGrid,1,0.200,31,56,70,80,76,75,78,76,79,82,71.880
file206.TextGrid,2,0.220,82,83,82,81,81,76,78,78,76,73,79.197
file206.TextGrid,3,0.210,73,74,71,70,67,59,51,45,38,33,58.891
file207.TextGrid,1,0.110,34,49,61,69,74,77,78,78,78,77,68.813
file207.TextGrid,2,0.240,77,76,77,78,76,76,75,75,74,73,75.520
file207.TextGrid,3,0.410,73,74,75,75,76,73,58,53,52,44,65.967
file208.TextGrid,1,0.220,-12,48,70,74,68,58,52,48,51,60,55.508
file208.TextGrid,2,0.380,60,50,70,80,82,84,82,83,71,64,73.980
file208.TextGrid,3,0.410,64,75,75,76,73,69,63,56,46,19,63.705
file209.TextGrid,1,0.320,31,65,72,70,71,70,70,71,71,71,67.771
file209.TextGrid,2,0.100,71,71,73,77,80,82,83,82,79,71,77.788
file209.TextGrid,3,0.370,71,39,34,65,81,81,80,59,57,52,61.781
file21.TextGrid,1,0.180,27,51,60,69,77,77,75,73,71,77,67.369
file21.TextGrid,2,0.090,77,78,77,77,78,79,78,78,78,78,77.850
file21.TextGrid,3,0.370,78,74,76,77,78,78,67,60,58,54,70.461
file210.TextGrid,1,0.200,29,48,65,67,63,77,76,76,74,66,65.983
file210.TextGrid,2,0.330,66,69,72,65,82,80,78,71,73,78,73.660
file210.TextGrid,3,0.370,78,79,76,72,62,54,43,39,34,35,57.165
file211.TextGrid,1,0.100,29,31,34,36,34,32,32,45,55,63,38.345
file211.TextGrid,2,0.250,63,70,71,84,79,68,61,58,55,48,67.021
file211.TextGrid,3,0.320,48,67,78,74,61,55,52,50,41,32,57.732
file212.TextGrid,1,0.240,27,43,57,61,58,75,80,74,70,69,62.771
file212.TextGrid,2,0.220,69,72,74,75,76,75,75,76,76,77,74.534
file212.TextGrid,3,0.470,77,74,78,77,74,61,52,47,44,35,62.737
file213.TextGrid,1,0.150,37,58,63,66,69,70,71,73,74,71,66.445
file213.TextGrid,2,0.160,71,64,65,66,62,60,72,75,74,68,67.644
file213.TextGrid,3,0.430,68,67,74,74,72,58,54,53,46,39,60.717
file214.TextGrid,1,0.180,25,53,70,74,73,72,77,78,78,79,69.812
file214.TextGrid,2,0.210,79,73,76,78,78,78,78,78,78,78,77.127
file214.TextGrid,3,0.360,78,72,77,78,77,65,58,53,51,46,65.668
file215.TextGrid,1,0.200,44,53,56,56,55,62,71,73,76,72,62.258
file215.TextGrid,2,0.150,72,70,70,77,79,78,75,66,67,67,72.188
file215.TextGrid,3,0.190,67,63,65,65,65,62,56,50,47,42,58.629
file216.TextGrid,1,0.240,12,60,77,81,76,61,45,32,25,55,54.859
file216.TextGrid,2,0.610,55,64,61,66,82,78,71,73,70,69,70.095
file216.TextGrid,3,0.290,69,71,73,72,70,65,61,58,53,36,64.140
file217.TextGrid,1,0.080,38,50,59,68,76,79,79,79,77,74,69.191
file217.TextGrid,2,0.140,74,73,73,72,74,74,75,76,76,76,74.212
file217.TextGrid,3,0.440,76,78,79,80,77,76,70,62,52,41,70.850
file218.TextGrid,1,0.140,17,18,27,42,50,53,68,76,76,71,50.310
file218.TextGrid,2,0.370,71,65,78,74,74,78,78,78,77,71,75.012
file218.TextGrid,3,0.280,71,64,58,55,54,55,48,42,40,32,52.243
file219.TextGrid,1,0.310,29,69,77,80,70,61,60,57,50,21,61.609
file219.TextGrid,2,0.190,21,2,-5,39,58,77,80,78,78,74,50.424
file219.TextGrid,3,0.580,74,71,81,80,72,59,56,52,54,57,65.498
file22.TextGrid,1,0.280,9,55,72,77,71,63,59,55,54,57,60.158
file22.TextGrid,2,0.390,57,67,66,69,77,79,80,79,80,71,73.595
file22.TextGrid,3,0.490,71,62,67,74,71,62,63,59,51,28,61.875
file220.TextGrid,1,0.180,39,61,72,74,76,79,85,86,85,79,75.314
file220.TextGrid,2,0.150,79,75,74,77,85,85,85,85,85,84,81.487
file220.TextGrid,3,0.520,84,84,82,76,63,60,56,45,41,34,63.150
file221.TextGrid,1,0.360,-12,64,75,69,59,56,52,54,36,10,52.102
file221.TextGrid,2,0.150,10,20,50,68,77,80,81,80,80,81,64.519
file221.TextGrid,3,0.410,81,77,81,79,77,72,60,56,53,39,68.339
file222.TextGrid,1,0.430,15,57,67,66,81,82,72,69,73,74,68.719
file222.TextGrid,2,0.340,74,74,77,79,80,81,81,80,77,72,77.947
file222.TextGrid,3,0.440,72,69,68,67,64,53,59,58,50,43,60.989
file223.TextGrid,1,0.170,13,44,54,58,60,64,72,74,72,66,60.104
file223.TextGrid,2,0.430,66,52,53,58,75,78,73,70,69,73,65.983
file223.TextGrid,3,0.220,73,72,59,68,71,71,68,65,58,46,66.151
file224.TextGrid,1,0.160,26,41,56,69,69,69,66,63,58,50,58.927
file224.TextGrid,2,0.230,50,41,53,64,82,82,80,74,62,63,65.909
file224.TextGrid,3,0.660,63,84,83,81,77,74,53,51,42,34,66.517
file225.TextGrid,1,0.220,7,58,74,75,69,56,49,45,51,65,57.422
file225.TextGrid,2,0.460,65,72,68,78,83,71,66,65,68,62,70.624
file225.TextGrid,3,0.280,62,74,77,75,73,72,67,61,52,42,67.105
file226.TextGrid,1,0.240,25,64,74,79,76,65,60,54,48,59,62.732
file226.TextGrid,2,0.570,59,64,63,78,84,76,76,73,70,68,71.728
file226.TextGrid,3,0.450,68,75,74,75,69,70,66,59,44,9,63.022
file227.TextGrid,1,0.040,45,53,60,66,70,73,76,77,78,79,68.293
file227.TextGrid,2,0.300,79,81,79,66,66,65,62,58,58,60,67.209
file227.TextGrid,3,0.290,60,67,71,71,66,55,55,53,43,28,59.028
file228.TextGrid,1,0.210,34,52,73,80,81,80,80,83,84,80,74.549
file228.TextGrid,2,0.690,80,76,85,86,72,64,55,42,35,34,62.663
file228.TextGrid,3,0.080,34,32,32,35,36,36,35,34,34,33,34.335
file229.TextGrid,1,0.120,38,56,68,72,74,75,75,76,77,74,69.703
file229.TextGrid,2,0.470,74,65,77,76,72,72,73,73,70,57,71.517
file229.TextGrid,3,0.180,57,59,55,53,54,52,47,48,42,37,50.844
file23.TextGrid,1,0.170,31,40,52,58,58,58,64,78,81,79,60.530
file23.TextGrid,2,0.090,79,78,78,77,78,79,79,77,76,75,77.615
file23.TextGrid,3,0.440,75,67,76,79,77,59,50,48,41,34,60.982
file230.TextGrid,1,0.180,31,58,67,70,72,72,73,73,71,67,67.442
file230.TextGrid,2,0.280,67,64,65,72,75,76,75,75,77,78,72.427
file230.TextGrid,3,0.350,78,73,69,66,68,71,69,65,48,26,64.985
file231.TextGrid,1,0.130,52,70,78,79,78,77,72,77,80,80,75.347
file231.TextGrid,2,0.180,80,80,78,72,70,69,68,69,69,68,72.316
file231.TextGrid,3,0.420,68,79,80,77,69,62,56,51,40,32,62.051
file232.TextGrid,1,0.140,70,74,74,73,69,66,66,68,67,62,69.181
file232.TextGrid,2,0.140,62,56,59,61,60,59,62,68,72,69,62.398
file232.TextGrid,3,0.390,69,54,41,74,76,74,74,70,64,43,64.685
file233.TextGrid,1,0.210,15,58,70,75,72,54,33,7,19,48,46.353
file233.TextGrid,2,0.310,48,57,65,62,66,82,82,77,60,53,66.815
file233.TextGrid,3,0.630,53,55,51,66,69,64,50,48,43,34,53.496
file234.TextGrid,1,0.250,11,65,77,79,68,56,54,50,46,60,59.067
file234.TextGrid,2,0.470,60,73,72,79,83,72,60,50,40,17,62.719
file234.TextGrid,3,0.300,17,59,74,75,73,66,53,48,38,23,56.552
file235.TextGrid,1,0.210,11,55,69,73,75,68,50,30,5,-17,47.780
file235.TextGrid,2,0.410,-17,48,28,64,73,79,80,80,79,77,63.743
file235.TextGrid,3,0.330,77,66,72,72,71,69,61,55,43,36,63.176
file236.TextGrid,1,0.160,48,53,66,71,67,61,57,54,58,65,60.408
file236.TextGrid,2,0.240,65,71,69,76,79,79,79,77,75,69,74.798
file236.TextGrid,3,0.230,69,68,71,67,57,58,54,49,56,51,59.776
file237.TextGrid,1,0.130,27,40,61,70,74,78,79,79,79,73,67.998
file237.TextGrid,2,0.250,73,69,68,68,73,81,81,80,79,76,74.615
file237.TextGrid,3,0.470,76,78,77,78,67,56,49,40,37,26,59.534
file238.TextGrid,1,0.170,11,45,56,62,68,59,73,79,78,68,62.720
file238.TextGrid,2,0.230,68,62,62,67,65,66,66,65,67,67,65.364
file238.TextGrid,3,0.230,67,68,72,68,57,55,47,41,31,25,53.972
file239.TextGrid,1,0.250,-14,41,71,76,69,57,50,45,40,26,50.926
file239.TextGrid,2,0.140,26,46,58,55,46,40,30,17,7,0.04,34.744
file239.TextGrid,3,0.740,0.04,82,69,64,61,66,77,65,62,39,65.414
file24.TextGrid,1,0.370,5,54,72,79,81,81,78,65,56,43,66.620
file24.TextGrid,2,0.200,43,33,41,71,81,84,84,82,83,79,68.727
file24.TextGrid,3,0.530,79,68,75,75,74,67,63,55,32,16,61.721
file240.TextGrid,1,0.170,40,53,63,73,75,75,73,71,71,71,67.924
file240.TextGrid,2,0.130,71,71,72,73,73,73,73,72,73,74,72.497
file240.TextGrid,3,0.430,74,73,72,74,74,74,73,69,58,51,69.957
file241.TextGrid,1,0.350,15,67,72,61,55,54,50,44,32,19,51.456
file241.TextGrid,2,0.260,19,52,80,83,82,82,80,78,79,74,73.907
file241.TextGrid,3,0.510,74,63,62,73,73,69,64,59,49,12,62.060
file242.TextGrid,1,0.150,31,34,56,67,72,74,75,73,65,64,62.619
file242.TextGrid,2,0.150,64,61,63,66,64,61,75,79,81,80,69.025
file242.TextGrid,3,0.350,80,79,79,78,73,65,59,53,41,33,64.504
file243.TextGrid,1,0.370,24,74,83,81,82,81,79,64,58,53,72.317
file243.TextGrid,2,0.150,53,51,64,80,83,85,84,84,84,84,75.943
file243.TextGrid,3,0.420,84,81,81,80,75,65,60,56,35,17,65.620
file244.TextGrid,1,0.150,56,66,71,74,77,81,82,82,82,82,76.132
file244.TextGrid,2,0.190,82,82,79,77,81,81,79,76,77,75,78.890
file244.TextGrid,3,0.250,75,70,60,72,71,71,66,57,49,40,63.695
file245.TextGrid,1,0.130,56,76,83,84,85,83,83,84,84,82,81.441
file245.TextGrid,2,0.190,82,81,80,80,81,84,85,84,83,83,82.256
file245.TextGrid,3,0.500,83,81,80,81,78,68,59,50,52,41,68.182
file246.TextGrid,1,0.100,13,36,58,66,68,75,79,79,79,77,65.052
file246.TextGrid,2,0.180,77,77,79,80,79,69,63,61,58,66,70.600
file246.TextGrid,3,0.470,66,73,62,77,77,64,55,48,42,36,61.938
file247.TextGrid,1,0.210,5,50,67,71,64,54,50,48,51,61,54.435
file247.TextGrid,2,0.400,61,67,66,69,78,74,64,62,58,62,67.276
file247.TextGrid,3,0.260,62,65,74,74,72,66,59,51,48,40,62.414
file248.TextGrid,1,0.330,12,69,79,77,78,76,72,62,47,39,66.233
file248.TextGrid,2,0.140,39,48,74,82,84,85,84,83,82,78,75.736
file248.TextGrid,3,0.430,78,72,74,79,76,71,67,65,62,43,69.630
file249.TextGrid,1,0.070,52,57,65,71,73,74,75,75,73,71,69.415
file249.TextGrid,2,0.200,71,70,71,72,73,73,73,73,73,70,71.935
file249.TextGrid,3,0.420,70,60,74,75,75,67,56,55,51,45,63.542
file25.TextGrid,1,0.330,16,44,70,78,80,74,67,68,73,67,67.162
file25.TextGrid,2,0.200,67,68,69,66,65,66,66,66,64,63,66.104
file25.TextGrid,3,0.210,63,64,65,66,65,64,59,49,40,21,57.408
file250.TextGrid,1,0.200,10,61,74,77,76,70,63,57,52,48,62.583
file250.TextGrid,2,0.430,48,72,73,80,82,80,79,74,76,81,75.419
file250.TextGrid,3,0.240,81,79,80,79,79,76,65,60,54,49,70.764
file251.TextGrid,1,0.110,32,44,57,62,65,65,72,76,75,71,63.146
file251.TextGrid,2,0.220,71,64,58,64,78,79,79,78,77,69,71.946
file251.TextGrid,3,0.390,69,58,76,77,77,68,60,51,48,47,63.194
file252.TextGrid,1,0.280,-2,58,72,77,70,59,50,39,33,53,54.538
file252.TextGrid,2,0.460,53,60,62,57,80,83,83,82,83,79,72.971
file252.TextGrid,3,0.400,79,75,72,74,77,79,76,61,59,55,71.055
file253.TextGrid,1,0.220,-32,55,74,81,80,64,43,14,33,53,50.800
file253.TextGrid,2,0.370,53,60,59,61,70,79,75,56,55,52,63.010
file253.TextGrid,3,0.550,52,48,49,75,75,71,63,63,45,18,58.311
file254.TextGrid,1,0.080,55,58,67,73,76,78,78,78,77,75,72.228
file254.TextGrid,2,0.100,75,74,74,76,77,77,77,78,79,79,76.758
file254.TextGrid,3,0.460,79,74,80,76,68,63,52,50,42,33,62.153
file255.TextGrid,1,0.220,15,42,63,70,67,54,48,47,46,31,52.052
file255.TextGrid,2,0.410,31,-26,62,79,70,55,66,76,80,76,57.959
file255.TextGrid,3,0.340,76,71,65,62,61,60,58,54,46,43,59.231
file256.TextGrid,1,0.150,-20,31,58,75,82,83,81,73,62,55,62.729
file256.TextGrid,2,0.070,55,55,55,55,54,54,54,55,55,54,54.664
file256.TextGrid,3,0.300,54,49,58,71,73,72,65,52,43,33,58.393
file257.TextGrid,1,0.260,-7,57,69,74,65,54,50,44,53,56,55.683
file257.TextGrid,2,0.450,56,62,65,73,78,81,74,74,69,67,71.191
file257.TextGrid,3,0.440,67,75,76,72,68,64,64,62,52,26,65.151
file258.TextGrid,1,0.260,28,55,66,64,70,78,75,74,72,72,67.024
file258.TextGrid,2,0.190,72,71,70,73,76,77,78,78,77,71,74.561
file258.TextGrid,3,0.420,71,64,61,75,78,76,63,53,51,40,63.565
file259.TextGrid,1,0.150,8,18,36,46,52,53,62,76,80,80,51.912
file259.TextGrid,2,0.160,80,77,81,82,82,82,81,81,79,73,80.334
file259.TextGrid,3,0.470,73,70,62,74,69,55,50,44,42,31,57.859
file26.TextGrid,1,0.230,-25,35,54,67,68,53,32,-0.2,41,56,41.294
file26.TextGrid,2,0.320,56,68,70,71,80,82,81,60,53,53,69.127
file26.TextGrid,3,0.480,53,52,52,51,73,75,71,59,52,26,59.535
file260.TextGrid,1,0.270,-14,39,64,75,78,67,53,54,45,62,55.661
file260.TextGrid,2,0.490,62,69,70,78,83,78,69,62,62,65,70.952
file260.TextGrid,3,0.370,65,73,78,77,73,67,65,61,59,50,67.751
file261.TextGrid,1,0.260,12,59,70,71,64,60,54,43,35,31,53.818
file261.TextGrid,2,0.310,31,55,82,78,77,75,75,76,80,71,72.027
file261.TextGrid,3,0.300,71,78,76,76,67,59,52,49,34,24,59.633
file262.TextGrid,1,0.360,34,64,72,49,34,33,50,37,63,74,49.581
file262.TextGrid,2,0.210,74,77,80,81,81,81,81,80,76,62,78.715
file262.TextGrid,3,0.470,62,-2,44,72,73,70,59,55,44,35,51.790
file263.TextGrid,1,0.240,35,60,65,76,72,63,63,66,66,64,64.756
file263.TextGrid,2,0.210,64,62,60,76,77,67,58,50,53,60,62.714
file263.TextGrid,3,0.420,60,50,72,77,77,69,55,49,43,33,59.244
file264.TextGrid,1,0.290,-2,30,45,47,52,54,69,68,66,66,51.754
file264.TextGrid,2,0.280,66,75,76,74,78,78,75,75,72,66,74.608
file264.TextGrid,3,0.220,66,65,66,63,61,61,60,51,38,18,56.269
file265.TextGrid,1,0.140,37,54,63,60,53,56,68,71,70,67,60.764
file265.TextGrid,2,0.230,67,67,67,68,70,70,68,69,68,68,68.268
file265.TextGrid,3,0.170,68,66,65,68,69,69,65,62,59,54,65.100
file266.TextGrid,1,0.530,30,53,48,49,40,71,78,79,78,74,60.206
file266.TextGrid,2,0.060,74,74,75,75,75,75,74,72,70,67,73.336
file266.TextGrid,3,0.360,67,56,51,73,74,64,57,51,47,43,58.697
file267.TextGrid,1,0.210,13,39,67,75,78,76,74,73,73,73,66.699
file267.TextGrid,2,0.260,73,78,79,78,77,79,81,82,81,72,78.720
file267.TextGrid,3,0.370,72,67,69,74,73,72,61,57,49,43,64.413
file268.TextGrid,1,0.280,26,70,79,78,78,77,68,68,70,67,70.730
file268.TextGrid,2,0.450,67,54,52,66,72,73,71,71,70,66,66.332
file268.TextGrid,3,0.270,66,64,59,66,71,72,69,56,50,44,62.530
file269.TextGrid,1,0.240,5,45,61,68,70,70,63,61,59,50,58.361
file269.TextGrid,2,0.210,50,34,6,-4,38,65,76,76,74,62,46.756
file269.TextGrid,3,0.390,62,23,44,68,75,72,61,47,40,25,51.218
file27.TextGrid,1,0.240,23,33,58,68,70,61,40,4,34,70,46.130
file27.TextGrid,2,0.280,70,75,75,74,77,80,82,80,66,52,74.618
file27.TextGrid,3,0.340,52,53,53,52,51,67,72,70,67,43,59.350
file270.TextGrid,1,0.260,18,52,70,74,70,57,51,40,58,63,57.534
file270.TextGrid,2,0.440,63,78,79,85,82,67,62,60,60,58,70.645
file270.TextGrid,3,0.340,58,71,74,73,73,73,68,56,49,35,65.158
file271.TextGrid,1,0.230,13,25,50,70,75,67,45,16,32,53,45.753
file271.TextGrid,2,0.410,53,64,64,61,70,78,78,77,76,71,70.433
file271.TextGrid,3,0.230,71,67,67,67,71,71,72,68,56,42,66.357
file272.TextGrid,1,0.060,70,72,74,77,80,82,82,82,80,78,78.084
file272.TextGrid,2,0.540,78,71,86,87,84,86,85,76,65,59,78.853
file272.TextGrid,3,0.100,59,60,61,61,59,57,55,54,53,50,57.147
file273.TextGrid,1,0.150,31,45,65,70,66,63,71,70,68,63,62.885
file273.TextGrid,2,0.110,63,60,55,52,53,57,66,73,73,69,61.816
file273.TextGrid,3,0.690,69,64,74,73,72,66,55,45,37,33,59.008
file274.TextGrid,1,0.170,33,51,72,80,82,82,82,83,83,81,74.649
file274.TextGrid,2,0.140,81,80,80,79,81,83,83,81,79,74,80.481
file274.TextGrid,3,0.530,74,65,84,83,76,63,56,51,46,40,64.296
file275.TextGrid,1,0.210,28,46,57,61,58,51,64,78,79,75,60.314
file275.TextGrid,2,0.260,75,70,61,73,80,80,78,74,72,70,73.316
file275.TextGrid,3,0.440,70,72,72,74,72,66,47,44,43,33,60.542
file276.TextGrid,1,0.210,34,54,63,68,79,80,72,73,74,76,68.671
file276.TextGrid,2,0.190,76,75,78,78,70,73,72,71,64,57,71.879
file276.TextGrid,3,0.380,57,56,75,76,76,66,60,50,43,37,61.008
file277.TextGrid,1,0.300,17,64,70,70,68,68,68,70,70,69,66.567
file277.TextGrid,2,0.180,69,69,72,77,79,79,78,78,77,72,75.636
file277.TextGrid,3,0.280,72,71,72,75,74,72,69,52,39,29,63.861
file278.TextGrid,1,0.240,27,58,77,77,75,74,75,75,74,71,70.717
file278.TextGrid,2,0.090,71,73,75,77,79,79,79,79,79,78,77.232
file278.TextGrid,3,0.450,78,73,69,73,75,72,61,52,42,34,63.762
file279.TextGrid,1,0.200,32,41,54,61,65,63,77,82,82,80,64.750
file279.TextGrid,2,0.170,80,80,79,80,80,78,77,71,67,63,76.032
file279.TextGrid,3,0.500,63,63,80,79,65,56,60,50,41,30,60.493
file28.TextGrid,1,0.060,49,56,61,63,63,61,57,53,49,46,56.587
file28.TextGrid,2,0.230,46,55,63,72,82,82,76,73,71,75,70.139
file28.TextGrid,3,0.460,75,83,81,81,76,62,57,48,42,33,65.368
file280.TextGrid,1,0.170,29,35,51,60,65,66,60,73,78,79,60.059
file280.TextGrid,2,0.270,79,77,78,79,78,76,74,70,71,73,75.601
file280.TextGrid,3,0.370,73,75,77,77,71,61,52,46,43,38,62.056
file281.TextGrid,1,0.340,14,39,51,71,74,68,65,63,60,34,57.729
file281.TextGrid,2,0.210,34,11,3,23,49,68,74,75,73,71,47.180
file281.TextGrid,3,0.570,71,71,77,76,75,74,68,58,48,23,67.000
file282.TextGrid,1,0.200,1,40,64,70,72,63,49,26,34,53,49.440
file282.TextGrid,2,0.460,53,59,60,62,76,75,52,62,61,59,63.065
file282.TextGrid,3,0.480,59,72,70,58,55,56,52,45,46,37,55.786
file283.TextGrid,1,0.280,23,71,80,82,74,64,56,52,57,62,64.460
file283.TextGrid,2,0.460,62,67,69,83,81,78,71,70,70,69,72.471
file283.TextGrid,3,0.300,69,70,73,76,76,72,56,53,47,38,63.488
file284.TextGrid,1,0.100,33,42,58,69,75,78,79,79,76,72,67.601
file284.TextGrid,2,0.280,72,65,65,77,83,79,76,73,71,69,73.021
file284.TextGrid,3,0.440,69,81,82,81,73,64,60,57,51,42,66.683
file285.TextGrid,1,0.150,31,49,62,66,66,66,70,78,77,75,65.273
file285.TextGrid,2,0.200,75,75,79,73,67,64,61,61,54,54,66.573
file285.TextGrid,3,0.310,54,64,78,77,77,78,81,79,77,67,74.620
file286.TextGrid,1,0.390,15,58,60,70,76,78,78,77,61,58,67.359
file286.TextGrid,2,0.230,58,60,56,47,68,73,72,75,77,75,65.986
file286.TextGrid,3,0.200,75,68,74,73,72,72,71,64,50,36,66.899
file287.TextGrid,1,0.220,22,25,38,45,56,57,77,79,77,78,56.207
file287.TextGrid,2,0.230,78,77,76,79,78,78,78,78,77,72,77.536
file287.TextGrid,3,0.280,72,56,48,57,57,73,72,67,55,50,60.557
file288.TextGrid,1,0.190,6,47,69,74,79,77,61,47,22,-6,53.511
file288.TextGrid,2,0.450,-6,55,40,53,70,83,82,82,82,77,65.685
file288.TextGrid,3,0.330,77,70,71,73,74,72,70,57,42,31,64.966
file289.TextGrid,1,0.220,-12,34,56,71,74,64,56,47,48,57,52.909
file289.TextGrid,2,0.380,57,61,62,58,77,79,81,77,74,70,70.099
file289.TextGrid,3,0.300,70,69,69,69,72,72,75,74,70,58,70.596
file29.TextGrid,1,0.240,40,70,77,81,80,69,64,58,54,57,66.964
file29.TextGrid,2,0.080,57,61,63,61,66,73,77,78,78,78,69.459
file29.TextGrid,3,0.360,78,72,72,69,60,53,44,36,35,28,54.510
file290.TextGrid,1,0.160,58,60,56,55,58,57,58,59,63,65,58.561
file290.TextGrid,2,0.240,65,78,79,79,77,69,64,63,64,63,70.560
file290.TextGrid,3,0.430,63,76,75,74,75,65,56,50,42,38,62.842
file291.TextGrid,1,0.140,38,61,69,69,67,67,75,79,78,76,69.476
file291.TextGrid,2,0.150,76,70,69,69,71,74,75,75,72,66,71.879
file291.TextGrid,3,0.500,66,58,75,73,65,54,53,47,44,34,57.703
file292.TextGrid,1,0.150,21,43,63,78,84,83,81,82,82,81,71.852
file292.TextGrid,2,0.220,81,81,81,84,86,86,86,85,83,81,83.891
file292.TextGrid,3,0.480,81,74,82,81,80,61,61,57,50,41,67.135
file293.TextGrid,1,0.210,31,61,72,72,72,70,76,83,84,77,71.704
file293.TextGrid,2,0.250,77,80,82,82,82,81,80,81,81,78,80.782
file293.TextGrid,3,0.560,78,80,78,76,71,58,55,41,41,33,62.251
file294.TextGrid,1,0.160,29,43,63,70,66,55,51,46,51,68,54.660
file294.TextGrid,2,0.290,68,77,73,77,81,79,76,74,74,74,76.058
file294.TextGrid,3,0.210,74,76,76,77,77,76,67,68,66,62,72.431
file295.TextGrid,1,0.350,-6,63,75,66,65,60,47,53,56,57,57.978
file295.TextGrid,2,0.170,57,60,74,77,78,79,79,74,69,65,72.386
file295.TextGrid,3,0.430,65,71,69,60,69,75,72,60,56,44,65.696
file296.TextGrid,1,0.300,28,63,67,68,69,78,82,82,82,79,71.793
file296.TextGrid,2,0.320,79,79,83,83,82,82,82,82,79,78,80.775
file296.TextGrid,3,0.290,78,67,57,71,76,73,68,55,41,20,61.818
file297.TextGrid,1,0.180,26,49,61,64,64,69,78,79,78,73,66.004
file297.TextGrid,2,0.080,73,74,76,78,78,78,79,78,77,76,76.975
file297.TextGrid,3,0.360,76,70,68,75,77,72,62,53,50,39,64.309
file298.TextGrid,1,0.210,17,50,67,72,65,49,36,22,56,52,50.464
file298.TextGrid,2,0.310,52,69,72,75,78,80,82,81,79,67,75.469
file298.TextGrid,3,0.450,67,57,56,50,72,71,62,59,52,25,58.724
file299.TextGrid,1,0.090,31,45,56,68,76,78,78,78,77,76,68.006
file299.TextGrid,2,0.120,76,76,76,76,76,75,75,74,73,68,74.612
file299.TextGrid,3,0.480,68,59,71,78,74,60,50,39,41,35,57.911
file3.TextGrid,1,0.240,37,70,76,72,50,20,-9,-13,56,60,42.264
file3.TextGrid,2,0.440,60,68,74,82,82,82,81,79,75,69,76.519
file3.TextGrid,3,0.280,69,68,68,68,67,67,49,43,42,35,58.457
file30.TextGrid,1,0.250,-5,57,70,75,76,65,60,58,54,45,60.462
file30.TextGrid,2,0.330,45,43,37,75,85,83,76,70,73,76,66.663
file30.TextGrid,3,0.440,76,69,69,79,75,75,75,68,61,48,69.762
file300.TextGrid,1,0.290,-18,56,70,68,57,51,47,30,15,-5,43.244
file300.TextGrid,2,0.140,-5,41,60,74,80,80,81,82,81,78,68.769
file300.TextGrid,3,0.450,78,74,79,77,74,71,71,68,57,36,70.086
file301.TextGrid,1,0.150,25,30,44,52,55,57,61,76,78,75,55.958
file301.TextGrid,2,0.160,75,72,70,69,67,60,66,77,79,79,70.666
file301.TextGrid,3,0.360,79,72,80,77,77,68,56,54,46,44,66.776
file302.TextGrid,1,0.240,45,74,80,73,67,66,66,69,61,61,67.624
file302.TextGrid,2,0.210,61,68,78,83,83,82,82,82,81,78,78.851
file302.TextGrid,3,0.450,78,79,78,78,77,64,56,51,53,36,65.951
file303.TextGrid,1,0.260,14,34,48,65,76,76,73,70,68,61,60.545
file303.TextGrid,2,0.230,61,61,65,64,68,77,77,77,76,76,70.381
file303.TextGrid,3,0.520,76,74,77,75,76,70,59,48,46,39,64.894
file304.TextGrid,1,0.150,34,37,48,55,60,59,53,70,69,59,55.291
file304.TextGrid,2,0.140,59,52,46,46,52,72,82,84,84,84,65.521
file304.TextGrid,3,0.360,84,81,83,82,79,73,63,59,54,48,71.518
file305.TextGrid,1,0.270,10,52,65,66,57,51,47,41,28,15,47.428
file305.TextGrid,2,0.310,15,51,81,82,76,71,70,68,61,57,65.408
file305.TextGrid,3,0.440,57,75,75,74,71,66,65,62,49,21,63.893
file306.TextGrid,1,0.230,37,51,73,77,81,81,82,80,80,79,73.803
file306.TextGrid,2,0.080,79,79,79,79,79,81,82,83,82,79,80.278
file306.TextGrid,3,0.520,79,65,64,79,77,71,57,51,49,38,63.525
file307.TextGrid,1,0.210,33,49,65,70,76,78,75,76,76,73,68.777
file307.TextGrid,2,0.090,73,71,70,69,70,71,72,73,74,73,71.476
file307.TextGrid,3,0.440,73,71,73,73,75,69,58,48,45,36,62.890
file308.TextGrid,1,0.060,30,28,27,26,25,26,35,45,52,57,34.292
file308.TextGrid,2,0.260,57,69,64,80,75,63,57,55,62,67,65.155
file308.TextGrid,3,0.300,67,77,77,73,70,67,59,56,47,37,64.495
file309.TextGrid,1,0.060,38,33,28,25,23,22,22,21,21,23,25.285
file309.TextGrid,2,0.230,23,62,75,82,81,82,80,80,77,75,74.360
file309.TextGrid,3,0.470,75,77,77,75,66,61,66,62,53,43,66.171
file31.TextGrid,1,0.100,32,52,61,66,73,76,77,78,77,75,68.317
file31.TextGrid,2,0.140,75,73,74,74,74,73,73,73,72,70,73.190
file31.TextGrid,3,0.480,70,64,60,76,73,69,57,47,45,35,60.001
file310.TextGrid,1,0.180,29,29,52,67,76,71,67,68,73,77,61.933
file310.TextGrid,2,0.170,77,76,76,81,82,80,71,68,69,70,75.237
file310.TextGrid,3,0.420,70,66,67,70,65,54,50,46,39,37,57.060
file311.TextGrid,1,0.110,42,50,69,78,80,82,83,84,84,83,74.893
file311.TextGrid,2,0.150,83,83,84,85,86,86,85,85,85,81,84.553
file311.TextGrid,3,0.450,81,73,85,84,71,71,68,60,50,45,69.935
file312.TextGrid,1,0.120,19,30,53,61,67,70,67,69,70,65,58.690
file312.TextGrid,2,0.140,65,63,64,64,68,78,79,80,78,78,71.653
file312.TextGrid,3,0.340,78,76,72,75,74,71,73,75,71,61,72.798
file313.TextGrid,1,0.660,30,63,60,77,73,75,66,73,68,47,68.003
file313.TextGrid,2,0.050,47,45,43,43,43,43,44,43,43,41,43.347
file313.TextGrid,3,0.060,41,40,40,41,42,42,41,40,38,38,40.578
file314.TextGrid,1,0.150,37,59,75,79,78,75,75,75,76,75,71.945
file314.TextGrid,2,0.040,75,74,72,71,71,72,72,72,70,67,71.660
file314.TextGrid,3,0.490,67,67,73,70,66,63,73,66,48,44,64.686
file315.TextGrid,1,0.180,44,66,76,75,70,65,56,44,49,59,61.294
file315.TextGrid,2,0.330,59,64,64,72,81,84,81,81,79,77,74.927
file315.TextGrid,3,0.420,77,75,80,78,74,64,65,62,55,49,68.363
file316.TextGrid,1,0.090,33,44,56,61,64,67,67,61,57,63,58.322
file316.TextGrid,2,0.140,63,72,76,75,66,66,69,71,73,70,70.723
file316.TextGrid,3,0.540,70,59,62,76,75,64,53,47,41,43,59.542
file317.TextGrid,1,0.390,4,51,64,68,63,76,75,75,76,71,65.944
file317.TextGrid,2,0.100,71,66,71,74,73,72,72,71,70,69,70.840
file317.TextGrid,3,0.270,69,67,64,58,69,67,64,60,52,40,61.694
file318.TextGrid,1,0.140,27,44,63,70,74,77,80,82,82,76,69.393
file318.TextGrid,2,0.200,76,71,68,67,64,62,77,80,80,73,71.437
file318.TextGrid,3,0.360,73,75,79,80,75,63,58,51,47,42,65.341
file319.TextGrid,1,0.200,5,37,57,65,69,67,63,69,62,60,57.907
file319.TextGrid,2,0.320,60,50,-0.7,-56,54,76,79,80,80,72,50.076
file319.TextGrid,3,0.260,72,75,75,74,71,69,67,62,55,32,66.419
file32.TextGrid,1,0.310,30,62,64,69,73,68,63,59,59,60,62.795
file32.TextGrid,2,0.130,60,65,62,65,67,71,73,73,74,73,68.561
file32.TextGrid,3,0.580,73,67,68,69,71,54,53,44,36,29,57.592
file320.TextGrid,1,0.270,24,59,73,73,75,70,72,73,68,59,67.230
file320.TextGrid,2,0.230,59,62,81,85,84,84,82,73,70,66,75.526
file320.TextGrid,3,0.360,66,71,77,70,68,68,58,50,45,35,62.755
file321.TextGrid,1,0.250,4,57,74,77,65,52,47,42,44,61,54.678
file321.TextGrid,2,0.270,61,68,67,68,69,73,75,73,64,61,68.773
file321.TextGrid,3,0.610,61,56,51,60,67,61,60,62,60,52,58.918
file322.TextGrid,1,0.220,-14,46,68,72,64,57,53,43,55,60,54.584
file322.TextGrid,2,0.390,60,68,65,83,83,83,84,85,71,66,76.392
file322.TextGrid,3,0.400,66,75,78,74,74,65,62,57,45,18,63.413
file323.TextGrid,1,0.200,-11,53,69,74,72,58,41,10,45,54,50.199
file323.TextGrid,2,0.430,54,64,66,63,81,82,72,75,76,71,71.573
file323.TextGrid,3,0.310,71,65,63,68,75,72,70,64,52,38,64.899
file324.TextGrid,1,0.240,7,57,71,74,74,73,74,73,72,70,67.919
file324.TextGrid,2,0.280,70,59,55,57,57,55,75,77,77,73,65.107
file324.TextGrid,3,0.420,73,60,61,72,71,65,62,58,51,34,61.822
file325.TextGrid,1,0.250,-7,35,55,67,69,69,72,71,72,69,59.814
file325.TextGrid,2,0.280,69,59,51,48,47,71,81,81,81,75,65.481
file325.TextGrid,3,0.560,75,71,77,76,77,65,65,58,52,22,66.037
file326.TextGrid,1,0.130,18,29,57,69,72,73,73,76,75,74,63.511
file326.TextGrid,2,0.250,74,65,66,65,70,80,80,80,80,79,73.447
file326.TextGrid,3,0.430,79,71,78,80,78,75,60,56,51,46,68.378
file327.TextGrid,1,0.240,33,69,77,75,73,74,73,72,70,70,70.491
file327.TextGrid,2,0.200,70,72,74,74,74,75,75,73,72,70,73.184
file327.TextGrid,3,0.200,70,68,70,71,68,61,61,60,54,47,63.583
file328.TextGrid,1,0.280,6,57,69,69,58,55,55,53,52,32,55.405
file328.TextGrid,2,0.370,32,6,-15,74,82,82,78,78,74,65,56.097
file328.TextGrid,3,0.500,65,3,57,77,72,64,62,57,37,18,52.100
file329.TextGrid,1,0.230,33,57,68,72,79,78,74,74,70,59,68.946
file329.TextGrid,2,0.080,59,57,58,60,62,69,74,76,77,78,66.863
file329.TextGrid,3,0.590,78,78,76,73,75,71,54,51,39,33,64.243
file33.TextGrid,1,0.240,23,41,57,64,68,68,69,69,69,64,61.096
file33.TextGrid,2,0.230,64,53,50,50,50,70,77,77,76,70,63.279
file33.TextGrid,3,0.370,70,56,56,59,70,69,65,60,56,46,60.755
file330.TextGrid,1,0.340,13,72,80,83,83,80,77,65,56,45,70.907
file330.TextGrid,2,0.430,45,79,83,77,78,84,81,78,67,65,75.281
file330.TextGrid,3,0.170,65,64,62,60,56,57,44,25,46,54,52.863
file331.TextGrid,1,0.270,31,49,55,63,63,56,56,56,54,30,53.928
file331.TextGrid,2,0.320,30,-5,47,77,82,82,81,77,72,75,62.266
file331.TextGrid,3,0.370,75,79,78,78,79,78,78,70,56,38,72.946
file332.TextGrid,1,0.220,5,50,66,69,72,75,67,58,50,44,59.468
file332.TextGrid,2,0.320,44,56,49,36,66,80,78,65,69,69,61.796
file332.TextGrid,3,0.430,69,67,65,74,76,69,57,50,45,32,61.102
file333.TextGrid,1,0.190,19,45,67,72,73,74,74,72,69,65,65.486
file333.TextGrid,2,0.190,65,64,61,61,64,63,72,74,72,67,66.403
file333.TextGrid,3,0.280,67,69,69,65,57,52,49,46,40,40,55.640
file334.TextGrid,1,0.240,24,46,63,59,77,76,71,70,69,65,64.073
file334.TextGrid,2,0.180,65,71,81,81,80,79,78,78,78,71,77.012
file334.TextGrid,3,0.340,71,69,77,79,74,63,53,50,50,45,63.458
file335.TextGrid,1,0.240,-12,47,72,77,70,61,53,46,43,67,55.819
file335.TextGrid,2,0.370,67,76,75,74,76,78,80,71,65,65,73.799
file335.TextGrid,3,0.450,65,63,73,70,68,54,50,50,48,44,59.222
file336.TextGrid,1,0.070,20,22,32,48,56,60,61,59,59,62,48.725
file336.TextGrid,2,0.240,62,70,77,83,79,71,70,69,68,66,72.420
file336.TextGrid,3,0.470,66,82,81,79,74,63,56,46,41,32,63.350
file337.TextGrid,1,0.310,7,64,78,76,67,58,50,30,56,55,56.242
file337.TextGrid,2,0.440,55,67,66,79,81,76,79,73,71,71,72.716
file337.TextGrid,3,0.310,71,72,73,74,73,69,62,50,42,32,62.707
file338.TextGrid,1,0.190,28,55,65,67,67,65,69,78,79,80,66.481
file338.TextGrid,2,0.310,80,82,78,79,79,76,72,73,76,79,77.153
file338.TextGrid,3,0.340,79,80,77,72,61,54,49,43,36,32,58.621
file339.TextGrid,1,0.220,16,45,67,68,60,49,28,15,28,68,44.192
file339.TextGrid,2,0.450,68,73,63,70,74,77,78,78,75,63,73.153
file339.TextGrid,3,0.190,63,62,62,65,68,69,67,65,62,58,64.512
file34.TextGrid,1,0.190,-20,41,69,77,74,67,62,55,54,62,57.889
file34.TextGrid,2,0.400,62,70,71,76,83,83,79,75,73,73,74.864
file34.TextGrid,3,0.400,73,79,77,70,57,48,18,-4,57,31,51.558
file340.TextGrid,1,0.260,-8,38,48,67,72,60,33,2,21,63,40.628
file340.TextGrid,2,0.430,63,73,77,79,81,81,73,73,67,62,74.103
file340.TextGrid,3,0.300,62,72,74,74,74,72,61,51,45,27,63.048
file341.TextGrid,1,0.300,34,58,63,66,70,70,70,52,50,47,60.242
file341.TextGrid,2,0.080,47,48,53,57,59,56,51,45,43,49,50.970
file341.TextGrid,3,0.560,49,71,65,60,59,72,68,61,51,31,60.298
file342.TextGrid,1,0.280,6,40,54,66,63,55,53,53,54,38,51.895
file342.TextGrid,2,0.160,38,14,45,68,80,83,82,80,72,61,64.024
file342.TextGrid,3,0.660,61,51,83,81,73,58,54,54,47,51,62.296
file343.TextGrid,1,0.350,68,78,76,67,81,81,80,80,77,69,76.708
file343.TextGrid,2,0.130,69,66,66,77,81,82,82,81,78,74,75.800
file343.TextGrid,3,0.530,74,63,77,78,78,70,70,65,56,47,68.830
file344.TextGrid,1,0.260,29,64,75,78,81,72,72,73,71,59,70.108
file344.TextGrid,2,0.150,59,56,57,57,67,77,78,77,76,73,67.747
file344.TextGrid,3,0.120,73,74,75,75,75,75,74,72,68,61,72.869
file345.TextGrid,1,0.220,25,60,72,75,74,69,58,58,56,57,63.157
file345.TextGrid,2,0.260,57,48,15,-2,-17,43,73,78,77,68,42.967
file345.TextGrid,3,0.360,68,59,58,51,70,74,72,70,49,38,61.404
file346.TextGrid,1,0.270,-2,60,71,75,61,51,47,43,17,2,48.430
file346.TextGrid,2,0.120,2,31,54,70,78,80,80,80,79,74,65.572
file346.TextGrid,3,0.430,74,59,69,80,79,72,69,61,57,36,66.864
file347.TextGrid,1,0.360,13,59,69,68,74,77,78,76,72,61,69.300
file347.TextGrid,2,0.210,61,60,61,64,73,75,74,74,67,66,67.868
file347.TextGrid,3,0.310,66,64,63,60,59,64,68,61,54,41,60.616
file348.TextGrid,1,0.100,18,31,50,63,69,71,72,73,74,74,60.960
file348.TextGrid,2,0.240,74,71,81,82,71,67,67,65,63,65,70.706
file348.TextGrid,3,0.390,65,78,75,73,68,55,46,46,44,38,59.461
file349.TextGrid,1,0.180,27,51,67,70,70,72,76,79,79,75,68.489
file349.TextGrid,2,0.280,75,76,74,70,71,68,66,64,58,53,67.892
file349.TextGrid,3,0.120,53,53,51,50,49,48,48,45,44,41,48.307
file35.TextGrid,1,0.250,25,66,75,75,65,60,53,47,43,45,58.251
file35.TextGrid,2,0.520,45,59,60,61,82,77,59,48,30,13,57.116
file35.TextGrid,3,0.360,13,65,73,75,71,67,55,51,48,45,60.221
file350.TextGrid,1,0.230,43,52,70,74,71,57,33,13,22,52,48.408
file350.TextGrid,2,0.450,52,60,60,73,78,68,68,70,68,64,67.144
file350.TextGrid,3,0.430,64,66,66,49,55,57,57,55,54,53,57.631
file351.TextGrid,1,0.130,51,55,61,66,68,69,71,72,73,72,66.238
file351.TextGrid,2,0.240,72,71,73,76,79,79,78,76,75,72,75.533
file351.TextGrid,3,0.160,72,72,70,70,72,70,67,58,52,51,65.815
file352.TextGrid,1,0.160,37,63,71,72,74,75,73,73,76,69,70.288
file352.TextGrid,2,0.150,69,69,73,74,73,72,72,72,71,65,71.520
file352.TextGrid,3,0.410,65,63,59,75,77,72,64,54,51,47,64.103
file353.TextGrid,1,0.240,30,65,74,81,77,67,68,67,63,56,67.654
file353.TextGrid,2,0.230,56,53,60,78,82,81,80,80,80,78,73.341
file353.TextGrid,3,0.580,78,80,77,78,75,59,62,52,47,33,65.199
file354.TextGrid,1,0.190,38,54,76,81,83,83,81,80,81,76,74.981
file354.TextGrid,2,0.130,76,76,77,76,72,67,74,80,79,72,74.906
file354.TextGrid,3,0.460,72,59,79,80,77,62,51,45,46,36,61.185
file355.TextGrid,1,0.210,-4,48,70,73,64,46,19,-8,40,53,41.995
file355.TextGrid,2,0.330,53,63,62,54,62,78,82,81,67,63,67.705
file355.TextGrid,3,0.350,63,61,63,69,75,72,69,62,37,35,62.138
file356.TextGrid,1,0.130,43,63,69,67,69,73,73,75,73,69,68.813
file356.TextGrid,2,0.090,69,69,69,70,72,73,75,75,75,74,72.196
file356.TextGrid,3,0.330,74,66,55,47,57,64,55,50,41,31,54.583
file357.TextGrid,1,0.210,35,55,67,68,74,78,78,76,76,76,69.609
file357.TextGrid,2,0.120,76,76,76,76,76,76,78,78,78,77,76.773
file357.TextGrid,3,0.510,77,78,77,78,77,67,56,46,42,33,64.274
file358.TextGrid,1,0.240,26,61,73,75,77,78,79,77,68,65,70.578
file358.TextGrid,2,0.190,65,64,68,64,60,69,77,75,74,74,68.835
file358.TextGrid,3,0.240,74,75,78,78,77,77,78,76,76,71,76.582
file359.TextGrid,1,0.220,35,66,73,75,74,74,74,75,75,71,71.462
file359.TextGrid,2,0.250,71,70,73,81,81,81,82,82,80,79,78.337
file359.TextGrid,3,0.340,79,75,69,64,63,65,65,56,39,18,60.645
file36.TextGrid,1,0.280,-15,59,72,61,63,61,60,59,49,31,55.995
file36.TextGrid,2,0.190,31,20,39,65,78,82,82,78,73,68,62.314
file36.TextGrid,3,0.420,68,60,60,73,74,69,64,56,49,23,60.926
file360.TextGrid,1,0.350,10,59,72,74,67,66,66,63,59,56,62.236
file360.TextGrid,2,0.260,56,67,79,82,77,51,23,10,45,58,54.280
file360.TextGrid,3,0.250,58,75,75,65,73,74,72,68,52,36,67.280
file361.TextGrid,1,0.140,54,65,68,69,70,71,73,73,69,65,68.767
file361.TextGrid,2,0.240,65,62,64,72,76,77,76,78,78,73,72.463
file361.TextGrid,3,0.390,73,78,78,77,64,57,49,48,42,36,60.470
file362.TextGrid,1,0.250,19,64,73,75,73,73,72,70,65,50,67.491
file362.TextGrid,2,0.250,50,15,-2,29,71,79,80,79,75,68,53.466
file362.TextGrid,3,0.250,68,62,65,72,76,76,72,65,48,40,65.567
file363.TextGrid,1,0.260,3,40,64,71,71,71,71,71,67,46,61.695
file363.TextGrid,2,0.190,46,20,-1,48,76,83,82,82,81,73,59.260
file363.TextGrid,3,0.390,73,55,56,69,80,78,75,63,42,43,62.745
file364.TextGrid,1,0.210,22,55,73,76,78,76,68,66,66,62,66.920
file364.TextGrid,2,0.150,62,60,58,58,57,62,77,80,78,76,66.644
file364.TextGrid,3,0.390,76,66,74,78,76,69,59,51,47,43,64.332
file365.TextGrid,1,0.240,18,48,58,67,68,60,57,57,54,28,55.103
file365.TextGrid,2,0.130,28,2,32,49,65,76,78,78,72,62,55.442
file365.TextGrid,3,0.530,62,6,67,83,80,82,80,73,65,51,66.627
file366.TextGrid,1,0.160,32,58,62,76,81,81,80,73,62,53,68.942
file366.TextGrid,2,0.110,53,43,50,68,76,78,78,77,74,69,67.122
file366.TextGrid,3,0.340,69,58,56,57,52,63,62,53,28,12,52.039
file367.TextGrid,1,0.180,28,30,41,51,56,57,57,67,80,82,54.797
file367.TextGrid,2,0.180,82,80,79,81,83,82,82,81,80,78,80.794
file367.TextGrid,3,0.330,78,74,77,76,76,66,57,51,44,41,64.815
file368.TextGrid,1,0.210,19,55,68,71,66,57,56,54,55,51,57.650
file368.TextGrid,2,0.250,51,32,2,-14,43,73,78,79,79,75,48.763
file368.TextGrid,3,0.220,75,69,69,75,76,75,72,68,54,23,67.473
file369.TextGrid,1,0.220,45,65,70,73,73,74,74,74,73,75,70.986
file369.TextGrid,2,0.150,75,74,73,73,74,73,73,73,71,67,72.945
file369.TextGrid,3,0.220,67,63,63,71,75,75,76,76,73,74,71.231
file37.TextGrid,1,0.130,22,40,61,71,73,74,75,75,74,69,65.335
file37.TextGrid,2,0.270,69,61,58,68,79,79,78,76,73,71,71.110
file37.TextGrid,3,0.370,71,71,72,74,72,64,58,56,54,47,64.466
file370.TextGrid,1,0.140,18,22,38,47,52,53,58,73,74,65,51.042
file370.TextGrid,2,0.280,65,61,77,78,63,55,55,58,54,54,62.406
file370.TextGrid,3,0.350,54,74,72,68,59,59,61,62,54,42,62.154
file371.TextGrid,1,0.260,9,57,68,70,67,68,68,68,66,62,63.688
file371.TextGrid,2,0.270,62,57,55,57,56,65,76,81,81,71,65.970
file371.TextGrid,3,0.290,71,56,58,75,77,77,76,75,64,49,68.053
file372.TextGrid,1,0.260,-3,41,63,70,70,59,49,46,45,63,52.362
file372.TextGrid,2,0.670,63,66,78,77,60,48,61,72,69,54,65.938
file372.TextGrid,3,0.230,54,50,48,45,40,37,38,36,38,37,42.124
file373.TextGrid,1,0.270,34,67,72,74,70,69,68,66,63,62,67.012
file373.TextGrid,2,0.250,62,62,60,63,62,65,75,78,78,70,67.916
file373.TextGrid,3,0.480,70,70,74,71,72,72,68,49,39,32,62.755
file374.TextGrid,1,0.210,15,25,49,64,76,75,67,63,62,68,58.132
file374.TextGrid,2,0.310,68,72,75,74,67,69,76,77,77,73,73.309
file374.TextGrid,3,0.260,73,72,72,68,63,55,52,46,36,42,57.800
file375.TextGrid,1,0.230,28,63,70,71,74,78,71,57,56,55,64.772
file375.TextGrid,2,0.090,55,57,58,57,62,70,73,74,72,68,64.986
file375.TextGrid,3,0.260,68,63,58,69,67,64,54,49,48,46,58.730
file376.TextGrid,1,0.240,11,58,68,71,71,71,71,71,67,52,64.717
file376.TextGrid,2,0.210,52,26,15,58,63,79,81,81,80,71,60.770
file376.TextGrid,3,0.380,71,18,74,81,81,78,56,46,44,26,59.409
file377.TextGrid,1,0.300,21,76,83,82,80,80,81,80,79,79,77.687
file377.TextGrid,2,0.260,79,78,75,73,80,83,83,82,82,76,79.329
file377.TextGrid,3,0.240,76,72,73,75,79,79,74,70,57,40,70.913
file378.TextGrid,1,0.240,32,69,75,76,63,36,5,10,56,61,48.312
file378.TextGrid,2,0.360,61,78,71,80,83,82,82,82,81,70,79.100
file378.TextGrid,3,0.390,70,57,58,72,70,67,56,57,49,26,59.492
file379.TextGrid,1,0.170,31,40,51,57,61,59,73,78,78,78,61.476
file379.TextGrid,2,0.160,78,77,77,79,78,78,78,78,77,71,77.530
file379.TextGrid,3,0.410,71,59,57,76,78,75,62,53,42,41,61.776
file38.TextGrid,1,0.180,38,63,77,79,78,78,80,78,77,70,74.321
file38.TextGrid,2,0.240,70,67,65,64,62,76,79,80,81,79,72.064
file38.TextGrid,3,0.460,79,76,79,80,67,68,62,46,37,30,62.858
file380.TextGrid,1,0.240,-4,52,69,72,64,44,21,-9,40,50,42.999
file380.TextGrid,2,0.470,50,51,47,69,82,82,82,82,82,71,70.558
file380.TextGrid,3,0.280,71,62,59,59,71,76,77,76,69,52,67.774
file381.TextGrid,1,0.230,32,35,54,69,71,69,65,63,62,63,59.733
file381.TextGrid,2,0.260,63,68,71,70,70,73,76,80,80,74,73.060
file381.TextGrid,3,0.260,74,55,50,67,75,73,69,65,50,37,62.034
file382.TextGrid,1,0.260,21,65,74,74,71,71,72,70,64,48,67.114
file382.TextGrid,2,0.120,48,28,40,58,72,79,80,80,78,71,64.204
file382.TextGrid,3,0.330,71,59,56,67,81,81,78,66,54,37,65.634
file383.TextGrid,1,0.240,4,64,77,82,74,66,58,52,48,64,62.583
file383.TextGrid,2,0.460,64,68,65,69,82,83,82,82,76,72,75.182
file383.TextGrid,3,0.250,72,72,76,79,77,78,79,76,64,60,74.185
file384.TextGrid,1,0.100,24,38,55,61,69,79,83,84,84,84,67.533
file384.TextGrid,2,0.210,84,84,85,86,86,86,83,82,82,82,84.109
file384.TextGrid,3,0.400,82,80,83,80,66,66,58,54,51,42,66.148
file385.TextGrid,1,0.280,25,57,68,72,73,74,75,66,55,52,64.543
file385.TextGrid,2,0.090,52,52,54,60,67,70,70,67,64,61,62.331
file385.TextGrid,3,0.250,61,57,61,64,66,66,64,60,51,45,60.352
file386.TextGrid,1,0.140,27,30,40,49,59,61,60,60,77,82,54.428
file386.TextGrid,2,0.200,82,82,75,81,83,83,83,84,84,78,81.813
file386.TextGrid,3,0.420,78,64,69,84,78,70,58,56,50,41,65.088
file387.TextGrid,1,0.220,28,66,73,75,76,74,72,71,71,71,70.195
file387.TextGrid,2,0.270,71,73,74,74,75,77,79,80,78,71,75.605
file387.TextGrid,3,0.250,71,69,67,67,71,70,68,63,51,41,64.831
file388.TextGrid,1,0.170,15,62,80,84,82,71,60,58,59,67,66.778
file388.TextGrid,2,0.460,67,71,67,69,84,78,72,72,73,74,72.947
file388.TextGrid,3,0.420,74,74,72,63,52,54,54,55,53,46,59.435
file389.TextGrid,1,0.210,20,39,69,76,77,79,80,76,77,79,69.521
file389.TextGrid,2,0.120,79,78,76,76,78,79,80,80,80,76,78.359
file389.TextGrid,3,0.490,76,61,65,78,78,68,60,54,48,36,62.627
file39.TextGrid,1,0.380,17,62,65,78,78,80,78,78,77,69,71.043
file39.TextGrid,2,0.320,69,79,82,81,83,82,81,77,77,77,79.477
file39.TextGrid,3,0.310,77,67,63,59,55,57,53,43,39,38,55.069
file390.TextGrid,1,0.310,33,65,73,77,75,68,63,64,64,66,66.808
file390.TextGrid,2,0.380,66,68,70,71,72,71,70,70,71,69,70.316
file390.TextGrid,3,0.330,69,68,68,69,71,69,65,59,50,42,63.982
file391.TextGrid,1,0.260,17,54,63,70,72,75,82,78,70,58,67.284
file391.TextGrid,2,0.370,58,65,75,76,73,71,69,70,70,69,69.866
file391.TextGrid,3,0.280,69,72,68,66,65,64,60,53,47,28,60.703
file392.TextGrid,1,0.130,50,54,58,61,64,66,67,68,69,67,62.871
file392.TextGrid,2,0.410,67,57,73,74,66,58,58,61,65,71,64.441
file392.TextGrid,3,0.160,71,71,72,71,69,63,56,48,40,28,59.923
file393.TextGrid,1,0.130,37,51,66,72,75,77,75,77,78,78,69.796
file393.TextGrid,2,0.100,78,78,77,78,79,79,78,78,76,72,77.725
file393.TextGrid,3,0.580,72,65,71,80,80,80,62,53,46,37,65.003
file394.TextGrid,1,0.270,-8,28,42,70,74,69,42,4,14,52,40.918
file394.TextGrid,2,0.440,52,60,61,68,79,82,82,82,82,81,73.874
file394.TextGrid,3,0.540,81,73,77,77,69,49,49,49,43,40,60.859
file395.TextGrid,1,0.340,12,50,57,58,75,75,75,75,76,70,65.012
file395.TextGrid,2,0.420,70,54,52,58,76,77,77,75,72,62,67.148
file395.TextGrid,3,0.380,62,66,64,61,66,72,70,65,45,18,61.746
file396.TextGrid,1,0.250,21,42,55,60,58,66,77,75,69,65,60.455
file396.TextGrid,2,0.230,65,71,77,79,78,77,73,71,67,69,73.299
file396.TextGrid,3,0.270,69,71,69,64,57,50,47,39,37,39,54.052
file397.TextGrid,1,0.500,31,51,74,70,81,83,81,74,75,66,70.608
file397.TextGrid,2,0.070,66,63,61,59,60,59,58,56,56,56,59.253
file397.TextGrid,3,0.070,56,55,54,54,54,53,52,53,53,51,53.526
file398.TextGrid,1,0.180,26,33,50,56,59,56,70,79,81,77,59.361
file398.TextGrid,2,0.440,77,65,75,76,76,73,75,77,74,66,73.429
file398.TextGrid,3,0.180,66,58,54,49,49,49,49,48,45,34,49.985
file399.TextGrid,1,0.190,37,65,78,80,82,81,69,65,59,62,70.170
file399.TextGrid,2,0.160,62,62,57,52,54,66,80,82,80,73,66.792
file399.TextGrid,3,0.500,73,75,83,81,65,61,57,50,43,33,63.108
file4.TextGrid,1,0.260,23,62,72,67,56,56,55,54,48,17,54.931
file4.TextGrid,2,0.210,17,-11,-12,31,63,80,82,82,82,81,49.425
file4.TextGrid,3,0.240,81,80,79,79,81,79,75,72,61,46,74.273
file40.TextGrid,1,0.250,40,52,76,77,68,61,57,51,52,61,60.709
file40.TextGrid,2,0.470,61,66,66,74,83,77,72,70,70,70,71.002
file40.TextGrid,3,0.390,70,73,75,70,64,60,56,55,44,27,61.298
file400.TextGrid,1,0.280,27,68,75,66,56,52,44,48,51,53,56.572
file400.TextGrid,2,0.290,53,67,84,82,82,82,74,70,66,66,74.507
file400.TextGrid,3,0.270,66,74,78,80,79,78,74,53,42,30,67.415
file401.TextGrid,1,0.160,38,60,70,76,76,75,72,72,71,71,69.822
file401.TextGrid,2,0.120,71,71,71,72,73,73,73,72,71,67,71.779
file401.TextGrid,3,0.480,67,67,63,71,73,70,54,50,47,39,60.954
file41.TextGrid,1,0.210,25,60,71,76,77,72,67,65,70,73,67.628
file41.TextGrid,2,0.280,73,67,55,45,28,28,70,83,83,71,59.136
file41.TextGrid,3,0.420,71,61,57,74,80,79,73,57,52,28,64.275
file42.TextGrid,1,0.180,39,61,71,72,73,72,69,66,62,62,66.409
file42.TextGrid,2,0.200,62,64,73,73,72,71,71,70,68,64,69.678
file42.TextGrid,3,0.390,64,61,59,51,64,64,62,53,45,39,56.578
file43.TextGrid,1,0.060,24,25,26,29,30,32,35,37,39,41,31.761
file43.TextGrid,2,0.320,41,58,61,61,80,75,71,69,72,72,67.110
file43.TextGrid,3,0.310,72,74,76,76,73,65,59,56,56,50,66.185
file44.TextGrid,1,0.130,52,62,66,65,59,57,74,81,81,76,67.676
file44.TextGrid,2,0.210,76,72,71,82,83,81,76,68,65,62,73.935
file44.TextGrid,3,0.380,62,62,82,82,77,66,58,56,55,52,66.861
file45.TextGrid,1,0.240,34,34,36,38,39,68,79,82,83,82,57.652
file45.TextGrid,2,0.160,82,78,75,75,80,84,84,84,83,80,80.639
file45.TextGrid,3,0.440,80,82,82,82,70,58,53,53,46,36,64.523
file46.TextGrid,1,0.220,12,61,74,79,79,63,36,8,34,57,52.099
file46.TextGrid,2,0.460,57,65,69,79,82,80,81,81,77,78,75.962
file46.TextGrid,3,0.210,78,79,79,79,75,72,67,53,33,30,65.487
file47.TextGrid,1,0.150,30,52,65,65,67,74,73,66,61,57,62.927
file47.TextGrid,2,0.240,57,53,51,51,51,74,78,76,76,77,64.210
file47.TextGrid,3,0.450,77,77,74,77,75,63,56,47,42,34,62.833
file48.TextGrid,1,0.210,-10,45,67,77,76,68,63,55,51,50,58.450
file48.TextGrid,2,0.560,50,54,54,79,81,82,73,69,73,73,70.135
file48.TextGrid,3,0.250,73,67,68,69,67,63,60,52,46,25,60.025
file49.TextGrid,1,0.060,24,25,26,29,30,32,35,37,39,41,31.761
file49.TextGrid,2,0.320,41,58,61,61,80,75,71,69,72,72,67.110
file49.TextGrid,3,0.310,72,74,76,76,73,65,59,56,56,50,66.185
file5.TextGrid,1,0.230,24,43,60,60,64,65,60,73,71,70,60.352
file5.TextGrid,2,0.310,70,66,63,62,70,73,72,72,70,70,68.583
file5.TextGrid,3,0.200,70,69,63,61,66,66,65,64,60,54,64.088
file50.TextGrid,1,0.140,47,60,67,68,68,68,71,70,66,54,65.400
file50.TextGrid,2,0.250,54,49,64,79,73,60,49,47,44,45,56.976
file50.TextGrid,3,0.300,45,53,63,60,64,64,66,61,52,44,58.345
file51.TextGrid,1,0.070,24,25,37,49,56,63,70,74,76,76,55.466
file51.TextGrid,2,0.330,76,75,76,79,80,79,73,66,61,58,72.694
file51.TextGrid,3,0.390,58,63,76,75,72,64,57,48,41,34,60.504
file52.TextGrid,1,0.100,7,18,41,57,68,74,76,75,72,66,57.676
file52.TextGrid,2,0.150,66,61,62,64,66,73,74,73,71,73,67.982
file52.TextGrid,3,0.480,73,73,73,71,68,65,52,46,40,33,60.504
file53.TextGrid,1,0.310,20,66,69,57,56,57,53,40,7,-51,44.433
file53.TextGrid,2,0.140,-51,10,43,65,79,83,82,82,80,70,58.943
file53.TextGrid,3,0.290,70,65,64,58,62,77,78,75,69,43,67.464
file54.TextGrid,1,0.230,8,24,39,51,68,71,72,74,75,74,57.052
file54.TextGrid,2,0.210,74,76,78,78,76,75,76,75,71,68,75.122
file54.TextGrid,3,0.340,68,71,70,65,56,52,46,47,43,37,56.048
file55.TextGrid,1,0.390,-8,51,72,62,61,55,47,39,23,1,47.551
file55.TextGrid,2,0.390,1,58,81,83,80,73,74,71,70,72,69.646
file55.TextGrid,3,0.240,72,73,74,72,69,66,59,52,44,29,62.355
file56.TextGrid,1,0.280,16,52,75,68,64,68,70,71,71,63,65.287
file56.TextGrid,2,0.300,63,50,43,36,64,85,84,84,80,80,66.164
file56.TextGrid,3,0.530,80,84,84,82,78,72,61,54,45,35,67.747
file57.TextGrid,1,0.130,42,48,49,48,65,73,76,76,75,72,62.972
file57.TextGrid,2,0.360,72,61,62,60,62,73,73,74,72,74,67.389
file57.TextGrid,3,0.330,74,74,73,71,67,63,61,49,32,23,60.248
file58.TextGrid,1,0.230,-15,60,78,77,65,58,52,48,60,83,60.395
file58.TextGrid,2,0.430,83,80,81,82,83,80,78,76,73,73,79.333
file58.TextGrid,3,0.240,73,75,79,81,78,73,64,60,58,51,70.023
file59.TextGrid,1,0.140,32,45,54,57,61,60,56,68,73,71,58.613
file59.TextGrid,2,0.270,71,62,69,76,76,74,68,69,70,73,70.679
file59.TextGrid,3,0.240,73,74,74,71,71,65,57,51,42,41,62.451
file6.TextGrid,1,0.170,26,35,48,55,65,65,70,79,80,78,60.935
file6.TextGrid,2,0.170,78,77,78,77,77,77,75,74,72,71,75.749
file6.TextGrid,3,0.390,71,71,73,73,70,58,40,34,42,31,57.617
file60.TextGrid,1,0.110,17,44,60,65,68,71,74,75,77,78,64.671
file60.TextGrid,2,0.420,78,77,73,79,74,73,73,72,67,65,73.306
file60.TextGrid,3,0.330,65,64,67,67,65,64,64,55,26,10,56.381
file61.TextGrid,1,0.100,19,26,46,54,58,70,76,79,78,75,59.458
file61.TextGrid,2,0.190,75,68,74,79,81,81,81,80,80,79,78.009
file61.TextGrid,3,0.590,79,77,76,77,64,57,50,44,43,30,60.718
file62.TextGrid,1,0.320,28,72,76,70,74,75,78,69,54,48,68.389
file62.TextGrid,2,0.200,48,44,49,74,81,82,82,82,81,75,70.627
file62.TextGrid,3,0.240,75,80,80,77,76,71,62,58,53,49,69.156
file63.TextGrid,1,0.270,39,68,74,73,63,53,52,48,30,-1,53.994
file63.TextGrid,2,0.300,-1,36,72,77,77,72,55,53,53,47,57.648
file63.TextGrid,3,0.290,47,37,56,66,71,74,74,70,55,42,60.882
file64.TextGrid,1,0.230,12,50,52,59,63,64,70,69,69,63,59.515
file64.TextGrid,2,0.340,63,60,70,78,79,80,79,79,79,77,74.639
file64.TextGrid,3,0.360,77,73,69,69,72,72,69,66,51,25,66.081
file65.TextGrid,1,0.250,38,68,67,57,52,48,47,51,53,55,54.876
file65.TextGrid,2,0.270,55,59,79,82,81,82,82,82,82,80,77.610
file65.TextGrid,3,0.280,80,79,79,77,80,81,81,79,76,50,77.533
file66.TextGrid,1,0.210,26,55,72,75,69,71,70,67,64,59,64.799
file66.TextGrid,2,0.250,59,61,76,78,74,72,73,73,67,56,69.910
file66.TextGrid,3,0.470,56,52,77,79,75,62,59,53,44,37,60.949
file67.TextGrid,1,0.270,42,59,69,70,63,70,71,71,69,55,65.846
file67.TextGrid,2,0.440,55,43,76,81,78,72,76,76,73,64,70.236
file67.TextGrid,3,0.190,64,62,57,57,55,53,48,42,22,13,48.219
file68.TextGrid,1,0.130,29,35,51,66,73,76,78,80,79,74,65.632
file68.TextGrid,2,0.270,74,66,63,63,73,64,59,52,49,41,60.356
file68.TextGrid,3,0.510,41,75,78,77,73,71,64,57,44,33,64.604
file69.TextGrid,1,0.220,28,37,63,67,70,79,80,81,80,75,67.634
file69.TextGrid,2,0.300,75,65,72,78,75,72,72,74,73,72,72.739
file69.TextGrid,3,0.280,72,71,64,57,47,42,42,45,39,29,51.339
file7.TextGrid,1,0.370,-14,68,75,62,48,32,21,-2,-10,-15,32.136
file7.TextGrid,2,0.390,-15,79,82,83,78,74,74,69,70,74,72.371
file7.TextGrid,3,0.410,74,78,75,73,58,57,50,46,41,7,58.726
file70.TextGrid,1,0.140,29,31,36,56,65,61,61,65,76,79,56.347
file70.TextGrid,2,0.180,79,74,73,71,81,82,81,80,74,67,76.573
file70.TextGrid,3,0.490,67,70,65,76,76,70,59,45,44,41,61.948
file71.TextGrid,1,0.170,32,52,73,77,79,81,81,75,72,74,71.619
file71.TextGrid,2,0.270,74,75,73,72,70,83,85,83,83,74,77.771
file71.TextGrid,3,0.530,74,65,84,84,76,65,62,56,45,38,64.982
file72.TextGrid,1,0.160,28,51,67,79,82,81,79,77,74,73,71.012
file72.TextGrid,2,0.230,73,73,77,80,82,83,83,83,82,79,79.829
file72.TextGrid,3,0.390,79,74,75,77,71,60,53,53,44,34,62.467
file73.TextGrid,1,0.220,27,61,68,70,61,52,47,39,34,43,52.212
file73.TextGrid,2,0.530,43,55,60,79,82,83,75,77,73,77,71.504
file73.TextGrid,3,0.430,77,75,73,70,66,59,56,52,44,24,60.797
file74.TextGrid,1,0.150,23,41,63,72,75,74,73,75,74,71,66.014
file74.TextGrid,2,0.270,71,66,68,61,57,76,75,75,76,75,69.931
file74.TextGrid,3,0.340,75,77,79,77,73,70,59,53,50,48,66.161
file75.TextGrid,1,0.110,30,31,34,56,73,82,85,84,84,81,65.091
file75.TextGrid,2,0.160,81,75,70,65,71,77,79,81,79,72,74.846
file75.TextGrid,3,0.350,72,70,74,79,77,72,72,72,69,58,72.060
file76.TextGrid,1,0.150,39,52,64,68,71,73,74,76,77,77,68.114
file76.TextGrid,2,0.180,77,77,78,81,81,81,81,80,79,72,79.402
file76.TextGrid,3,0.190,72,66,62,66,72,73,72,69,66,58,67.922
file77.TextGrid,1,0.180,32,55,65,75,77,77,76,75,74,71,69.846
file77.TextGrid,2,0.210,71,73,78,81,79,79,77,77,78,76,77.512
file77.TextGrid,3,0.380,76,66,73,77,74,65,56,47,46,39,62.155
file78.TextGrid,1,0.250,34,68,74,75,74,72,72,72,71,65,70.294
file78.TextGrid,2,0.250,65,55,55,56,58,80,83,83,80,65,68.457
file78.TextGrid,3,0.270,65,47,47,62,79,80,79,74,64,43,64.827
file79.TextGrid,1,0.210,24,39,52,54,57,76,79,81,82,77,63.575
file79.TextGrid,2,0.100,77,71,69,67,66,68,74,76,76,76,71.547
file79.TextGrid,3,0.390,76,71,73,70,67,57,51,48,46,38,59.812
file8.TextGrid,1,0.240,37,60,67,66,66,66,67,68,68,66,64.579
file8.TextGrid,2,0.260,66,61,59,61,75,81,83,82,81,74,72.663
file8.TextGrid,3,0.190,74,78,78,78,77,75,72,65,56,55,71.398
file80.TextGrid,1,0.330,30,65,72,73,76,77,76,73,67,61,69.723
file80.TextGrid,2,0.110,61,62,65,68,70,72,73,72,70,67,68.506
file80.TextGrid,3,0.290,67,69,70,69,68,68,67,66,61,48,66.183
file81.TextGrid,1,0.190,47,66,73,74,69,53,46,24,14,37,51.692
file81.TextGrid,2,0.470,37,52,54,63,77,72,17,-300,-300,-75,-38.259
file81.TextGrid,3,0.280,-75,56,67,77,76,74,73,69,51,45,62.926
file82.TextGrid,1,0.170,16,49,66,71,74,68,55,35,14,-10,48.994
file82.TextGrid,2,0.420,-10,60,67,71,81,82,74,71,71,73,68.600
file82.TextGrid,3,0.290,73,71,77,79,77,75,69,48,41,30,65.649
file83.TextGrid,1,0.230,34,62,74,76,80,80,78,79,78,73,73.750
file83.TextGrid,2,0.410,73,72,71,80,80,80,79,81,80,81,77.127
file83.TextGrid,3,0.420,81,79,78,68,57,59,55,48,41,36,60.178
file84.TextGrid,1,0.420,30,46,52,57,80,69,59,52,57,57,58.065
file84.TextGrid,2,0.160,57,53,63,72,74,75,76,76,77,78,70.220
file84.TextGrid,3,0.120,78,78,78,78,77,77,76,75,75,75,76.618
file85.TextGrid,1,0.300,-7,51,73,71,63,47,45,56,46,35,52.303
file85.TextGrid,2,0.340,35,64,78,83,75,66,63,61,58,64,66.316
file85.TextGrid,3,0.350,64,74,73,74,73,68,59,54,48,37,63.238
file86.TextGrid,1,0.190,20,52,69,83,82,84,84,86,86,78,75.554
file86.TextGrid,2,0.130,78,73,70,72,77,78,77,76,72,66,74.046
file86.TextGrid,3,0.220,66,64,64,67,67,64,61,52,43,35,59.165
file87.TextGrid,1,0.290,30,56,62,68,71,71,70,56,55,55,61.987
file87.TextGrid,2,0.220,55,53,52,53,49,46,50,64,75,77,56.123
file87.TextGrid,3,0.460,77,77,78,79,74,63,69,69,68,51,72.151
file88.TextGrid,1,0.200,21,53,67,70,71,67,67,65,65,61,62.971
file88.TextGrid,2,0.180,61,56,60,58,59,57,55,67,71,73,60.947
file88.TextGrid,3,0.610,73,65,74,67,72,71,67,56,49,26,63.774
file89.TextGrid,1,0.150,25,35,48,58,68,72,72,71,67,58,59.298
file89.TextGrid,2,0.240,58,52,66,79,81,80,77,75,74,75,72.102
file89.TextGrid,3,0.450,75,76,75,74,73,66,57,48,37,28,62.085
file9.TextGrid,1,0.130,49,67,73,75,78,80,79,77,76,73,74.095
file9.TextGrid,2,0.170,73,67,62,61,60,57,55,70,74,67,64.092
file9.TextGrid,3,0.440,67,71,70,61,57,39,27,54,51,40,52.937
file90.TextGrid,1,0.360,2,62,75,75,72,72,71,66,55,42,64.362
file90.TextGrid,2,0.140,42,50,72,81,83,84,83,82,78,72,74.161
file90.TextGrid,3,0.490,72,70,66,78,77,75,60,51,39,32,63.375
file91.TextGrid,1,0.280,22,64,75,80,73,71,75,68,58,66,67.966
file91.TextGrid,2,0.110,66,63,58,66,75,78,77,76,75,71,70.848
file91.TextGrid,3,0.370,71,75,75,70,59,50,51,44,44,34,57.490
file92.TextGrid,1,0.200,3,20,44,54,56,62,77,76,73,73,55.539
file92.TextGrid,2,0.240,73,66,67,68,69,68,66,62,59,61,65.732
file92.TextGrid,3,0.220,61,61,67,67,56,49,48,43,32,25,51.868
file93.TextGrid,1,0.250,14,48,70,74,77,76,75,75,72,70,67.712
file93.TextGrid,2,0.120,70,71,73,73,73,74,73,73,71,70,72.411
file93.TextGrid,3,0.550,70,72,72,72,68,51,48,52,52,41,60.140
file94.TextGrid,1,0.220,38,55,68,71,73,73,73,74,75,79,68.873
file94.TextGrid,2,0.140,79,79,78,78,76,72,71,68,66,63,73.273
file94.TextGrid,3,0.370,63,60,69,71,60,49,49,49,44,39,55.649
file95.TextGrid,1,0.310,-0.2,51,66,66,65,66,66,62,53,41,58.095
file95.TextGrid,2,0.200,41,36,42,70,76,78,79,78,77,72,65.958
file95.TextGrid,3,0.280,72,73,73,72,71,64,52,48,40,35,60.683
file96.TextGrid,1,0.090,38,47,60,72,78,80,80,80,80,79,70.474
file96.TextGrid,2,0.110,79,79,79,80,81,81,80,79,77,72,79.051
file96.TextGrid,3,0.540,72,58,72,77,72,72,64,52,44,30,63.387
file97.TextGrid,1,0.130,18,39,50,58,63,66,64,58,54,59,54.625
file97.TextGrid,2,0.350,59,53,54,14,-198,59,79,82,82,76,45.736
file97.TextGrid,3,0.500,76,73,78,71,35,36,38,40,39,23,51.643
file98.TextGrid,1,0.270,-19,35,58,74,77,68,55,50,42,60,53.596
file98.TextGrid,2,0.480,60,70,72,65,83,82,76,75,73,76,74.538
file98.TextGrid,3,0.430,76,77,77,77,71,68,66,60,53,35,67.302
file99.TextGrid,1,0.180,27,41,62,78,80,79,74,73,74,76,68.189
file99.TextGrid,2,0.090,76,78,79,78,78,79,79,79,78,78,78.346
file99.TextGrid,3,0.370,78,77,78,79,73,70,58,51,46,37,65.966
