fileName,name,duration,Pitch1,Pitch2,Pitch3,Pitch4,Pitch5,Pitch6,Pitch7,Pitch8,Pitch9,Pitch10
file0.TextGrid,1,0.200,144,144,144,144,143,138,130,123,117,112
file0.TextGrid,2,0.290,112,104,97,103,133,155,164,167,160,149
file0.TextGrid,3,0.570,149,137,129,119,112,107,100,94,93,93
file1.TextGrid,1,0.160,105,105,105,103,100,99,98,97,97,96
file1.TextGrid,2,0.260,96,93,89,89,94,97,96,93,90,85
file1.TextGrid,3,0.240,85,81,81,81,81,82,83,82,82,82
file10.TextGrid,1,0.240,150,151,153,156,157,156,153,147,142,146
file10.TextGrid,2,0.180,146,151,157,163,170,176,182,187,190,191
file10.TextGrid,3,0.400,191,186,175,158,142,131,123,123,123,123
file100.TextGrid,1,0.370,135,135,138,140,138,136,133,125,123,134
file100.TextGrid,2,0.210,134,141,148,157,168,177,182,182,178,170
file100.TextGrid,3,0.370,170,154,137,121,106,97,97,97,97,97
file101.TextGrid,1,0.210,170,170,170,167,162,159,157,157,156,156
file101.TextGrid,2,0.460,156,154,153,161,192,217,202,186,170,154
file101.TextGrid,3,0.390,154,140,128,119,117,113,108,104,99,99
file102.TextGrid,1,0.160,115,115,115,115,115,115,115,115,114,114
file102.TextGrid,2,0.150,114,115,116,117,118,117,114,110,107,105
file102.TextGrid,3,0.380,105,106,108,119,130,131,126,124,124,124
file103.TextGrid,1,0.220,202,202,204,206,204,199,198,198,199,200
file103.TextGrid,2,0.170,200,202,206,210,212,211,209,206,204,200
file103.TextGrid,3,0.280,200,188,173,165,166,170,171,170,168,168
file104.TextGrid,1,0.280,121,121,121,122,122,120,118,120,116,110
file104.TextGrid,2,0.080,110,110,110,111,111,111,112,112,112,112
file104.TextGrid,3,0.390,112,111,107,103,100,98,98,98,98,98
file105.TextGrid,1,0.220,139,139,139,138,139,139,138,137,136,134
file105.TextGrid,2,0.300,134,134,138,143,148,153,160,169,173,162
file105.TextGrid,3,0.560,162,127,108,117,215,323,432,544,566,566
file106.TextGrid,1,0.200,99,99,101,106,111,115,116,114,111,111
file106.TextGrid,2,0.130,111,111,111,111,111,110,110,109,108,106
file106.TextGrid,3,0.260,106,101,98,97,96,95,96,97,97,97
file107.TextGrid,1,0.260,142,142,142,144,146,146,146,147,148,149
file107.TextGrid,2,0.420,149,152,155,161,170,177,178,174,165,148
file107.TextGrid,3,0.460,148,134,129,125,119,114,108,106,106,106
file108.TextGrid,1,0.380,113,113,116,122,140,160,186,205,201,172
file108.TextGrid,2,0.160,172,159,148,139,131,125,120,115,112,109
file108.TextGrid,3,0.280,109,106,104,102,101,99,99,100,101,101
file109.TextGrid,1,0.200,154,154,155,154,154,154,152,149,144,139
file109.TextGrid,2,0.350,139,134,141,149,157,166,174,186,194,189
file109.TextGrid,3,0.440,189,159,130,114,105,101,101,101,101,101
file11.TextGrid,1,0.140,101,101,101,101,101,102,106,108,109,107
file11.TextGrid,2,0.420,107,109,109,105,102,102,110,121,138,141
file11.TextGrid,3,0.210,141,139,136,134,134,134,134,134,134,134
file110.TextGrid,1,0.250,123,123,122,113,109,107,105,105,106,107
file110.TextGrid,2,0.120,107,107,108,108,108,107,105,101,96,91
file110.TextGrid,3,0.190,91,85,83,83,83,81,79,78,78,78
file111.TextGrid,1,0.110,109,109,109,109,109,109,108,106,106,105
file111.TextGrid,2,0.310,105,101,103,109,111,109,104,99,97,96
file111.TextGrid,3,0.400,96,95,94,99,109,104,101,101,101,101
file112.TextGrid,1,0.300,127,127,128,130,132,133,132,129,122,117
file112.TextGrid,2,0.370,117,118,119,121,132,145,154,156,147,133
file112.TextGrid,3,0.360,133,122,116,112,107,102,98,98,99,99
file113.TextGrid,1,0.160,107,107,107,107,107,107,107,107,107,106
file113.TextGrid,2,0.160,106,104,104,104,103,102,101,101,100,100
file113.TextGrid,3,0.550,100,101,102,118,126,124,126,126,126,126
file114.TextGrid,1,0.060,122,122,122,122,122,122,122,122,122,122
file114.TextGrid,2,0.220,122,122,122,121,115,109,104,99,95,93
file114.TextGrid,3,0.510,93,92,95,107,129,133,130,130,130,130
file115.TextGrid,1,0.240,166,166,166,166,165,160,157,156,157,157
file115.TextGrid,2,0.490,157,158,160,161,168,176,174,167,158,139
file115.TextGrid,3,0.250,139,130,123,118,115,112,108,106,106,106
file116.TextGrid,1,0.230,112,112,112,112,112,111,111,110,108,107
file116.TextGrid,2,0.120,107,108,110,112,114,115,115,114,113,111
file116.TextGrid,3,0.590,111,108,111,112,133,147,138,143,143,143
file117.TextGrid,1,0.210,136,136,135,130,124,119,120,123,126,129
file117.TextGrid,2,0.390,129,135,141,149,161,175,179,168,148,126
file117.TextGrid,3,0.280,126,116,109,105,102,100,99,99,99,99
file118.TextGrid,1,0.240,138,138,137,134,130,123,117,117,122,129
file118.TextGrid,2,0.190,129,136,143,150,156,162,165,166,165,163
file118.TextGrid,3,0.440,163,156,148,132,119,111,104,99,98,98
file119.TextGrid,1,0.250,118,118,118,120,120,119,118,116,114,113
file119.TextGrid,2,0.110,113,112,111,110,109,108,107,105,103,102
file119.TextGrid,3,0.300,102,101,99,96,95,97,97,97,97,97
file12.TextGrid,1,0.210,144,144,143,141,141,142,145,148,152,155
file12.TextGrid,2,0.480,155,163,170,178,191,197,188,180,171,162
file12.TextGrid,3,0.430,162,154,138,123,115,110,110,110,110,110
file120.TextGrid,1,0.310,156,156,153,153,154,152,148,144,138,138
file120.TextGrid,2,0.200,138,146,157,168,176,182,188,197,202,201
file120.TextGrid,3,0.290,201,192,183,172,157,141,130,123,118,118
file121.TextGrid,1,0.310,166,166,163,157,158,163,168,173,178,184
file121.TextGrid,2,0.170,184,186,190,194,200,208,216,220,215,203
file121.TextGrid,3,0.280,203,176,149,130,123,119,119,119,119,119
file122.TextGrid,1,0.150,115,115,115,115,115,115,115,115,115,112
file122.TextGrid,2,0.280,112,108,108,107,103,102,104,106,115,127
file122.TextGrid,3,0.120,127,130,132,133,133,133,133,133,133,133
file123.TextGrid,1,0.090,116,116,116,115,113,112,110,108,106,105
file123.TextGrid,2,0.350,105,105,109,107,106,104,102,101,100,95
file123.TextGrid,3,0.420,95,95,100,117,124,121,121,121,121,121
file124.TextGrid,1,0.280,212,212,213,218,221,222,226,226,223,221
file124.TextGrid,2,0.100,221,220,219,218,216,214,212,211,209,208
file124.TextGrid,3,0.580,208,201,186,182,181,181,181,181,181,181
file125.TextGrid,1,0.360,140,140,141,142,142,140,139,138,136,132
file125.TextGrid,2,0.140,132,136,142,152,163,173,182,190,195,198
file125.TextGrid,3,0.370,198,185,161,140,123,115,110,109,109,109
file126.TextGrid,1,0.220,146,146,146,145,145,146,148,151,153,155
file126.TextGrid,2,0.500,155,161,167,172,178,198,210,197,162,126
file126.TextGrid,3,0.460,126,109,101,95,93,93,93,93,93,93
file127.TextGrid,1,0.150,210,210,210,211,214,218,223,225,222,207
file127.TextGrid,2,0.250,207,166,163,201,225,227,226,225,224,222
file127.TextGrid,3,0.300,222,214,202,190,181,176,173,173,174,174
file128.TextGrid,1,0.210,109,109,109,109,107,107,107,107,107,108
file128.TextGrid,2,0.200,108,110,111,111,111,110,109,108,107,107
file128.TextGrid,3,0.320,107,108,111,119,127,128,125,125,125,125
file129.TextGrid,1,0.210,169,169,164,159,156,152,149,150,151,152
file129.TextGrid,2,0.360,152,155,157,160,163,166,169,174,173,162
file129.TextGrid,3,0.410,162,145,131,122,118,116,116,117,117,117
file13.TextGrid,1,0.150,124,124,124,124,130,136,141,143,144,146
file13.TextGrid,2,0.330,146,158,174,190,210,234,249,245,221,192
file13.TextGrid,3,0.330,192,173,158,143,130,122,113,103,102,102
file130.TextGrid,1,0.160,125,125,125,125,125,125,125,125,125,125
file130.TextGrid,2,0.290,125,125,125,121,115,110,105,108,112,115
file130.TextGrid,3,0.420,115,118,122,132,141,152,155,150,150,150
file131.TextGrid,1,0.090,126,126,126,126,126,122,117,114,111,111
file131.TextGrid,2,0.230,111,113,114,115,134,240,413,473,394,280
file131.TextGrid,3,0.350,280,139,101,103,117,129,126,126,126,126
file132.TextGrid,1,0.230,148,148,147,144,141,141,141,141,142,142
file132.TextGrid,2,0.420,142,143,144,145,157,184,200,184,150,121
file132.TextGrid,3,0.440,121,110,106,102,97,95,95,95,95,95
file133.TextGrid,1,0.190,127,127,127,127,127,127,128,130,134,137
file133.TextGrid,2,0.290,137,141,143,144,143,142,143,145,147,148
file133.TextGrid,3,0.540,148,152,156,169,159,134,114,105,105,105
file134.TextGrid,1,0.310,170,170,170,170,179,202,224,243,245,224
file134.TextGrid,2,0.170,224,206,188,173,159,148,139,134,129,125
file134.TextGrid,3,0.270,125,117,111,108,105,102,101,101,101,101
file135.TextGrid,1,0.120,115,115,115,115,117,120,122,123,122,121
file135.TextGrid,2,0.180,121,119,119,121,125,127,126,125,123,122
file135.TextGrid,3,0.550,122,122,132,147,162,148,126,108,100,100
file136.TextGrid,1,0.270,132,132,131,127,126,127,128,129,130,131
file136.TextGrid,2,0.140,131,132,132,132,132,132,131,131,132,133
file136.TextGrid,3,0.680,133,141,148,161,391,289,107,98,97,97
file137.TextGrid,1,0.130,105,105,105,103,99,96,94,93,92,92
file137.TextGrid,2,0.300,92,89,89,93,97,97,95,92,88,84
file137.TextGrid,3,0.220,84,82,81,80,80,80,81,81,81,81
file138.TextGrid,1,0.180,81,81,81,85,87,89,89,89,89,90
file138.TextGrid,2,0.290,90,90,91,94,96,97,97,96,94,92
file138.TextGrid,3,0.240,92,91,90,88,85,83,82,81,82,84
file139.TextGrid,1,0.170,181,181,181,183,188,195,204,211,215,215
file139.TextGrid,2,0.260,215,213,214,215,216,214,206,195,186,178
file139.TextGrid,3,0.140,178,175,172,169,166,164,164,165,166,167
file14.TextGrid,1,0.150,158,158,158,158,158,158,161,165,169,173
file14.TextGrid,2,0.190,173,177,177,173,167,161,153,144,136,129
file14.TextGrid,3,0.210,129,121,115,109,104,101,100,99,98,98
file140.TextGrid,1,0.410,97,97,100,106,113,168,160,112,103,102
file140.TextGrid,2,0.090,102,102,103,103,104,104,105,105,105,106
file140.TextGrid,3,0.410,106,108,117,138,147,147,147,147,147,147
file141.TextGrid,1,0.200,308,308,308,308,313,312,279,210,151,130
file141.TextGrid,2,0.140,130,128,128,128,127,125,122,119,115,112
file141.TextGrid,3,0.410,112,104,98,95,99,101,102,102,102,102
file142.TextGrid,1,0.210,143,143,146,148,147,144,144,146,148,150
file142.TextGrid,2,0.440,150,154,159,171,188,202,195,164,132,114
file142.TextGrid,3,0.150,114,111,108,104,101,98,95,95,95,95
file143.TextGrid,1,0.150,117,117,117,117,116,117,119,121,123,126
file143.TextGrid,2,0.310,126,131,135,140,144,143,138,129,116,105
file143.TextGrid,3,0.220,105,100,96,94,94,96,97,98,98,98
file144.TextGrid,1,0.250,156,156,156,151,147,146,145,142,138,134
file144.TextGrid,2,0.310,134,136,143,151,159,168,176,185,194,193
file144.TextGrid,3,0.300,193,181,169,158,148,135,123,113,104,101
file145.TextGrid,1,0.060,133,133,133,133,133,133,133,133,133,133
file145.TextGrid,2,0.190,133,133,133,133,133,133,131,129,128,127
file145.TextGrid,3,0.320,127,124,120,116,113,108,104,105,108,104
file146.TextGrid,1,0.130,128,128,128,128,128,128,127,124,120,116
file146.TextGrid,2,0.110,116,114,112,112,111,111,110,110,109,109
file146.TextGrid,3,0.390,109,109,113,132,154,197,215,148,89,89
file147.TextGrid,1,0.130,135,129,123,119,118,117,115,113,110,108
file147.TextGrid,2,0.180,108,107,106,106,106,106,106,105,104,103
file147.TextGrid,3,0.700,103,105,102,120,141,139,143,143,143,143
file148.TextGrid,1,0.110,116,116,116,116,116,116,116,116,116,116
file148.TextGrid,2,0.160,116,116,116,115,113,111,109,107,106,106
file148.TextGrid,3,0.590,106,116,121,142,162,278,189,161,161,161
file149.TextGrid,1,0.100,135,135,135,135,132,128,124,122,122,122
file149.TextGrid,2,0.230,122,125,126,126,127,127,126,124,122,123
file149.TextGrid,3,0.510,123,119,114,104,99,100,101,101,101,101
file15.TextGrid,1,0.230,142,142,142,138,134,131,129,127,125,123
file15.TextGrid,2,0.390,123,125,129,143,161,168,161,133,112,109
file15.TextGrid,3,0.400,109,113,111,110,108,107,107,107,107,107
file150.TextGrid,1,0.220,136,136,136,136,135,134,135,137,140,142
file150.TextGrid,2,0.200,142,144,146,149,150,151,152,154,156,160
file150.TextGrid,3,0.370,160,174,188,190,172,143,124,115,113,113
file151.TextGrid,1,0.170,99,99,99,99,109,122,130,135,137,136
file151.TextGrid,2,0.300,136,136,142,155,174,199,223,230,222,202
file151.TextGrid,3,0.320,202,165,137,121,112,106,99,99,99,99
file152.TextGrid,1,0.390,144,145,149,149,147,145,148,203,221,203
file152.TextGrid,2,0.140,203,196,190,187,187,191,198,205,210,211
file152.TextGrid,3,0.260,211,209,209,209,209,209,209,209,209,209
file153.TextGrid,1,0.270,158,158,157,154,152,150,149,147,146,144
file153.TextGrid,2,0.400,144,144,153,174,197,203,203,193,176,159
file153.TextGrid,3,0.370,159,143,126,116,111,107,107,107,107,107
file154.TextGrid,1,0.180,120,120,119,116,113,112,113,114,114,114
file154.TextGrid,2,0.320,114,115,115,115,115,115,114,114,111,109
file154.TextGrid,3,0.280,109,108,108,109,113,119,122,117,112,110
file155.TextGrid,1,0.260,113,113,113,113,113,113,109,106,104,101
file155.TextGrid,2,0.090,101,100,100,100,100,100,100,100,100,100
file155.TextGrid,3,0.490,100,99,98,97,102,109,107,107,107,107
file156.TextGrid,1,0.340,142,144,146,145,149,154,159,165,170,175
file156.TextGrid,2,0.140,175,178,180,184,188,193,199,203,203,200
file156.TextGrid,3,0.380,200,184,171,153,128,113,104,97,95,95
file157.TextGrid,1,0.230,156,156,154,149,146,148,152,156,161,165
file157.TextGrid,2,0.350,165,172,181,194,201,199,185,160,136,125
file157.TextGrid,3,0.410,125,125,116,109,105,104,94,89,89,89
file158.TextGrid,1,0.170,265,265,257,221,172,133,117,114,113,112
file158.TextGrid,2,0.180,112,112,112,112,112,111,109,106,104,102
file158.TextGrid,3,0.460,102,99,102,117,140,157,157,156,156,156
file159.TextGrid,1,0.090,117,117,117,117,117,117,114,111,109,108
file159.TextGrid,2,0.100,108,108,107,107,106,104,103,102,101,100
file159.TextGrid,3,0.610,100,104,106,104,104,115,124,126,126,126
file16.TextGrid,1,0.270,133,133,138,150,163,173,180,179,174,167
file16.TextGrid,2,0.210,167,160,150,139,130,121,116,113,110,108
file16.TextGrid,3,0.270,108,107,105,103,101,101,102,103,103,103
file160.TextGrid,1,0.250,115,115,113,117,184,375,528,552,489,328
file160.TextGrid,2,0.050,328,296,272,254,245,246,253,270,289,311
file160.TextGrid,3,0.290,311,347,177,106,164,395,491,491,491,491
file161.TextGrid,1,0.140,159,159,159,157,152,148,144,142,140,140
file161.TextGrid,2,0.310,140,144,148,148,142,137,136,134,134,138
file161.TextGrid,3,0.580,138,145,142,138,134,131,144,147,147,147
file162.TextGrid,1,0.170,168,168,167,167,165,162,161,161,162,164
file162.TextGrid,2,0.320,164,166,169,172,175,177,177,186,198,196
file162.TextGrid,3,0.320,196,180,165,149,131,117,108,103,103,103
file163.TextGrid,1,0.060,111,111,111,111,111,111,111,111,111,111
file163.TextGrid,2,0.230,111,111,110,107,105,104,103,101,100,100
file163.TextGrid,3,0.180,100,100,98,97,98,101,105,110,116,122
file164.TextGrid,1,0.200,160,160,160,160,159,155,152,151,152,154
file164.TextGrid,2,0.310,154,156,159,162,168,181,194,194,182,166
file164.TextGrid,3,0.480,166,140,119,114,113,105,101,99,98,98
file165.TextGrid,1,0.290,158,159,161,163,164,162,158,153,143,143
file165.TextGrid,2,0.150,143,150,159,168,177,186,193,200,204,205
file165.TextGrid,3,0.380,205,195,183,170,155,142,131,120,115,115
file166.TextGrid,1,0.160,120,120,120,120,120,120,120,120,120,120
file166.TextGrid,2,0.170,120,120,120,120,120,120,120,120,119,115
file166.TextGrid,3,0.380,115,109,105,101,106,116,133,136,136,136
file167.TextGrid,1,0.110,115,115,115,115,115,115,115,115,112,110
file167.TextGrid,2,0.200,110,108,109,110,108,106,107,110,113,113
file167.TextGrid,3,0.430,113,113,120,139,167,176,176,176,176,176
file168.TextGrid,1,0.290,117,117,120,123,128,134,134,130,125,119
file168.TextGrid,2,0.350,119,107,104,119,139,155,165,244,473,453
file168.TextGrid,3,0.260,453,357,262,172,111,94,93,93,93,93
file169.TextGrid,1,0.300,155,154,136,135,136,137,139,141,139,137
file169.TextGrid,2,0.280,137,138,142,144,147,151,150,145,139,135
file169.TextGrid,3,0.170,135,132,130,129,128,130,133,135,136,134
file17.TextGrid,1,0.150,116,116,116,116,116,116,114,112,110,110
file17.TextGrid,2,0.160,110,110,110,109,109,108,107,106,105,104
file17.TextGrid,3,0.460,104,103,109,125,141,142,142,142,142,142
file170.TextGrid,1,0.150,153,153,153,151,148,145,140,135,132,132
file170.TextGrid,2,0.550,132,142,145,136,165,195,191,149,121,118
file170.TextGrid,3,0.230,118,122,124,121,115,109,103,100,99,99
file171.TextGrid,1,0.240,149,149,149,149,149,150,154,159,164,169
file171.TextGrid,2,0.420,169,180,207,240,249,249,239,215,190,165
file171.TextGrid,3,0.330,165,144,126,117,112,107,105,105,105,105
file172.TextGrid,1,0.190,111,111,111,113,121,133,149,166,183,198
file172.TextGrid,2,0.160,198,207,214,216,216,210,200,184,164,145
file172.TextGrid,3,0.290,145,123,118,118,115,110,106,106,106,106
file173.TextGrid,1,0.220,168,168,164,156,145,136,132,133,134,136
file173.TextGrid,2,0.300,136,137,139,141,143,145,148,154,159,161
file173.TextGrid,3,0.600,161,155,139,126,119,114,113,110,109,109
file174.TextGrid,1,0.110,107,107,107,107,107,107,107,107,107,107
file174.TextGrid,2,0.170,107,107,107,107,107,107,106,104,103,102
file174.TextGrid,3,0.450,102,102,102,104,116,135,138,137,137,137
file175.TextGrid,1,0.250,156,156,155,150,146,145,145,146,147,149
file175.TextGrid,2,0.390,149,152,151,158,167,176,180,176,166,144
file175.TextGrid,3,0.400,144,126,123,123,115,111,105,99,99,99
file176.TextGrid,1,0.290,168,168,169,175,184,188,187,184,179,176
file176.TextGrid,2,0.520,176,187,200,217,230,191,153,128,114,109
file176.TextGrid,3,0.230,109,109,108,106,104,104,104,104,104,104
file177.TextGrid,1,0.260,141,141,132,132,137,138,137,137,138,139
file177.TextGrid,2,0.150,139,139,138,136,132,126,120,114,110,108
file177.TextGrid,3,0.120,108,107,106,105,103,102,101,101,101,101
file178.TextGrid,1,0.210,139,137,134,132,133,135,137,139,141,142
file178.TextGrid,2,0.110,142,143,144,145,145,146,146,146,146,147
file178.TextGrid,3,0.570,147,158,172,195,253,363,122,109,109,109
file179.TextGrid,1,0.160,117,117,117,117,117,118,118,119,120,121
file179.TextGrid,2,0.150,121,123,124,124,124,124,126,135,158,197
file179.TextGrid,3,0.190,197,257,318,379,442,502,546,564,566,566
file18.TextGrid,1,0.140,119,119,119,118,115,110,106,104,106,109
file18.TextGrid,2,0.200,109,111,111,108,105,103,102,101,102,103
file18.TextGrid,3,0.320,103,107,118,138,135,121,136,136,136,136
file180.TextGrid,1,0.340,138,138,139,137,135,132,130,132,135,138
file180.TextGrid,2,0.150,138,140,141,143,147,152,159,166,171,170
file180.TextGrid,3,0.320,170,156,141,130,125,118,104,93,88,88
file181.TextGrid,1,0.240,143,143,143,147,151,153,154,153,150,145
file181.TextGrid,2,0.190,145,142,145,152,161,170,177,181,181,177
file181.TextGrid,3,0.380,177,162,156,147,133,121,109,102,102,102
file182.TextGrid,1,0.190,118,118,118,115,112,109,104,100,99,101
file182.TextGrid,2,0.270,101,101,102,109,113,110,106,102,101,101
file182.TextGrid,3,0.380,101,102,108,120,126,129,129,129,129,129
file183.TextGrid,1,0.320,152,152,151,149,148,153,163,173,183,193
file183.TextGrid,2,0.160,193,198,204,210,216,221,224,225,225,225
file183.TextGrid,3,0.330,225,220,186,136,119,113,112,112,112,112
file184.TextGrid,1,0.180,129,129,129,127,125,127,130,134,138,142
file184.TextGrid,2,0.350,142,150,158,166,176,193,208,208,189,147
file184.TextGrid,3,0.360,147,117,114,106,102,101,102,104,104,104
file185.TextGrid,1,0.190,117,117,117,115,115,115,115,114,113,111
file185.TextGrid,2,0.110,111,110,108,108,107,108,111,119,133,151
file185.TextGrid,3,0.530,151,214,151,120,130,126,120,122,122,122
file186.TextGrid,1,0.090,250,250,250,250,250,250,250,250,250,250
file186.TextGrid,2,0.280,250,250,250,250,250,250,248,247,242,230
file186.TextGrid,3,0.330,230,205,181,168,166,169,169,166,165,165
file187.TextGrid,1,0.110,495,495,495,495,495,495,495,495,495,495
file187.TextGrid,2,0.250,495,495,369,191,124,119,132,225,385,373
file187.TextGrid,3,0.450,373,148,116,125,132,124,124,124,124,124
file188.TextGrid,1,0.200,120,120,120,120,120,120,120,119,114,110
file188.TextGrid,2,0.330,110,106,110,119,118,115,118,119,117,109
file188.TextGrid,3,0.280,109,100,98,102,107,109,109,109,109,109
file189.TextGrid,1,0.400,124,128,140,143,140,141,147,148,164,181
file189.TextGrid,2,0.170,181,189,197,205,213,221,228,231,226,214
file189.TextGrid,3,0.530,214,172,148,129,116,106,99,95,97,97
file19.TextGrid,1,0.330,123,123,121,114,109,108,111,111,119,141
file19.TextGrid,2,0.150,141,152,163,173,181,188,195,202,206,206
file19.TextGrid,3,0.400,206,185,159,134,125,168,186,188,188,188
file190.TextGrid,1,0.230,144,144,144,145,145,146,148,149,150,151
file190.TextGrid,2,0.090,151,151,152,152,153,153,154,154,154,154
file190.TextGrid,3,0.390,154,157,164,170,177,187,202,280,397,408
file191.TextGrid,1,0.120,112,112,112,112,112,112,109,106,105,104
file191.TextGrid,2,0.210,104,104,106,109,111,108,104,103,105,107
file191.TextGrid,3,0.720,107,107,103,111,137,138,136,136,136,136
file192.TextGrid,1,0.110,97,97,97,97,94,92,90,89,90,91
file192.TextGrid,2,0.290,91,96,101,101,99,100,101,99,97,94
file192.TextGrid,3,0.240,94,90,85,80,78,79,79,79,79,79
file193.TextGrid,1,0.100,105,104,104,103,101,100,99,97,95,93
file193.TextGrid,2,0.320,93,89,92,98,98,97,96,95,93,88
file193.TextGrid,3,0.280,88,84,85,85,84,82,80,81,81,80
file194.TextGrid,1,0.240,117,116,108,104,104,105,107,108,110,110
file194.TextGrid,2,0.060,110,110,109,109,109,108,108,108,107,107
file194.TextGrid,3,0.760,107,108,103,100,133,182,195,195,195,195
file195.TextGrid,1,0.220,109,109,109,109,109,109,109,109,109,109
file195.TextGrid,2,0.210,109,107,107,108,109,109,109,108,107,107
file195.TextGrid,3,0.420,107,109,114,119,130,128,123,184,225,225
file196.TextGrid,1,0.280,124,124,124,128,134,139,159,252,385,380
file196.TextGrid,2,0.320,380,209,163,175,180,173,162,149,136,126
file196.TextGrid,3,0.270,126,120,114,109,107,105,105,106,106,106
file197.TextGrid,1,0.290,195,195,203,213,214,215,218,221,224,228
file197.TextGrid,2,0.250,228,231,232,229,220,210,201,191,185,183
file197.TextGrid,3,0.330,183,188,187,179,174,174,173,173,172,171
file198.TextGrid,1,0.230,148,148,148,148,147,144,140,132,122,114
file198.TextGrid,2,0.200,114,109,107,105,105,106,107,108,105,102
file198.TextGrid,3,0.170,102,101,99,99,99,99,99,99,99,99
file199.TextGrid,1,0.100,134,134,134,131,127,123,120,118,115,114
file199.TextGrid,2,0.230,114,111,110,111,111,110,108,107,106,106
file199.TextGrid,3,0.440,106,107,111,114,127,141,141,141,141,141
file2.TextGrid,1,0.220,122,121,120,121,122,122,122,121,118,115
file2.TextGrid,2,0.290,115,117,123,127,135,145,155,159,154,145
file2.TextGrid,3,0.410,145,134,124,114,103,97,95,95,94,93
file20.TextGrid,1,0.200,130,130,130,126,123,122,123,123,124,125
file20.TextGrid,2,0.170,125,125,126,127,127,128,128,129,130,130
file20.TextGrid,3,0.670,130,108,101,98,109,142,161,132,84,84
file200.TextGrid,1,0.200,116,116,117,117,115,109,105,102,102,103
file200.TextGrid,2,0.170,103,104,106,106,107,108,110,111,113,114
file200.TextGrid,3,0.390,114,110,102,111,133,140,140,140,140,140
file201.TextGrid,1,0.280,151,151,151,151,151,150,149,146,141,135
file201.TextGrid,2,0.280,135,135,141,149,156,164,171,181,191,188
file201.TextGrid,3,0.250,188,178,168,159,147,137,129,123,123,123
file202.TextGrid,1,0.290,150,150,150,150,145,142,144,145,147,149
file202.TextGrid,2,0.350,149,151,153,158,167,173,167,160,154,147
file202.TextGrid,3,0.310,147,137,127,121,120,117,114,111,109,109
file203.TextGrid,1,0.210,111,111,111,111,111,111,111,111,111,111
file203.TextGrid,2,0.150,111,111,111,111,109,106,103,102,101,101
file203.TextGrid,3,0.660,101,100,98,100,120,147,140,140,140,140
file204.TextGrid,1,0.090,126,126,126,126,126,126,126,124,120,115
file204.TextGrid,2,0.240,115,107,106,111,113,111,108,107,106,106
file204.TextGrid,3,0.360,106,109,115,128,140,139,136,136,136,136
file205.TextGrid,1,0.180,120,120,120,121,122,120,118,118,119,119
file205.TextGrid,2,0.130,119,119,119,118,116,114,112,110,108,106
file205.TextGrid,3,0.480,106,105,107,117,143,153,118,104,104,104
file206.TextGrid,1,0.200,132,132,127,122,117,115,115,116,118,121
file206.TextGrid,2,0.220,121,123,123,121,116,110,105,103,100,96
file206.TextGrid,3,0.210,96,96,96,95,91,88,87,87,87,87
file207.TextGrid,1,0.110,121,121,120,118,117,116,115,114,113,111
file207.TextGrid,2,0.240,111,110,110,111,110,109,108,106,105,105
file207.TextGrid,3,0.410,105,106,107,112,121,129,128,127,127,127
file208.TextGrid,1,0.220,167,167,164,153,147,146,148,152,157,162
file208.TextGrid,2,0.380,162,170,178,189,203,210,201,183,164,146
file208.TextGrid,3,0.410,146,128,118,113,110,108,106,106,106,106
file209.TextGrid,1,0.320,137,137,137,138,138,137,136,135,137,142
file209.TextGrid,2,0.100,142,144,147,151,154,157,160,162,163,162
file209.TextGrid,3,0.370,162,157,151,145,136,127,118,116,116,116
file21.TextGrid,1,0.180,277,277,232,180,139,119,116,117,115,109
file21.TextGrid,2,0.090,109,106,104,102,102,102,103,103,102,102
file21.TextGrid,3,0.370,102,101,101,100,103,111,114,114,114,114
file210.TextGrid,1,0.200,105,105,105,105,105,105,105,106,107,108
file210.TextGrid,2,0.330,108,112,116,120,119,114,108,102,102,102
file210.TextGrid,3,0.370,102,105,118,135,138,135,135,135,135,135
file211.TextGrid,1,0.100,127,127,127,127,127,127,127,127,127,127
file211.TextGrid,2,0.250,127,127,127,127,123,122,123,124,125,125
file211.TextGrid,3,0.320,125,120,106,102,104,104,104,104,104,104
file212.TextGrid,1,0.240,128,128,128,128,128,127,119,111,108,107
file212.TextGrid,2,0.220,107,107,107,108,107,107,108,109,109,108
file212.TextGrid,3,0.470,108,105,110,117,126,124,123,123,123,123
file213.TextGrid,1,0.150,90,90,90,90,91,96,100,104,108,111
file213.TextGrid,2,0.160,111,114,116,118,119,118,114,108,103,100
file213.TextGrid,3,0.430,100,101,105,117,133,132,124,124,124,124
file214.TextGrid,1,0.180,118,118,118,116,115,116,118,118,117,115
file214.TextGrid,2,0.210,115,114,114,113,112,111,109,107,106,106
file214.TextGrid,3,0.360,106,107,115,131,149,150,150,150,150,150
file215.TextGrid,1,0.200,105,105,103,102,106,114,123,131,137,145
file215.TextGrid,2,0.150,145,152,160,164,165,162,158,153,148,141
file215.TextGrid,3,0.190,141,131,122,114,109,107,109,110,110,110
file216.TextGrid,1,0.240,167,167,167,166,166,165,165,165,166,166
file216.TextGrid,2,0.610,166,168,169,173,188,214,211,187,153,127
file216.TextGrid,3,0.290,127,120,113,108,104,100,98,98,98,98
file217.TextGrid,1,0.080,119,119,119,119,119,119,117,115,113,111
file217.TextGrid,2,0.140,111,111,112,113,113,112,111,109,107,106
file217.TextGrid,3,0.440,106,106,106,106,110,126,139,133,129,129
file218.TextGrid,1,0.140,120,120,120,120,120,120,120,120,118,115
file218.TextGrid,2,0.370,115,116,118,113,112,110,107,108,115,117
file218.TextGrid,3,0.280,117,117,117,117,117,117,117,117,117,117
file219.TextGrid,1,0.310,156,156,159,161,160,158,156,154,153,151
file219.TextGrid,2,0.190,151,150,149,148,146,142,136,131,128,125
file219.TextGrid,3,0.580,125,124,123,126,126,119,113,108,102,180
file22.TextGrid,1,0.280,154,154,154,154,153,146,136,128,123,122
file22.TextGrid,2,0.390,122,129,135,148,165,182,201,208,192,166
file22.TextGrid,3,0.490,166,139,117,110,104,98,96,92,92,92
file220.TextGrid,1,0.180,108,108,108,108,108,109,112,113,112,111
file220.TextGrid,2,0.150,111,108,106,106,107,107,107,105,103,102
file220.TextGrid,3,0.520,102,107,133,153,132,98,83,83,83,83
file221.TextGrid,1,0.360,147,147,147,147,152,159,166,173,180,187
file221.TextGrid,2,0.150,187,190,194,198,204,213,222,232,239,241
file221.TextGrid,3,0.410,241,217,172,137,122,131,188,200,200,200
file222.TextGrid,1,0.430,112,112,114,118,125,124,122,121,123,125
file222.TextGrid,2,0.340,125,126,132,139,144,147,147,142,132,119
file222.TextGrid,3,0.440,119,108,101,95,94,95,95,95,95,95
file223.TextGrid,1,0.170,111,111,111,111,112,115,118,120,121,121
file223.TextGrid,2,0.430,121,123,125,127,135,144,145,140,132,121
file223.TextGrid,3,0.220,121,114,108,104,100,98,96,94,92,92
file224.TextGrid,1,0.160,122,122,122,122,122,122,122,122,122,122
file224.TextGrid,2,0.230,122,122,122,122,119,110,104,101,102,106
file224.TextGrid,3,0.660,106,106,101,111,146,155,154,154,154,154
file225.TextGrid,1,0.220,147,147,151,181,226,243,237,227,217,207
file225.TextGrid,2,0.460,207,186,165,160,177,180,201,241,216,187
file225.TextGrid,3,0.280,187,143,112,106,103,101,100,100,101,101
file226.TextGrid,1,0.240,162,162,160,159,159,159,160,160,162,164
file226.TextGrid,2,0.570,164,169,174,183,213,229,217,174,141,124
file226.TextGrid,3,0.450,124,120,116,113,110,110,148,285,291,291
file227.TextGrid,1,0.040,185,185,185,185,185,185,186,186,186,187
file227.TextGrid,2,0.300,187,198,214,221,217,203,182,160,142,131
file227.TextGrid,3,0.290,131,124,118,112,108,106,106,106,106,106
file228.TextGrid,1,0.210,127,127,126,119,116,115,114,112,109,107
file228.TextGrid,2,0.690,107,104,111,133,136,136,136,136,136,136
file228.TextGrid,3,0.080,136,136,136,136,136,136,136,136,136,136
file229.TextGrid,1,0.120,111,111,111,111,110,109,109,108,107,107
file229.TextGrid,2,0.470,107,112,111,108,106,105,110,128,137,127
file229.TextGrid,3,0.180,127,128,127,126,126,126,126,126,126,126
file23.TextGrid,1,0.170,118,118,118,118,118,118,118,118,116,113
file23.TextGrid,2,0.090,113,112,111,110,109,108,107,106,105,104
file23.TextGrid,3,0.440,104,101,106,115,131,134,134,134,134,134
file230.TextGrid,1,0.180,125,125,125,128,131,134,136,138,140,142
file230.TextGrid,2,0.280,142,143,146,153,160,168,172,171,167,162
file230.TextGrid,3,0.350,162,150,131,116,107,103,102,103,104,104
file231.TextGrid,1,0.130,108,108,108,108,107,107,106,106,106,105
file231.TextGrid,2,0.180,105,103,102,101,100,98,96,94,94,97
file231.TextGrid,3,0.420,97,108,106,121,129,128,128,128,128,128
file232.TextGrid,1,0.140,167,169,171,174,176,176,175,174,173,172
file232.TextGrid,2,0.140,172,171,168,163,158,155,153,152,151,150
file232.TextGrid,3,0.390,150,147,144,138,131,128,130,158,201,217
file233.TextGrid,1,0.210,168,168,168,167,161,153,150,151,153,156
file233.TextGrid,2,0.310,156,159,163,167,178,200,218,221,208,193
file233.TextGrid,3,0.630,193,166,139,116,107,101,101,101,101,101
file234.TextGrid,1,0.250,291,291,226,161,146,147,151,155,159,163
file234.TextGrid,2,0.470,163,171,179,190,214,219,220,199,174,148
file234.TextGrid,3,0.300,148,132,117,110,107,107,107,107,107,107
file235.TextGrid,1,0.210,171,171,168,163,160,154,151,151,153,155
file235.TextGrid,2,0.410,155,160,165,171,175,176,171,164,157,148
file235.TextGrid,3,0.330,148,140,134,128,122,119,114,108,108,108
file236.TextGrid,1,0.160,140,140,140,137,135,135,136,137,138,139
file236.TextGrid,2,0.240,139,141,142,139,130,121,116,113,110,106
file236.TextGrid,3,0.230,106,103,101,97,92,89,89,89,89,89
file237.TextGrid,1,0.130,124,124,124,124,124,124,123,123,124,125
file237.TextGrid,2,0.250,125,126,127,129,128,122,115,111,108,106
file237.TextGrid,3,0.470,106,106,114,139,150,150,150,150,150,150
file238.TextGrid,1,0.170,577,577,577,577,545,449,321,231,198,193
file238.TextGrid,2,0.230,193,204,234,264,273,263,248,233,216,191
file238.TextGrid,3,0.230,191,163,142,131,125,123,123,123,123,123
file239.TextGrid,1,0.250,147,147,147,146,145,146,147,148,149,151
file239.TextGrid,2,0.140,151,151,152,153,154,154,155,156,156,157
file239.TextGrid,3,0.740,157,174,184,182,225,208,114,98,203,207
file24.TextGrid,1,0.370,131,131,131,131,128,126,127,130,135,140
file24.TextGrid,2,0.200,140,143,148,172,250,343,327,241,196,186
file24.TextGrid,3,0.530,186,175,146,127,115,106,94,87,87,87
file240.TextGrid,1,0.170,113,113,113,113,112,110,108,107,107,106
file240.TextGrid,2,0.130,106,105,104,104,104,104,104,104,103,103
file240.TextGrid,3,0.430,103,101,103,105,108,117,138,151,131,135
file241.TextGrid,1,0.350,140,140,140,142,146,150,154,159,163,168
file241.TextGrid,2,0.260,168,171,173,177,185,194,200,201,193,176
file241.TextGrid,3,0.510,176,152,132,117,106,98,95,91,91,91
file242.TextGrid,1,0.150,101,101,101,101,101,102,102,102,102,103
file242.TextGrid,2,0.150,103,105,108,110,113,115,115,113,110,107
file242.TextGrid,3,0.350,107,103,98,93,91,97,106,107,107,107
file243.TextGrid,1,0.370,121,121,208,504,559,378,136,107,115,124
file243.TextGrid,2,0.150,124,128,131,135,139,144,150,157,163,165
file243.TextGrid,3,0.420,165,150,126,107,99,90,88,88,88,88
file244.TextGrid,1,0.150,120,118,116,115,115,116,116,115,115,115
file244.TextGrid,2,0.190,115,116,117,119,121,120,118,114,110,108
file244.TextGrid,3,0.250,108,107,105,100,94,91,91,91,91,91
file245.TextGrid,1,0.130,118,118,118,118,118,118,117,117,115,113
file245.TextGrid,2,0.190,113,111,110,110,111,110,109,107,106,104
file245.TextGrid,3,0.500,104,100,99,108,132,139,134,134,134,134
file246.TextGrid,1,0.100,125,125,125,125,125,125,125,125,124,123
file246.TextGrid,2,0.180,123,121,121,119,116,114,114,113,110,109
file246.TextGrid,3,0.470,109,114,122,133,155,149,138,138,138,138
file247.TextGrid,1,0.210,141,141,141,140,141,145,149,153,157,161
file247.TextGrid,2,0.400,161,169,176,185,204,219,204,169,132,116
file247.TextGrid,3,0.260,116,116,115,111,104,98,94,94,94,94
file248.TextGrid,1,0.330,134,134,137,137,136,134,129,130,136,142
file248.TextGrid,2,0.140,142,144,147,150,155,162,171,177,181,181
file248.TextGrid,3,0.430,181,172,150,128,112,106,100,95,96,96
file249.TextGrid,1,0.070,119,119,119,119,119,118,116,114,112,111
file249.TextGrid,2,0.200,111,109,110,111,111,110,109,108,107,105
file249.TextGrid,3,0.420,105,103,109,116,130,138,129,121,125,125
file25.TextGrid,1,0.330,165,165,165,172,181,182,174,163,154,138
file25.TextGrid,2,0.200,138,130,124,118,113,110,108,106,104,102
file25.TextGrid,3,0.210,102,101,100,99,98,98,99,100,100,100
file250.TextGrid,1,0.200,137,137,137,138,150,180,203,202,187,170
file250.TextGrid,2,0.430,170,137,123,131,144,154,151,141,127,120
file250.TextGrid,3,0.240,120,114,109,106,104,103,103,103,103,103
file251.TextGrid,1,0.110,113,113,113,113,113,113,113,114,118,123
file251.TextGrid,2,0.220,123,129,126,120,117,113,111,109,108,108
file251.TextGrid,3,0.390,108,110,114,113,122,129,123,123,123,123
file252.TextGrid,1,0.280,168,168,161,152,147,145,148,151,155,158
file252.TextGrid,2,0.460,158,163,169,174,178,191,208,211,196,172
file252.TextGrid,3,0.400,172,144,123,112,106,104,102,102,102,102
file253.TextGrid,1,0.220,182,182,183,186,188,186,184,183,184,185
file253.TextGrid,2,0.370,185,187,189,190,193,205,213,198,186,178
file253.TextGrid,3,0.550,178,166,153,142,131,126,120,111,107,107
file254.TextGrid,1,0.080,122,122,122,121,118,115,113,111,109,109
file254.TextGrid,2,0.100,109,108,109,109,109,109,109,109,109,109
file254.TextGrid,3,0.460,109,113,123,129,139,133,127,127,127,127
file255.TextGrid,1,0.220,159,159,159,160,159,158,158,159,160,161
file255.TextGrid,2,0.410,161,163,165,164,223,254,154,168,180,173
file255.TextGrid,3,0.340,173,162,149,137,126,118,111,106,106,106
file256.TextGrid,1,0.150,161,164,167,169,171,174,177,179,178,175
file256.TextGrid,2,0.070,175,174,172,170,168,166,165,163,161,159
file256.TextGrid,3,0.300,159,151,142,133,124,116,109,107,107,107
file257.TextGrid,1,0.260,148,148,147,144,142,142,143,144,145,145
file257.TextGrid,2,0.450,145,141,141,151,169,179,180,172,152,126
file257.TextGrid,3,0.440,126,114,108,104,103,102,101,101,104,104
file258.TextGrid,1,0.260,114,114,114,114,119,117,108,107,122,162
file258.TextGrid,2,0.190,162,186,187,160,127,108,103,101,100,100
file258.TextGrid,3,0.420,100,101,104,108,116,135,142,141,141,141
file259.TextGrid,1,0.150,140,140,140,140,140,140,140,140,141,144
file259.TextGrid,2,0.160,144,149,156,162,163,161,155,146,135,125
file259.TextGrid,3,0.470,125,122,127,110,99,100,100,100,100,100
file26.TextGrid,1,0.230,148,148,148,148,147,147,147,148,149,149
file26.TextGrid,2,0.320,149,149,149,153,168,190,206,203,192,182
file26.TextGrid,3,0.480,182,167,152,137,124,115,110,104,100,100
file260.TextGrid,1,0.270,157,157,157,154,148,148,151,152,152,152
file260.TextGrid,2,0.490,152,150,158,183,214,226,194,142,121,112
file260.TextGrid,3,0.370,112,117,115,112,130,193,207,205,208,213
file261.TextGrid,1,0.260,158,158,160,165,169,175,184,194,203,212
file261.TextGrid,2,0.310,212,224,237,245,236,210,181,158,143,130
file261.TextGrid,3,0.300,130,121,114,111,110,110,110,110,110,110
file262.TextGrid,1,0.360,168,168,171,176,176,174,173,172,171,175
file262.TextGrid,2,0.210,175,178,180,181,181,178,173,167,161,156
file262.TextGrid,3,0.470,156,149,143,129,118,113,105,101,100,100
file263.TextGrid,1,0.240,105,105,106,108,111,113,114,114,113,112
file263.TextGrid,2,0.210,112,112,111,110,107,104,104,104,104,105
file263.TextGrid,3,0.420,105,106,106,109,123,138,137,137,137,137
file264.TextGrid,1,0.290,154,154,154,154,154,154,153,150,151,156
file264.TextGrid,2,0.280,156,166,179,189,196,196,191,181,169,152
file264.TextGrid,3,0.220,152,138,127,117,110,105,101,99,99,99
file265.TextGrid,1,0.140,207,207,207,207,207,207,204,200,197,195
file265.TextGrid,2,0.230,195,194,197,202,206,208,208,206,204,200
file265.TextGrid,3,0.170,200,195,190,185,180,175,171,168,168,169
file266.TextGrid,1,0.530,126,126,126,126,126,126,120,115,111,109
file266.TextGrid,2,0.060,109,109,108,108,107,107,106,106,105,105
file266.TextGrid,3,0.360,105,109,114,111,102,99,99,99,99,99
file267.TextGrid,1,0.210,133,133,134,142,148,150,151,151,148,144
file267.TextGrid,2,0.260,144,138,133,132,138,152,169,183,193,196
file267.TextGrid,3,0.370,196,186,167,146,130,117,108,103,102,102
file268.TextGrid,1,0.280,128,128,130,131,130,128,127,127,126,123
file268.TextGrid,2,0.450,123,121,122,127,136,143,137,130,123,109
file268.TextGrid,3,0.270,109,101,96,94,92,91,91,92,92,92
file269.TextGrid,1,0.240,130,130,130,130,130,129,127,125,125,129
file269.TextGrid,2,0.210,129,134,140,147,154,160,167,173,176,172
file269.TextGrid,3,0.390,172,159,148,135,119,109,105,105,105,105
file27.TextGrid,1,0.240,139,139,139,141,139,132,126,122,119,117
file27.TextGrid,2,0.280,117,114,117,131,150,172,192,202,195,182
file27.TextGrid,3,0.340,182,168,156,143,130,117,109,106,101,98
file270.TextGrid,1,0.260,125,125,125,125,119,115,118,124,131,135
file270.TextGrid,2,0.440,135,130,135,153,167,171,215,226,219,169
file270.TextGrid,3,0.340,169,117,103,101,100,100,102,103,103,103
file271.TextGrid,1,0.230,163,163,163,163,162,161,161,161,161,161
file271.TextGrid,2,0.410,161,161,161,164,171,180,182,176,168,156
file271.TextGrid,3,0.230,156,147,138,130,125,122,119,117,117,117
file272.TextGrid,1,0.060,130,130,129,127,126,124,122,120,119,117
file272.TextGrid,2,0.540,117,113,118,114,109,109,130,155,187,183
file272.TextGrid,3,0.100,183,173,165,161,161,161,161,161,161,161
file273.TextGrid,1,0.150,114,114,114,114,114,114,114,114,114,114
file273.TextGrid,2,0.110,114,114,114,114,114,114,114,114,114,114
file273.TextGrid,3,0.690,114,114,112,108,119,131,119,120,120,120
file274.TextGrid,1,0.170,126,126,126,125,123,120,118,118,116,114
file274.TextGrid,2,0.140,114,111,109,107,105,104,103,101,101,102
file274.TextGrid,3,0.530,102,105,113,130,145,140,140,140,140,140
file275.TextGrid,1,0.210,124,124,124,124,124,124,124,122,118,116
file275.TextGrid,2,0.260,116,111,108,109,110,110,109,106,104,103
file275.TextGrid,3,0.440,103,105,109,121,136,142,139,139,139,139
file276.TextGrid,1,0.210,122,122,119,117,116,112,108,106,106,109
file276.TextGrid,2,0.190,109,111,113,112,110,107,105,102,100,98
file276.TextGrid,3,0.380,98,94,100,102,110,124,131,132,132,132
file277.TextGrid,1,0.300,139,140,144,148,149,147,146,144,144,147
file277.TextGrid,2,0.180,147,153,161,171,182,192,200,205,205,198
file277.TextGrid,3,0.280,198,178,155,135,123,117,112,111,111,111
file278.TextGrid,1,0.240,113,113,113,107,103,101,101,102,104,108
file278.TextGrid,2,0.090,108,110,111,113,114,114,114,114,114,117
file278.TextGrid,3,0.450,117,296,393,118,104,121,126,121,121,121
file279.TextGrid,1,0.200,121,121,121,121,121,121,121,120,115,111
file279.TextGrid,2,0.170,111,109,108,106,105,103,102,102,103,103
file279.TextGrid,3,0.500,103,107,122,149,150,149,151,151,151,151
file28.TextGrid,1,0.060,490,490,490,490,490,490,490,490,490,490
file28.TextGrid,2,0.230,490,490,428,290,176,136,126,116,109,107
file28.TextGrid,3,0.460,107,106,105,120,145,146,146,146,146,146
file280.TextGrid,1,0.170,126,126,126,126,126,126,126,126,124,121
file280.TextGrid,2,0.270,121,119,119,119,115,110,102,96,94,95
file280.TextGrid,3,0.370,95,98,105,119,134,140,140,140,140,140
file281.TextGrid,1,0.340,129,129,129,130,131,132,130,128,127,126
file281.TextGrid,2,0.210,126,125,124,124,123,122,121,120,118,117
file281.TextGrid,3,0.570,117,118,129,136,121,103,91,87,87,87
file282.TextGrid,1,0.200,145,145,145,143,138,132,130,131,134,136
file282.TextGrid,2,0.460,136,143,149,156,165,167,150,127,111,105
file282.TextGrid,3,0.480,105,107,101,100,100,100,100,100,100,100
file283.TextGrid,1,0.280,146,146,145,142,137,132,128,127,127,127
file283.TextGrid,2,0.460,127,126,127,137,142,145,142,135,125,116
file283.TextGrid,3,0.300,116,111,106,103,100,95,91,91,91,91
file284.TextGrid,1,0.100,111,111,111,111,111,110,110,109,109,110
file284.TextGrid,2,0.280,110,112,114,115,110,104,101,99,96,97
file284.TextGrid,3,0.440,97,104,114,136,142,140,140,140,140,140
file285.TextGrid,1,0.150,129,129,128,121,117,116,116,114,110,107
file285.TextGrid,2,0.200,107,105,105,104,104,104,105,106,108,111
file285.TextGrid,3,0.310,111,115,114,108,104,104,110,124,134,137
file286.TextGrid,1,0.390,110,110,112,121,127,137,146,147,144,141
file286.TextGrid,2,0.230,141,139,137,133,126,117,110,106,104,99
file286.TextGrid,3,0.200,99,96,96,97,98,98,97,96,96,96
file287.TextGrid,1,0.220,176,176,176,176,176,176,168,154,143,138
file287.TextGrid,2,0.230,138,140,147,154,157,157,154,150,147,147
file287.TextGrid,3,0.280,147,147,144,140,136,131,131,136,138,138
file288.TextGrid,1,0.190,149,149,149,152,156,159,159,158,158,157
file288.TextGrid,2,0.450,157,155,153,151,154,169,174,169,156,127
file288.TextGrid,3,0.330,127,108,104,107,111,112,111,109,109,109
file289.TextGrid,1,0.220,170,170,170,171,171,171,174,178,183,187
file289.TextGrid,2,0.380,187,195,203,212,223,236,243,234,208,173
file289.TextGrid,3,0.300,173,149,129,117,113,109,106,104,104,104
file29.TextGrid,1,0.240,100,100,103,109,114,114,114,113,112,111
file29.TextGrid,2,0.080,111,110,110,110,109,108,107,106,105,104
file29.TextGrid,3,0.360,104,106,107,100,100,100,100,100,100,100
file290.TextGrid,1,0.160,301,284,266,247,230,214,199,183,167,151
file290.TextGrid,2,0.240,151,129,114,107,106,106,106,107,110,113
file290.TextGrid,3,0.430,113,107,105,112,119,125,125,125,125,125
file291.TextGrid,1,0.140,131,131,129,125,121,120,120,119,119,117
file291.TextGrid,2,0.150,117,116,116,116,115,113,109,106,103,103
file291.TextGrid,3,0.500,103,108,111,122,133,134,134,134,134,134
file292.TextGrid,1,0.150,105,105,105,105,105,105,106,107,108,108
file292.TextGrid,2,0.220,108,108,109,110,110,109,109,109,110,110
file292.TextGrid,3,0.480,110,112,123,129,136,132,129,129,129,129
file293.TextGrid,1,0.210,121,121,121,119,116,115,117,118,116,112
file293.TextGrid,2,0.250,112,110,111,109,107,105,104,104,103,103
file293.TextGrid,3,0.560,103,111,132,152,158,153,152,152,152,152
file294.TextGrid,1,0.160,119,119,119,117,114,111,109,107,105,103
file294.TextGrid,2,0.290,103,99,99,107,111,110,108,107,108,108
file294.TextGrid,3,0.210,108,108,110,114,120,124,126,126,133,155
file295.TextGrid,1,0.350,314,314,283,249,232,221,190,148,128,122
file295.TextGrid,2,0.170,122,126,135,147,160,173,183,186,175,146
file295.TextGrid,3,0.430,146,85,87,94,100,105,104,108,111,112
file296.TextGrid,1,0.300,123,123,123,126,128,131,134,135,135,131
file296.TextGrid,2,0.320,131,132,139,146,150,150,148,144,137,124
file296.TextGrid,3,0.290,124,111,105,105,101,97,95,94,94,94
file297.TextGrid,1,0.180,117,117,116,114,114,118,122,122,119,117
file297.TextGrid,2,0.080,117,117,117,117,117,117,117,117,117,117
file297.TextGrid,3,0.360,117,117,112,116,128,136,135,127,127,127
file298.TextGrid,1,0.210,145,145,142,136,134,134,135,135,136,135
file298.TextGrid,2,0.310,135,131,128,129,137,147,156,161,161,159
file298.TextGrid,3,0.450,159,147,132,118,103,99,97,95,94,94
file299.TextGrid,1,0.090,122,122,122,122,122,120,118,116,114,112
file299.TextGrid,2,0.120,112,111,111,110,109,108,107,106,106,109
file299.TextGrid,3,0.480,109,120,119,114,125,126,124,124,124,124
file3.TextGrid,1,0.240,167,165,154,146,142,140,139,139,138,138
file3.TextGrid,2,0.440,138,139,149,159,169,174,168,151,127,110
file3.TextGrid,3,0.280,110,110,113,115,115,114,114,114,114,114
file30.TextGrid,1,0.250,150,150,151,157,164,166,168,170,171,173
file30.TextGrid,2,0.330,173,175,177,181,194,210,204,195,201,184
file30.TextGrid,3,0.440,184,159,143,130,120,117,115,114,114,114
file300.TextGrid,1,0.290,146,146,144,143,150,160,169,178,188,197
file300.TextGrid,2,0.140,197,202,207,212,216,218,219,217,213,208
file300.TextGrid,3,0.450,208,180,146,130,121,113,109,111,112,112
file301.TextGrid,1,0.150,114,114,114,114,114,114,114,114,114,114
file301.TextGrid,2,0.160,114,114,113,112,110,108,106,105,104,103
file301.TextGrid,3,0.360,103,103,105,111,125,136,136,131,131,131
file302.TextGrid,1,0.240,110,110,109,108,107,107,107,106,106,106
file302.TextGrid,2,0.210,106,108,109,108,105,103,102,102,101,102
file302.TextGrid,3,0.450,102,108,118,133,146,142,142,142,142,142
file303.TextGrid,1,0.260,118,118,118,118,116,111,108,107,106,106
file303.TextGrid,2,0.230,106,108,110,111,112,111,108,107,106,106
file303.TextGrid,3,0.520,106,116,143,177,197,196,197,197,197,197
file304.TextGrid,1,0.150,108,108,108,108,108,108,108,108,108,108
file304.TextGrid,2,0.140,108,108,108,108,108,108,108,108,108,107
file304.TextGrid,3,0.360,107,106,109,117,130,149,205,209,209,209
file305.TextGrid,1,0.270,142,142,142,142,146,153,160,168,175,183
file305.TextGrid,2,0.310,183,192,206,222,219,202,183,161,140,129
file305.TextGrid,3,0.440,129,121,115,111,109,109,110,111,111,111
file306.TextGrid,1,0.230,122,122,120,117,116,116,114,113,110,106
file306.TextGrid,2,0.080,106,105,104,104,104,104,104,104,105,105
file306.TextGrid,3,0.520,105,104,103,107,128,140,139,139,139,139
file307.TextGrid,1,0.210,119,119,118,115,115,114,112,110,108,104
file307.TextGrid,2,0.090,104,103,102,101,101,102,102,103,102,102
file307.TextGrid,3,0.440,102,102,106,109,120,129,126,127,127,127
file308.TextGrid,1,0.060,128,128,128,128,128,128,128,128,128,128
file308.TextGrid,2,0.260,128,128,128,127,120,116,116,115,115,114
file308.TextGrid,3,0.300,114,109,102,98,97,97,96,99,100,100
file309.TextGrid,1,0.060,114,114,114,114,114,114,114,114,114,114
file309.TextGrid,2,0.230,114,114,114,113,109,105,102,99,97,95
file309.TextGrid,3,0.470,95,94,94,106,123,130,130,130,130,130
file31.TextGrid,1,0.100,124,124,124,124,124,124,123,121,119,118
file31.TextGrid,2,0.140,118,117,117,118,117,116,114,111,109,107
file31.TextGrid,3,0.480,107,108,111,119,148,169,169,169,169,169
file310.TextGrid,1,0.180,114,114,114,114,114,112,110,113,119,124
file310.TextGrid,2,0.170,124,128,131,134,134,131,126,122,120,119
file310.TextGrid,3,0.420,119,115,110,102,99,99,99,99,99,99
file311.TextGrid,1,0.110,118,118,118,118,117,117,116,115,114,114
file311.TextGrid,2,0.150,114,114,113,111,110,108,107,106,105,105
file311.TextGrid,3,0.450,105,111,123,144,149,149,149,149,149,149
file312.TextGrid,1,0.120,105,105,105,105,105,106,108,110,112,114
file312.TextGrid,2,0.140,114,115,117,119,120,121,120,119,117,115
file312.TextGrid,3,0.340,115,111,109,108,109,112,121,138,154,154
file313.TextGrid,1,0.660,122,108,106,112,104,102,99,107,120,119
file313.TextGrid,2,0.050,119,119,119,119,119,119,119,119,119,119
file313.TextGrid,3,0.060,119,119,119,119,119,119,119,119,119,119
file314.TextGrid,1,0.150,218,218,220,224,227,230,234,238,246,262
file314.TextGrid,2,0.040,262,268,276,284,293,303,314,324,335,346
file314.TextGrid,3,0.490,346,405,360,312,264,215,183,177,178,178
file315.TextGrid,1,0.180,129,129,131,141,164,190,201,197,190,182
file315.TextGrid,2,0.330,182,168,155,148,159,176,190,194,180,149
file315.TextGrid,3,0.420,149,120,108,101,101,99,98,98,98,98
file316.TextGrid,1,0.090,115,115,115,115,115,115,115,115,115,115
file316.TextGrid,2,0.140,115,114,113,112,112,111,110,110,109,108
file316.TextGrid,3,0.540,108,106,103,100,103,103,104,104,104,104
file317.TextGrid,1,0.390,158,158,158,158,158,156,151,148,142,120
file317.TextGrid,2,0.100,120,119,121,125,128,129,129,128,126,125
file317.TextGrid,3,0.270,125,124,129,134,134,135,139,141,141,141
file318.TextGrid,1,0.140,112,112,112,113,114,114,114,113,111,110
file318.TextGrid,2,0.200,110,108,106,103,101,99,98,97,97,97
file318.TextGrid,3,0.360,97,99,102,110,128,133,133,133,133,133
file319.TextGrid,1,0.200,131,131,131,130,128,126,125,127,132,137
file319.TextGrid,2,0.320,137,144,151,159,164,165,171,174,167,155
file319.TextGrid,3,0.260,155,145,135,125,117,109,102,99,100,100
file32.TextGrid,1,0.310,138,130,113,111,111,106,106,110,124,176
file32.TextGrid,2,0.130,176,194,194,177,152,131,119,112,109,107
file32.TextGrid,3,0.580,107,103,104,117,150,185,236,239,239,239
file320.TextGrid,1,0.270,128,128,122,113,110,110,114,119,124,129
file320.TextGrid,2,0.230,129,133,136,138,136,133,129,129,131,132
file320.TextGrid,3,0.360,132,123,106,101,104,104,103,103,103,103
file321.TextGrid,1,0.250,168,168,168,166,167,167,165,162,158,156
file321.TextGrid,2,0.270,156,158,161,166,176,187,193,191,183,174
file321.TextGrid,3,0.610,174,158,143,124,112,106,106,106,106,106
file322.TextGrid,1,0.220,135,135,135,152,188,216,227,229,229,230
file322.TextGrid,2,0.390,230,237,309,506,342,167,164,158,140,122
file322.TextGrid,3,0.400,122,116,111,108,105,101,101,101,101,101
file323.TextGrid,1,0.200,147,147,148,149,149,149,149,150,151,152
file323.TextGrid,2,0.430,152,153,155,160,177,194,201,195,177,149
file323.TextGrid,3,0.310,149,133,124,120,115,109,105,101,100,100
file324.TextGrid,1,0.240,135,135,137,141,143,143,142,140,138,134
file324.TextGrid,2,0.280,134,132,136,144,152,159,163,167,172,168
file324.TextGrid,3,0.420,168,150,131,116,106,101,98,98,102,102
file325.TextGrid,1,0.250,130,130,130,132,138,142,143,143,142,141
file325.TextGrid,2,0.280,141,141,144,147,150,156,168,187,201,198
file325.TextGrid,3,0.560,198,176,154,129,116,111,100,101,104,104
file326.TextGrid,1,0.130,119,119,119,119,119,120,127,136,145,150
file326.TextGrid,2,0.250,150,146,139,135,130,125,121,118,117,117
file326.TextGrid,3,0.430,117,119,130,150,175,177,165,164,164,164
file327.TextGrid,1,0.240,208,211,230,245,249,249,246,243,239,235
file327.TextGrid,2,0.200,235,232,230,229,227,226,223,218,211,199
file327.TextGrid,3,0.200,199,184,173,165,160,160,162,164,166,166
file328.TextGrid,1,0.280,153,153,157,160,161,161,162,164,165,166
file328.TextGrid,2,0.370,166,167,169,170,172,180,184,181,174,166
file328.TextGrid,3,0.500,166,154,141,122,114,113,109,103,103,103
file329.TextGrid,1,0.230,120,120,118,117,117,114,110,108,103,98
file329.TextGrid,2,0.080,98,98,99,100,101,102,104,105,105,106
file329.TextGrid,3,0.590,106,107,107,110,121,131,131,127,127,127
file33.TextGrid,1,0.240,145,145,145,147,151,155,159,159,154,149
file33.TextGrid,2,0.230,149,150,157,165,173,178,180,183,186,185
file33.TextGrid,3,0.370,185,175,161,146,128,120,114,111,111,111
file330.TextGrid,1,0.340,135,135,134,127,116,110,115,151,222,295
file330.TextGrid,2,0.430,295,401,537,558,549,360,131,136,168,111
file330.TextGrid,3,0.170,111,98,95,95,95,95,95,95,95,95
file331.TextGrid,1,0.270,130,130,130,130,127,127,130,134,137,140
file331.TextGrid,2,0.320,140,144,148,152,160,170,172,165,158,150
file331.TextGrid,3,0.370,150,141,130,122,117,113,111,105,104,104
file332.TextGrid,1,0.220,202,202,208,221,233,239,245,269,325,394
file332.TextGrid,2,0.320,394,495,515,417,297,215,201,201,200,200
file332.TextGrid,3,0.430,200,200,200,188,156,132,122,122,122,122
file333.TextGrid,1,0.190,123,123,123,120,118,118,117,114,112,112
file333.TextGrid,2,0.190,112,112,113,114,114,115,114,111,107,104
file333.TextGrid,3,0.280,104,102,99,97,96,96,96,96,96,96
file334.TextGrid,1,0.240,118,118,118,118,118,115,112,111,109,108
file334.TextGrid,2,0.180,108,112,117,118,117,114,112,109,106,104
file334.TextGrid,3,0.340,104,106,112,125,141,141,140,140,140,140
file335.TextGrid,1,0.240,170,170,170,190,237,280,276,242,205,167
file335.TextGrid,2,0.370,167,120,114,124,137,149,157,148,131,116
file335.TextGrid,3,0.450,116,104,102,97,95,95,95,95,95,95
file336.TextGrid,1,0.070,112,112,112,112,112,112,112,112,112,112
file336.TextGrid,2,0.240,112,115,117,114,109,107,106,103,101,100
file336.TextGrid,3,0.470,100,98,97,110,137,140,135,135,135,135
file337.TextGrid,1,0.310,163,163,159,157,157,157,154,150,147,144
file337.TextGrid,2,0.440,144,145,151,170,198,217,212,190,160,135
file337.TextGrid,3,0.310,135,124,116,111,107,105,105,105,105,105
file338.TextGrid,1,0.190,108,108,108,108,108,108,108,107,104,103
file338.TextGrid,2,0.310,103,105,105,106,106,103,99,98,100,101
file338.TextGrid,3,0.340,101,105,117,131,134,134,134,134,134,134
file339.TextGrid,1,0.220,146,146,146,136,124,117,113,111,109,107
file339.TextGrid,2,0.450,107,102,103,113,128,138,140,135,124,108
file339.TextGrid,3,0.190,108,105,104,103,102,100,99,98,96,93
file34.TextGrid,1,0.190,113,113,113,113,113,113,114,117,120,123
file34.TextGrid,2,0.400,123,130,137,145,157,166,163,151,128,112
file34.TextGrid,3,0.400,112,102,94,92,93,93,93,93,93,93
file340.TextGrid,1,0.260,142,142,142,145,146,140,137,140,143,146
file340.TextGrid,2,0.430,146,152,159,170,181,190,187,170,147,129
file340.TextGrid,3,0.300,129,124,120,118,116,114,112,112,112,112
file341.TextGrid,1,0.300,181,181,183,193,208,223,229,230,231,233
file341.TextGrid,2,0.080,233,233,234,234,235,235,236,236,237,237
file341.TextGrid,3,0.560,237,233,214,210,205,185,173,174,173,173
file342.TextGrid,1,0.280,147,147,147,147,139,136,138,142,146,150
file342.TextGrid,2,0.160,150,152,154,155,153,151,147,144,140,138
file342.TextGrid,3,0.660,138,148,164,182,157,140,140,140,140,140
file343.TextGrid,1,0.350,146,124,118,123,123,120,120,120,120,123
file343.TextGrid,2,0.130,123,124,125,124,122,120,119,119,119,121
file343.TextGrid,3,0.530,121,123,121,122,119,127,129,127,127,127
file344.TextGrid,1,0.260,141,141,132,132,137,138,137,137,138,139
file344.TextGrid,2,0.150,139,139,138,136,132,126,120,114,110,108
file344.TextGrid,3,0.120,108,107,106,105,103,102,101,101,101,101
file345.TextGrid,1,0.220,140,140,138,138,138,138,139,140,141,142
file345.TextGrid,2,0.260,142,143,145,146,147,149,150,155,163,166
file345.TextGrid,3,0.360,166,160,153,145,134,120,111,106,106,106
file346.TextGrid,1,0.270,167,167,154,146,148,156,167,177,188,198
file346.TextGrid,2,0.120,198,203,208,212,215,216,217,217,216,217
file346.TextGrid,3,0.430,217,215,183,139,121,112,107,106,108,108
file347.TextGrid,1,0.360,118,118,118,121,127,131,132,131,128,127
file347.TextGrid,2,0.210,127,128,132,139,148,157,167,172,172,169
file347.TextGrid,3,0.310,169,158,143,128,115,104,95,89,89,89
file348.TextGrid,1,0.100,110,110,110,110,110,110,110,109,109,110
file348.TextGrid,2,0.240,110,114,120,120,116,114,111,109,106,105
file348.TextGrid,3,0.390,105,103,99,96,96,96,96,96,96,96
file349.TextGrid,1,0.180,119,119,119,116,115,119,127,134,136,136
file349.TextGrid,2,0.280,136,128,116,106,100,97,94,95,98,98
file349.TextGrid,3,0.120,98,98,98,98,98,98,98,98,98,98
file35.TextGrid,1,0.250,147,147,147,156,192,219,211,196,182,167
file35.TextGrid,2,0.520,167,139,124,141,180,192,189,174,156,137
file35.TextGrid,3,0.360,137,124,110,102,95,92,92,92,92,92
file350.TextGrid,1,0.230,134,134,134,133,130,129,132,136,140,144
file350.TextGrid,2,0.450,144,152,159,164,167,168,158,134,115,107
file350.TextGrid,3,0.430,107,104,105,105,105,105,105,105,105,105
file351.TextGrid,1,0.130,122,122,121,121,121,121,121,121,121,120
file351.TextGrid,2,0.240,120,119,122,125,123,116,109,105,103,102
file351.TextGrid,3,0.160,102,101,100,99,99,98,98,98,98,98
file352.TextGrid,1,0.160,99,99,99,99,101,106,112,115,115,114
file352.TextGrid,2,0.150,114,114,115,115,114,113,111,110,109,109
file352.TextGrid,3,0.410,109,114,120,129,150,174,182,163,162,162
file353.TextGrid,1,0.240,119,119,114,109,107,108,109,110,111,112
file353.TextGrid,2,0.230,112,113,114,112,108,105,103,103,102,102
file353.TextGrid,3,0.580,102,105,120,144,152,148,152,153,153,153
file354.TextGrid,1,0.190,116,116,116,117,118,117,115,114,113,112
file354.TextGrid,2,0.130,112,111,111,111,110,110,109,108,107,109
file354.TextGrid,3,0.460,109,197,421,418,172,144,144,144,144,144
file355.TextGrid,1,0.210,149,149,149,145,138,134,135,138,141,144
file355.TextGrid,2,0.330,144,149,154,159,165,174,185,192,180,159
file355.TextGrid,3,0.350,159,138,125,117,111,107,104,102,102,102
file356.TextGrid,1,0.130,199,199,195,191,186,183,179,175,170,163
file356.TextGrid,2,0.090,163,157,151,145,140,134,128,123,119,116
file356.TextGrid,3,0.330,116,110,111,112,114,113,111,113,113,113
file357.TextGrid,1,0.210,112,112,112,112,112,111,109,107,107,108
file357.TextGrid,2,0.120,108,108,108,108,109,109,109,109,108,108
file357.TextGrid,3,0.510,108,106,105,107,115,129,124,124,124,124
file358.TextGrid,1,0.240,138,138,131,127,126,123,121,123,126,122
file358.TextGrid,2,0.190,122,119,118,119,121,122,120,116,113,111
file358.TextGrid,3,0.240,111,110,109,108,107,108,110,118,133,147
file359.TextGrid,1,0.220,121,121,121,120,120,120,122,123,123,121
file359.TextGrid,2,0.250,121,121,123,127,132,138,145,151,154,152
file359.TextGrid,3,0.340,152,141,125,111,102,97,96,97,97,97
file36.TextGrid,1,0.280,158,158,158,158,158,158,158,158,158,158
file36.TextGrid,2,0.190,158,158,158,158,159,165,173,180,184,184
file36.TextGrid,3,0.420,184,179,161,127,108,96,85,80,80,80
file360.TextGrid,1,0.350,128,128,128,130,126,122,120,115,114,122
file360.TextGrid,2,0.260,122,130,140,152,161,161,154,147,139,132
file360.TextGrid,3,0.250,132,125,116,108,103,97,92,90,90,90
file361.TextGrid,1,0.140,125,125,122,119,117,115,112,107,101,98
file361.TextGrid,2,0.240,98,97,104,109,110,109,108,107,106,106
file361.TextGrid,3,0.390,106,110,116,125,127,123,123,123,123,123
file362.TextGrid,1,0.250,135,135,137,138,139,139,136,132,126,125
file362.TextGrid,2,0.250,125,131,138,144,152,160,173,184,184,173
file362.TextGrid,3,0.250,173,159,150,144,135,124,112,103,101,101
file363.TextGrid,1,0.260,137,137,137,139,143,146,147,145,140,143
file363.TextGrid,2,0.190,143,152,163,173,185,197,212,225,228,224
file363.TextGrid,3,0.390,224,200,174,146,123,111,104,101,101,101
file364.TextGrid,1,0.210,125,125,125,123,122,121,122,123,123,123
file364.TextGrid,2,0.150,123,123,122,122,122,122,122,121,119,116
file364.TextGrid,3,0.390,116,114,117,130,159,166,147,147,147,147
file365.TextGrid,1,0.240,144,144,144,144,143,143,145,148,150,153
file365.TextGrid,2,0.130,153,154,156,157,158,158,157,155,154,154
file365.TextGrid,3,0.530,154,169,186,191,179,154,126,114,108,107
file366.TextGrid,1,0.160,196,196,196,196,201,207,212,215,218,224
file366.TextGrid,2,0.110,224,228,232,233,231,226,220,213,207,201
file366.TextGrid,3,0.340,201,183,166,148,129,112,102,98,98,98
file367.TextGrid,1,0.180,128,128,128,128,128,128,128,128,126,120
file367.TextGrid,2,0.180,120,116,114,112,110,107,105,104,104,103
file367.TextGrid,3,0.330,103,105,108,115,126,132,132,132,132,132
file368.TextGrid,1,0.210,134,134,134,133,131,130,130,132,133,135
file368.TextGrid,2,0.250,135,136,138,140,142,145,153,163,165,159
file368.TextGrid,3,0.220,159,151,144,135,125,116,109,103,101,101
file369.TextGrid,1,0.220,93,94,98,101,107,112,113,113,112,110
file369.TextGrid,2,0.150,110,108,105,103,102,101,100,100,100,100
file369.TextGrid,3,0.220,100,100,103,109,120,134,149,161,173,184
file37.TextGrid,1,0.130,119,119,119,119,116,114,112,111,111,112
file37.TextGrid,2,0.270,112,113,117,122,121,116,112,109,107,107
file37.TextGrid,3,0.370,107,108,112,123,138,133,129,130,130,130
file370.TextGrid,1,0.140,102,102,102,102,102,102,102,102,102,102
file370.TextGrid,2,0.280,102,108,129,248,457,553,572,573,568,562
file370.TextGrid,3,0.350,562,560,438,173,118,118,118,118,118,118
file371.TextGrid,1,0.260,145,145,145,146,146,145,144,141,138,135
file371.TextGrid,2,0.270,135,137,143,150,158,167,178,191,198,193
file371.TextGrid,3,0.290,193,179,165,150,137,129,121,113,108,108
file372.TextGrid,1,0.260,156,156,156,151,143,140,141,143,146,148
file372.TextGrid,2,0.670,148,163,230,246,240,210,126,103,120,313
file372.TextGrid,3,0.230,313,313,313,313,313,313,313,313,313,313
file373.TextGrid,1,0.270,134,134,135,136,137,138,138,136,133,129
file373.TextGrid,2,0.250,129,126,123,121,121,124,126,127,126,126
file373.TextGrid,3,0.480,126,134,147,148,133,118,102,87,87,87
file374.TextGrid,1,0.210,120,120,120,120,120,119,117,116,117,117
file374.TextGrid,2,0.310,117,114,108,105,104,108,114,125,147,171
file374.TextGrid,3,0.260,171,187,193,194,198,200,200,200,200,200
file375.TextGrid,1,0.230,94,94,95,103,115,126,130,130,128,125
file375.TextGrid,2,0.090,125,124,123,122,121,119,116,113,110,109
file375.TextGrid,3,0.260,109,138,261,419,506,515,515,515,515,515
file376.TextGrid,1,0.240,138,138,144,152,155,155,154,149,142,142
file376.TextGrid,2,0.210,142,150,162,174,187,198,208,217,220,213
file376.TextGrid,3,0.380,213,187,159,135,125,116,102,102,102,102
file377.TextGrid,1,0.300,147,147,145,144,143,143,142,140,138,137
file377.TextGrid,2,0.260,137,134,129,128,135,145,158,172,186,190
file377.TextGrid,3,0.240,190,181,166,149,133,120,111,104,102,102
file378.TextGrid,1,0.240,157,157,153,147,141,139,139,140,142,143
file378.TextGrid,2,0.360,143,144,142,148,161,175,184,184,175,159
file378.TextGrid,3,0.390,159,143,129,123,119,115,110,107,107,107
file379.TextGrid,1,0.170,113,113,113,113,113,113,113,113,112,112
file379.TextGrid,2,0.160,112,111,110,109,107,106,104,103,102,102
file379.TextGrid,3,0.410,102,102,103,106,117,134,143,143,143,143
file38.TextGrid,1,0.180,88,88,88,91,96,102,107,110,111,110
file38.TextGrid,2,0.240,110,110,110,111,111,111,110,108,106,105
file38.TextGrid,3,0.460,105,109,122,141,142,142,142,142,142,142
file380.TextGrid,1,0.240,177,177,175,173,174,175,175,176,177,177
file380.TextGrid,2,0.470,177,178,179,180,187,201,204,196,183,158
file380.TextGrid,3,0.280,158,146,137,132,130,126,128,182,285,320
file381.TextGrid,1,0.230,149,149,149,149,150,153,155,153,150,146
file381.TextGrid,2,0.260,146,142,134,127,132,149,169,187,199,194
file381.TextGrid,3,0.260,194,174,152,137,126,116,107,98,94,94
file382.TextGrid,1,0.260,143,143,142,145,151,155,153,146,137,141
file382.TextGrid,2,0.120,141,148,156,163,169,174,177,180,182,182
file382.TextGrid,3,0.330,182,178,175,168,151,133,120,115,115,115
file383.TextGrid,1,0.240,144,144,148,172,225,257,253,239,225,210
file383.TextGrid,2,0.460,210,183,155,133,145,169,182,176,150,124
file383.TextGrid,3,0.250,124,114,108,104,100,96,94,92,92,92
file384.TextGrid,1,0.100,121,121,121,121,121,121,117,114,111,110
file384.TextGrid,2,0.210,110,108,107,106,106,105,104,104,105,105
file384.TextGrid,3,0.400,105,114,127,136,136,136,136,136,136,136
file385.TextGrid,1,0.280,109,109,101,98,99,100,101,100,100,99
file385.TextGrid,2,0.090,99,98,96,95,93,90,87,85,83,82
file385.TextGrid,3,0.250,82,84,87,88,86,85,84,84,84,85
file386.TextGrid,1,0.140,138,138,138,138,138,138,138,138,138,131
file386.TextGrid,2,0.200,131,122,116,114,112,110,108,108,107,107
file386.TextGrid,3,0.420,107,108,114,120,134,145,145,145,145,145
file387.TextGrid,1,0.220,159,159,159,160,161,161,158,155,151,148
file387.TextGrid,2,0.270,148,142,134,128,134,150,169,184,190,186
file387.TextGrid,3,0.250,186,174,158,143,131,123,117,110,107,107
file388.TextGrid,1,0.170,159,159,159,157,152,144,139,138,141,144
file388.TextGrid,2,0.460,144,152,161,170,182,192,189,173,149,126
file388.TextGrid,3,0.420,126,116,109,103,103,103,103,103,103,103
file389.TextGrid,1,0.210,117,117,117,115,114,114,114,113,111,109
file389.TextGrid,2,0.120,109,107,106,104,103,101,100,99,98,98
file389.TextGrid,3,0.490,98,102,109,119,148,155,145,145,145,145
file39.TextGrid,1,0.380,119,119,119,119,109,104,100,101,101,101
file39.TextGrid,2,0.320,101,104,102,103,104,104,108,120,134,140
file39.TextGrid,3,0.310,140,136,137,138,138,138,138,138,138,138
file390.TextGrid,1,0.310,132,132,135,138,135,133,130,127,125,126
file390.TextGrid,2,0.380,126,132,138,149,166,179,182,174,160,141
file390.TextGrid,3,0.330,141,126,115,109,104,99,96,95,98,98
file391.TextGrid,1,0.260,125,125,125,125,127,131,136,141,143,145
file391.TextGrid,2,0.370,145,149,160,174,186,184,171,155,139,129
file391.TextGrid,3,0.280,129,124,118,113,111,110,111,112,112,112
file392.TextGrid,1,0.130,143,143,145,148,150,151,151,150,148,145
file392.TextGrid,2,0.410,145,136,146,160,178,174,152,132,120,113
file392.TextGrid,3,0.160,113,110,108,107,106,106,107,108,108,108
file393.TextGrid,1,0.130,119,119,119,119,117,116,115,114,113,111
file393.TextGrid,2,0.100,111,110,109,108,107,106,105,105,106,106
file393.TextGrid,3,0.580,106,107,113,106,105,129,113,104,104,104
file394.TextGrid,1,0.270,158,158,158,158,160,158,153,150,147,144
file394.TextGrid,2,0.440,144,135,130,145,164,184,198,197,189,171
file394.TextGrid,3,0.540,171,143,125,116,107,104,104,104,104,104
file395.TextGrid,1,0.340,117,117,118,122,125,125,125,125,126,127
file395.TextGrid,2,0.420,127,126,120,127,138,140,137,131,123,112
file395.TextGrid,3,0.380,112,107,101,97,97,95,91,87,88,88
file396.TextGrid,1,0.250,127,127,127,127,127,127,124,120,115,112
file396.TextGrid,2,0.230,112,116,123,126,125,118,110,107,131,232
file396.TextGrid,3,0.270,232,378,430,430,430,430,430,430,430,430
file397.TextGrid,1,0.500,123,123,123,117,128,127,111,99,98,99
file397.TextGrid,2,0.070,99,99,99,99,100,100,100,100,100,100
file397.TextGrid,3,0.070,100,100,100,100,100,100,100,100,100,100
file398.TextGrid,1,0.180,115,115,115,115,115,115,115,114,110,106
file398.TextGrid,2,0.440,106,104,108,108,107,106,109,121,139,142
file398.TextGrid,3,0.180,142,141,141,141,141,141,141,141,141,141
file399.TextGrid,1,0.190,115,115,115,115,113,111,111,112,113,112
file399.TextGrid,2,0.160,112,112,112,112,111,110,107,103,98,96
file399.TextGrid,3,0.500,96,103,116,146,145,110,104,104,104,104
file4.TextGrid,1,0.260,144,144,142,142,145,149,153,156,159,162
file4.TextGrid,2,0.210,162,165,168,170,172,172,172,174,174,171
file4.TextGrid,3,0.240,171,163,151,137,126,118,110,104,100,100
file40.TextGrid,1,0.250,192,192,184,170,165,172,201,265,340,414
file40.TextGrid,2,0.470,414,545,520,295,196,192,172,153,137,125
file40.TextGrid,3,0.390,125,118,113,109,107,105,144,201,201,201
file400.TextGrid,1,0.280,157,157,155,148,142,143,148,154,159,165
file400.TextGrid,2,0.290,165,172,180,185,186,183,176,168,156,142
file400.TextGrid,3,0.270,142,130,121,116,113,109,106,106,106,106
file401.TextGrid,1,0.160,119,119,117,114,110,105,103,102,105,107
file401.TextGrid,2,0.120,107,109,109,109,109,108,108,107,106,105
file401.TextGrid,3,0.480,105,104,105,108,119,135,128,125,125,125
file41.TextGrid,1,0.210,133,133,132,130,127,124,126,129,133,137
file41.TextGrid,2,0.280,137,142,148,153,158,164,169,175,179,180
file41.TextGrid,3,0.420,180,177,156,130,112,106,102,102,102,102
file42.TextGrid,1,0.180,102,102,102,100,99,96,93,90,88,89
file42.TextGrid,2,0.200,89,94,99,100,99,98,97,94,89,85
file42.TextGrid,3,0.390,85,83,83,83,83,81,81,82,82,82
file43.TextGrid,1,0.060,128,128,128,128,128,128,128,128,128,128
file43.TextGrid,2,0.320,128,128,128,128,126,116,110,105,102,101
file43.TextGrid,3,0.310,101,100,102,108,118,129,133,133,133,133
file44.TextGrid,1,0.130,128,128,128,128,128,128,128,128,124,119
file44.TextGrid,2,0.210,119,115,116,117,115,111,109,111,115,115
file44.TextGrid,3,0.380,115,115,114,121,135,134,126,126,126,126
file45.TextGrid,1,0.240,115,115,115,115,115,115,115,114,114,111
file45.TextGrid,2,0.160,111,108,106,106,107,107,106,104,102,101
file45.TextGrid,3,0.440,101,104,120,142,146,145,145,145,145,145
file46.TextGrid,1,0.220,145,145,145,146,141,135,134,136,140,143
file46.TextGrid,2,0.460,143,150,158,172,195,211,196,171,139,117
file46.TextGrid,3,0.210,117,111,106,102,100,100,101,101,101,101
file47.TextGrid,1,0.150,112,112,113,114,116,119,119,118,118,119
file47.TextGrid,2,0.240,119,121,122,122,122,122,119,115,113,111
file47.TextGrid,3,0.450,111,110,110,117,134,152,221,229,229,229
file48.TextGrid,1,0.210,192,192,191,187,183,180,180,184,188,192
file48.TextGrid,2,0.560,192,201,210,230,247,346,433,166,120,113
file48.TextGrid,3,0.250,113,112,111,111,110,111,112,112,112,112
file49.TextGrid,1,0.060,128,128,128,128,128,128,128,128,128,128
file49.TextGrid,2,0.320,128,128,128,128,126,116,110,105,102,101
file49.TextGrid,3,0.310,101,100,102,108,118,129,133,133,133,133
file5.TextGrid,1,0.230,99,99,99,99,99,99,99,98,95,92
file5.TextGrid,2,0.310,92,89,87,89,96,99,99,96,91,87
file5.TextGrid,3,0.200,87,86,85,83,82,81,80,80,81,82
file50.TextGrid,1,0.140,141,141,140,137,133,128,126,138,169,220
file50.TextGrid,2,0.250,220,334,450,538,572,574,569,562,555,546
file50.TextGrid,3,0.300,546,530,505,502,502,502,502,502,502,502
file51.TextGrid,1,0.070,110,110,110,110,110,110,110,110,110,110
file51.TextGrid,2,0.330,110,111,112,112,110,107,106,106,107,108
file51.TextGrid,3,0.390,108,108,105,108,120,124,127,127,127,127
file52.TextGrid,1,0.100,122,122,122,122,122,122,120,116,113,110
file52.TextGrid,2,0.150,110,109,110,112,114,115,115,113,112,109
file52.TextGrid,3,0.480,109,97,97,109,133,155,146,144,144,144
file53.TextGrid,1,0.310,158,155,144,140,144,150,155,161,167,172
file53.TextGrid,2,0.140,172,175,177,180,181,183,185,186,185,182
file53.TextGrid,3,0.290,182,172,163,154,143,132,123,113,105,104
file54.TextGrid,1,0.230,118,118,118,118,118,118,117,117,119,122
file54.TextGrid,2,0.210,122,127,129,128,125,122,119,115,111,107
file54.TextGrid,3,0.340,107,104,109,119,123,122,122,122,122,122
file55.TextGrid,1,0.390,138,138,135,133,137,141,145,148,152,156
file55.TextGrid,2,0.390,156,160,167,184,200,200,181,151,126,115
file55.TextGrid,3,0.240,115,110,106,103,100,97,97,97,97,97
file56.TextGrid,1,0.280,132,132,132,133,137,142,147,151,156,161
file56.TextGrid,2,0.300,161,165,170,175,181,189,205,222,229,226
file56.TextGrid,3,0.530,226,199,165,132,104,97,97,97,97,97
file57.TextGrid,1,0.130,152,152,152,152,152,147,140,136,133,133
file57.TextGrid,2,0.360,133,137,143,149,153,148,143,141,137,133
file57.TextGrid,3,0.330,133,131,128,123,126,141,149,149,149,149
file58.TextGrid,1,0.230,140,140,139,135,130,126,122,117,113,109
file58.TextGrid,2,0.430,109,109,121,138,168,199,219,203,160,124
file58.TextGrid,3,0.240,124,115,113,124,165,222,281,331,353,355
file59.TextGrid,1,0.140,112,112,112,112,112,112,112,112,112,110
file59.TextGrid,2,0.270,110,110,113,113,110,105,101,100,101,102
file59.TextGrid,3,0.240,102,103,106,113,121,125,126,127,127,127
file6.TextGrid,1,0.170,117,117,117,117,117,117,117,117,114,112
file6.TextGrid,2,0.170,112,112,111,109,108,107,106,105,104,104
file6.TextGrid,3,0.390,104,104,108,116,122,118,117,117,117,117
file60.TextGrid,1,0.110,122,122,122,122,122,122,122,123,123,123
file60.TextGrid,2,0.420,123,125,128,131,134,136,142,146,138,116
file60.TextGrid,3,0.330,116,104,104,104,103,104,107,108,108,108
file61.TextGrid,1,0.100,118,118,118,118,118,118,115,111,107,104
file61.TextGrid,2,0.190,104,104,107,111,113,113,113,111,109,107
file61.TextGrid,3,0.590,107,102,110,125,138,190,147,147,147,147
file62.TextGrid,1,0.320,131,131,128,120,112,108,108,109,118,135
file62.TextGrid,2,0.200,135,146,157,169,181,196,210,221,227,228
file62.TextGrid,3,0.240,228,228,228,228,228,228,228,228,228,228
file63.TextGrid,1,0.270,154,155,155,155,151,149,153,158,163,168
file63.TextGrid,2,0.300,168,174,183,198,213,215,205,190,175,160
file63.TextGrid,3,0.290,160,146,135,129,124,120,114,107,103,103
file64.TextGrid,1,0.230,109,109,109,109,112,117,122,124,123,120
file64.TextGrid,2,0.340,120,117,128,137,145,153,157,156,153,147
file64.TextGrid,3,0.360,147,138,123,110,104,103,103,103,104,104
file65.TextGrid,1,0.250,156,156,151,147,146,147,149,151,152,154
file65.TextGrid,2,0.270,154,155,156,158,161,167,170,168,162,153
file65.TextGrid,3,0.280,153,140,129,121,114,108,104,148,265,307
file66.TextGrid,1,0.210,138,138,138,128,122,121,121,121,121,122
file66.TextGrid,2,0.250,122,122,122,136,218,370,502,526,462,383
file66.TextGrid,3,0.470,383,234,121,120,141,135,134,134,134,134
file67.TextGrid,1,0.270,134,134,134,132,132,135,137,140,143,146
file67.TextGrid,2,0.440,146,150,157,169,163,150,135,118,105,97
file67.TextGrid,3,0.190,97,96,95,94,93,93,93,93,93,93
file68.TextGrid,1,0.130,116,116,116,116,114,111,109,108,107,108
file68.TextGrid,2,0.270,108,109,110,111,112,113,114,116,117,118
file68.TextGrid,3,0.510,118,115,105,106,117,131,132,131,131,131
file69.TextGrid,1,0.220,123,123,120,113,112,115,115,114,111,105
file69.TextGrid,2,0.300,105,100,104,105,99,95,95,99,106,115
file69.TextGrid,3,0.280,115,122,123,123,123,123,123,123,123,123
file7.TextGrid,1,0.370,166,166,155,149,148,150,152,153,155,157
file7.TextGrid,2,0.390,157,159,171,194,211,207,181,148,124,115
file7.TextGrid,3,0.410,115,108,104,102,102,102,102,102,102,102
file70.TextGrid,1,0.140,126,126,126,126,126,126,126,126,126,124
file70.TextGrid,2,0.180,124,119,114,114,116,117,116,114,114,115
file70.TextGrid,3,0.490,115,117,111,109,118,131,129,129,129,129
file71.TextGrid,1,0.170,146,146,143,132,124,120,118,118,118,119
file71.TextGrid,2,0.270,119,119,119,119,119,118,116,113,112,112
file71.TextGrid,3,0.530,112,113,124,144,153,93,77,77,77,77
file72.TextGrid,1,0.160,115,115,115,115,113,111,108,107,106,104
file72.TextGrid,2,0.230,104,103,103,103,104,103,103,102,101,99
file72.TextGrid,3,0.390,99,100,106,121,137,137,134,134,134,134
file73.TextGrid,1,0.220,136,137,147,154,155,153,152,150,149,147
file73.TextGrid,2,0.530,147,143,145,177,212,246,245,205,163,139
file73.TextGrid,3,0.430,139,126,118,114,110,107,106,106,106,106
file74.TextGrid,1,0.150,123,123,123,123,120,116,115,114,114,115
file74.TextGrid,2,0.270,115,118,123,127,130,127,119,114,111,109
file74.TextGrid,3,0.340,109,110,119,139,162,167,156,156,156,156
file75.TextGrid,1,0.110,214,214,214,214,214,215,217,218,218,218
file75.TextGrid,2,0.160,218,218,217,216,215,214,213,207,196,180
file75.TextGrid,3,0.350,180,164,172,173,169,167,169,171,170,170
file76.TextGrid,1,0.150,116,116,115,114,115,117,119,120,121,122
file76.TextGrid,2,0.180,122,122,122,121,119,117,114,111,107,104
file76.TextGrid,3,0.190,104,106,135,234,380,466,426,292,168,116
file77.TextGrid,1,0.180,120,120,118,115,112,109,107,106,105,105
file77.TextGrid,2,0.210,105,107,110,112,112,111,109,108,107,105
file77.TextGrid,3,0.380,105,108,109,107,116,130,115,112,112,112
file78.TextGrid,1,0.250,149,149,152,155,157,158,158,156,151,146
file78.TextGrid,2,0.250,146,152,163,176,190,206,221,232,232,219
file78.TextGrid,3,0.270,219,195,171,150,135,124,115,106,103,103
file79.TextGrid,1,0.210,154,154,154,154,154,153,150,148,144,137
file79.TextGrid,2,0.100,137,132,126,121,116,113,111,110,108,106
file79.TextGrid,3,0.390,106,99,97,96,96,99,99,99,99,99
file8.TextGrid,1,0.240,145,145,146,150,155,158,158,156,151,144
file8.TextGrid,2,0.260,144,138,139,152,176,195,205,204,190,167
file8.TextGrid,3,0.190,167,149,134,123,116,112,109,109,109,109
file80.TextGrid,1,0.330,195,196,203,214,229,239,245,244,222,191
file80.TextGrid,2,0.110,191,188,189,192,194,195,194,192,188,185
file80.TextGrid,3,0.290,185,177,173,172,172,172,169,167,167,167
file81.TextGrid,1,0.190,156,156,156,153,148,142,139,141,145,150
file81.TextGrid,2,0.470,150,161,172,187,214,219,198,179,161,143
file81.TextGrid,3,0.280,143,132,126,123,118,114,111,108,107,107
file82.TextGrid,1,0.170,148,148,148,147,144,139,136,137,139,142
file82.TextGrid,2,0.420,142,145,135,143,169,194,209,196,167,139
file82.TextGrid,3,0.290,139,126,118,112,106,102,99,99,99,99
file83.TextGrid,1,0.230,131,131,129,120,114,110,107,106,104,105
file83.TextGrid,2,0.410,105,114,122,123,112,106,102,102,102,106
file83.TextGrid,3,0.420,106,127,149,142,112,85,78,78,78,78
file84.TextGrid,1,0.420,125,125,125,125,124,126,127,127,130,132
file84.TextGrid,2,0.160,132,132,133,133,132,131,130,128,126,124
file84.TextGrid,3,0.120,124,123,123,123,123,124,125,126,127,128
file85.TextGrid,1,0.300,181,181,179,170,170,174,178,181,185,188
file85.TextGrid,2,0.340,188,192,199,212,220,213,188,158,132,121
file85.TextGrid,3,0.350,121,120,115,111,108,106,106,108,108,108
file86.TextGrid,1,0.190,211,211,211,210,210,209,204,196,185,172
file86.TextGrid,2,0.130,172,161,152,144,137,131,125,119,115,113
file86.TextGrid,3,0.220,113,111,108,104,100,98,98,98,98,98
file87.TextGrid,1,0.290,112,112,112,112,118,128,132,131,132,135
file87.TextGrid,2,0.220,135,137,139,141,144,146,148,151,155,161
file87.TextGrid,3,0.460,161,173,170,160,142,124,117,113,110,107
file88.TextGrid,1,0.200,136,136,136,137,137,136,134,132,130,129
file88.TextGrid,2,0.180,129,129,129,130,131,132,133,133,133,133
file88.TextGrid,3,0.610,133,132,152,178,163,133,108,92,86,86
file89.TextGrid,1,0.150,117,117,117,117,117,117,117,117,117,117
file89.TextGrid,2,0.240,117,117,117,115,112,109,107,106,105,103
file89.TextGrid,3,0.450,103,102,102,110,127,129,129,129,129,129
file9.TextGrid,1,0.130,173,173,173,175,180,185,191,195,198,198
file9.TextGrid,2,0.170,198,195,190,186,181,176,170,161,152,145
file9.TextGrid,3,0.440,145,142,186,280,366,376,376,376,376,376
file90.TextGrid,1,0.360,138,138,138,142,144,141,142,201,310,424
file90.TextGrid,2,0.140,424,466,504,528,529,492,413,314,236,192
file90.TextGrid,3,0.490,192,159,143,127,114,107,106,106,106,106
file91.TextGrid,1,0.280,147,147,137,135,133,131,132,132,131,129
file91.TextGrid,2,0.110,129,127,126,125,123,120,117,114,111,108
file91.TextGrid,3,0.370,108,105,103,101,101,102,102,102,102,102
file92.TextGrid,1,0.200,169,169,169,169,169,169,172,183,197,210
file92.TextGrid,2,0.240,210,222,228,224,213,198,177,155,136,122
file92.TextGrid,3,0.220,122,112,107,104,103,103,103,103,103,103
file93.TextGrid,1,0.250,121,121,121,114,109,107,106,106,107,109
file93.TextGrid,2,0.120,109,110,111,112,113,113,113,112,111,110
file93.TextGrid,3,0.550,110,114,112,102,97,98,98,98,98,98
file94.TextGrid,1,0.220,118,118,117,117,117,117,117,117,118,119
file94.TextGrid,2,0.140,119,118,118,116,113,110,107,105,104,104
file94.TextGrid,3,0.370,104,102,100,95,94,94,94,94,94,94
file95.TextGrid,1,0.310,128,128,128,126,130,136,142,148,154,160
file95.TextGrid,2,0.200,160,164,167,169,171,177,184,186,182,172
file95.TextGrid,3,0.280,172,153,135,116,103,101,101,101,101,101
file96.TextGrid,1,0.090,118,118,118,118,118,116,115,113,112,111
file96.TextGrid,2,0.110,111,111,110,110,109,107,106,105,104,104
file96.TextGrid,3,0.540,104,107,110,103,104,118,129,129,129,129
file97.TextGrid,1,0.130,128,128,128,128,129,130,129,128,127,128
file97.TextGrid,2,0.350,128,133,139,145,151,157,164,177,181,168
file97.TextGrid,3,0.500,168,138,118,108,105,105,105,105,105,105
file98.TextGrid,1,0.270,131,131,131,132,136,164,216,272,328,383
file98.TextGrid,2,0.480,383,482,562,411,177,188,197,178,144,118
file98.TextGrid,3,0.430,118,106,101,99,97,96,92,87,86,86
file99.TextGrid,1,0.180,121,121,121,117,113,110,107,105,104,103
file99.TextGrid,2,0.090,103,102,102,101,100,99,99,98,98,99
file99.TextGrid,3,0.370,99,101,102,108,124,142,144,144,144,144
