fileName,name,duration,F1,F2,F3
file0.TextGrid,,0.270,1201,1954,3299
file0.TextGrid,1,0.200,481,2292,2937
file0.TextGrid,2,0.290,741,1620,2877
file0.TextGrid,3,0.570,605,1713,2938
file0.TextGrid,,0.235,944,2191,3188
file1.TextGrid,,0.270,578,1809,2790
file1.TextGrid,1,0.160,454,952,2567
file1.TextGrid,2,0.260,386,1878,2959
file1.TextGrid,3,0.240,1030,1982,3049
file1.TextGrid,,0.385,526,1705,2800
file10.TextGrid,,0.260,991,2200,3256
file10.TextGrid,1,0.240,345,2095,3175
file10.TextGrid,2,0.180,637,1836,2937
file10.TextGrid,3,0.400,640,1513,2756
file10.TextGrid,,0.229,937,2060,3443
file100.TextGrid,,0.230,1073,1959,2961
file100.TextGrid,1,0.370,401,1811,2618
file100.TextGrid,2,0.210,679,1689,2718
file100.TextGrid,3,0.370,839,1561,2578
file100.TextGrid,,0.215,1045,1820,2915
file101.TextGrid,,0.210,1102,2243,3345
file101.TextGrid,1,0.210,671,2099,3066
file101.TextGrid,2,0.460,705,1349,2978
file101.TextGrid,3,0.390,568,1689,3281
file101.TextGrid,,0.210,1041,2031,3280
file102.TextGrid,,0.220,1016,1740,3174
file102.TextGrid,1,0.160,1264,2428,3507
file102.TextGrid,2,0.150,508,1977,2837
file102.TextGrid,3,0.380,315,2033,2734
file102.TextGrid,,0.219,799,1679,3034
file103.TextGrid,,0.270,831,2032,3153
file103.TextGrid,1,0.220,662,2432,3402
file103.TextGrid,2,0.170,367,1737,2905
file103.TextGrid,3,0.280,905,1312,3089
file103.TextGrid,,0.284,847,1810,3098
file104.TextGrid,,0.250,899,2014,3148
file104.TextGrid,1,0.280,534,1671,2879
file104.TextGrid,2,0.080,589,1552,2854
file104.TextGrid,3,0.390,435,1824,3002
file104.TextGrid,,0.139,364,1913,3175
file105.TextGrid,,0.250,968,2013,3274
file105.TextGrid,1,0.220,378,1961,2732
file105.TextGrid,2,0.300,886,1615,2283
file105.TextGrid,3,0.560,1145,2455,3525
file105.TextGrid,,0.065,1264,1956,3318
file106.TextGrid,,0.260,656,1713,2710
file106.TextGrid,1,0.200,507,1416,2828
file106.TextGrid,2,0.130,1001,2208,3187
file106.TextGrid,3,0.260,451,1814,2884
file106.TextGrid,,0.279,615,1704,2445
file107.TextGrid,,0.220,1037,2102,3280
file107.TextGrid,1,0.260,606,2136,2810
file107.TextGrid,2,0.420,582,1843,2711
file107.TextGrid,3,0.460,423,1847,2909
file107.TextGrid,,0.205,1052,2415,4117
file108.TextGrid,,0.110,772,1959,3039
file108.TextGrid,1,0.380,407,1822,2633
file108.TextGrid,2,0.160,482,1446,2730
file108.TextGrid,3,0.280,685,1517,2689
file108.TextGrid,,0.294,831,2011,3087
file109.TextGrid,,0.270,803,2100,2967
file109.TextGrid,1,0.200,367,2198,2746
file109.TextGrid,2,0.350,848,1793,2553
file109.TextGrid,3,0.440,1413,2460,3211
file109.TextGrid,,0.049,1711,2788,3391
file11.TextGrid,,0.290,558,1681,2763
file11.TextGrid,1,0.140,520,1737,2273
file11.TextGrid,2,0.420,496,1144,2805
file11.TextGrid,3,0.210,551,1026,2839
file11.TextGrid,,0.255,617,1305,2819
file110.TextGrid,,0.280,616,1734,3020
file110.TextGrid,1,0.250,541,1605,3169
file110.TextGrid,2,0.120,807,1527,3246
file110.TextGrid,3,0.190,630,1501,2456
file110.TextGrid,,0.299,864,1611,3179
file111.TextGrid,,0.260,894,1952,3043
file111.TextGrid,1,0.110,603,1805,2790
file111.TextGrid,2,0.310,582,2255,2972
file111.TextGrid,3,0.400,545,1464,2806
file111.TextGrid,,0.142,583,1575,2710
file112.TextGrid,,0.280,784,1909,3093
file112.TextGrid,1,0.300,382,2104,2829
file112.TextGrid,2,0.370,299,2305,2864
file112.TextGrid,3,0.360,581,2487,3249
file112.TextGrid,,0.255,910,1904,3083
file113.TextGrid,,0.140,498,1701,2994
file113.TextGrid,1,0.160,807,1679,2755
file113.TextGrid,2,0.160,490,1162,2635
file113.TextGrid,3,0.550,369,1885,2596
file113.TextGrid,,0.119,448,1300,2705
file114.TextGrid,,0.190,745,1789,2908
file114.TextGrid,1,0.060,925,2139,3101
file114.TextGrid,2,0.220,685,1666,2821
file114.TextGrid,3,0.510,533,1237,2651
file114.TextGrid,,0.149,655,1538,2744
file115.TextGrid,,0.260,832,1869,2997
file115.TextGrid,1,0.240,563,2120,3017
file115.TextGrid,2,0.490,746,1749,2681
file115.TextGrid,3,0.250,526,1336,2920
file115.TextGrid,,0.240,695,2229,3281
file116.TextGrid,,0.210,1207,2206,3176
file116.TextGrid,1,0.230,511,1325,2877
file116.TextGrid,2,0.120,477,1383,2796
file116.TextGrid,3,0.590,420,2109,2715
file116.TextGrid,,0.074,469,1646,2958
file117.TextGrid,,0.230,1032,1993,3245
file117.TextGrid,1,0.210,591,2063,2950
file117.TextGrid,2,0.390,713,1543,3015
file117.TextGrid,3,0.280,547,1468,2835
file117.TextGrid,,0.285,1305,1891,3239
file118.TextGrid,,0.260,1153,2231,3227
file118.TextGrid,1,0.240,675,1783,2543
file118.TextGrid,2,0.190,744,1497,2788
file118.TextGrid,3,0.440,600,1409,2955
file118.TextGrid,,0.179,1124,2402,3232
file119.TextGrid,,0.230,1042,2196,3277
file119.TextGrid,1,0.250,772,1710,2931
file119.TextGrid,2,0.110,577,1306,2665
file119.TextGrid,3,0.300,452,1751,2667
file119.TextGrid,,0.163,493,2013,3106
file12.TextGrid,,0.240,1008,2044,3123
file12.TextGrid,1,0.210,595,2186,2944
file12.TextGrid,2,0.480,1037,1852,2918
file12.TextGrid,3,0.430,533,1528,2704
file12.TextGrid,,0.120,1037,2102,3163
file120.TextGrid,,0.240,884,2056,3263
file120.TextGrid,1,0.310,370,1802,2800
file120.TextGrid,2,0.200,739,1635,2895
file120.TextGrid,3,0.290,825,1864,3065
file120.TextGrid,,0.269,1104,1856,3232
file121.TextGrid,,0.220,1249,2156,4137
file121.TextGrid,1,0.310,733,2096,2579
file121.TextGrid,2,0.170,969,1435,2724
file121.TextGrid,3,0.280,918,1376,2513
file121.TextGrid,,0.329,1103,1608,2457
file122.TextGrid,,0.180,636,1605,2849
file122.TextGrid,1,0.150,1161,2271,3155
file122.TextGrid,2,0.280,505,1293,2697
file122.TextGrid,3,0.120,468,1054,2785
file122.TextGrid,,0.306,606,1469,2668
file123.TextGrid,,0.290,659,1994,2943
file123.TextGrid,1,0.090,634,1920,2812
file123.TextGrid,2,0.350,409,1508,2694
file123.TextGrid,3,0.420,612,1342,2691
file123.TextGrid,,0.165,770,1572,3089
file124.TextGrid,,0.220,844,2076,3202
file124.TextGrid,1,0.280,731,1894,3094
file124.TextGrid,2,0.100,847,1692,3176
file124.TextGrid,3,0.580,917,2289,3461
file124.TextGrid,,0.215,987,2179,3243
file125.TextGrid,,0.290,1064,2038,3056
file125.TextGrid,1,0.360,361,1928,2542
file125.TextGrid,2,0.140,655,1746,2760
file125.TextGrid,3,0.370,886,1990,2995
file125.TextGrid,,0.320,1374,2339,3182
file126.TextGrid,,0.210,1250,2237,4000
file126.TextGrid,1,0.220,505,2257,2868
file126.TextGrid,2,0.500,961,1835,2759
file126.TextGrid,3,0.460,906,1438,2302
file126.TextGrid,,0.175,1114,1942,3105
file127.TextGrid,,0.220,802,1872,3083
file127.TextGrid,1,0.150,453,2035,2998
file127.TextGrid,2,0.250,502,2192,3049
file127.TextGrid,3,0.300,555,1924,2953
file127.TextGrid,,0.304,723,1771,2926
file128.TextGrid,,0.220,583,1603,2711
file128.TextGrid,1,0.210,437,1480,2920
file128.TextGrid,2,0.200,396,1650,3090
file128.TextGrid,3,0.320,488,1056,2775
file128.TextGrid,,0.272,532,1271,2669
file129.TextGrid,,0.270,1030,2238,3295
file129.TextGrid,1,0.210,503,2265,2979
file129.TextGrid,2,0.360,775,1455,2999
file129.TextGrid,3,0.410,479,1070,2668
file129.TextGrid,,0.315,1105,2184,3601
file13.TextGrid,,0.200,826,1798,3043
file13.TextGrid,1,0.150,584,1774,2782
file13.TextGrid,2,0.330,680,2335,3097
file13.TextGrid,3,0.330,560,2323,2797
file13.TextGrid,,0.214,781,2145,2985
file130.TextGrid,,0.220,1024,2023,3214
file130.TextGrid,1,0.160,1122,2211,3154
file130.TextGrid,2,0.290,648,1263,2842
file130.TextGrid,3,0.420,602,1090,2339
file130.TextGrid,,0.219,669,1423,2888
file131.TextGrid,,0.280,779,1621,3021
file131.TextGrid,1,0.090,706,1587,3322
file131.TextGrid,2,0.230,594,1138,2973
file131.TextGrid,3,0.350,569,1127,3123
file131.TextGrid,,0.272,693,1554,2890
file132.TextGrid,,0.260,1098,2099,3200
file132.TextGrid,1,0.230,633,2228,2884
file132.TextGrid,2,0.420,721,1615,2626
file132.TextGrid,3,0.440,1080,2160,3012
file132.TextGrid,,0.215,1418,2459,3135
file133.TextGrid,,0.170,1322,2269,3219
file133.TextGrid,1,0.190,924,1673,3036
file133.TextGrid,2,0.290,873,1932,3527
file133.TextGrid,3,0.540,503,1983,2846
file133.TextGrid,,0.205,1052,2161,3164
file134.TextGrid,,0.170,1096,2113,3197
file134.TextGrid,1,0.310,717,1477,2913
file134.TextGrid,2,0.170,480,1698,2999
file134.TextGrid,3,0.270,355,1783,2611
file134.TextGrid,,0.219,774,2034,3087
file135.TextGrid,,0.290,816,1905,3185
file135.TextGrid,1,0.120,820,1700,2933
file135.TextGrid,2,0.180,434,1447,2725
file135.TextGrid,3,0.550,715,1816,2938
file135.TextGrid,,0.255,1432,2279,3014
file136.TextGrid,,0.210,1091,2054,3028
file136.TextGrid,1,0.270,1206,2421,3328
file136.TextGrid,2,0.140,758,1731,2910
file136.TextGrid,3,0.680,743,1791,2796
file136.TextGrid,,0.180,1105,1952,3423
file137.TextGrid,,0.230,522,1729,2895
file137.TextGrid,1,0.130,598,1761,2897
file137.TextGrid,2,0.300,522,1943,3162
file137.TextGrid,3,0.220,639,1583,2704
file137.TextGrid,,0.259,721,1551,2919
file138.TextGrid,,0.200,514,1641,2762
file138.TextGrid,1,0.180,630,1268,2275
file138.TextGrid,2,0.290,650,1285,2704
file138.TextGrid,3,0.240,727,1510,2601
file138.TextGrid,,0.312,500,1664,2702
file139.TextGrid,,0.260,850,1889,3085
file139.TextGrid,1,0.170,1027,1601,2883
file139.TextGrid,2,0.260,941,2217,3410
file139.TextGrid,3,0.140,618,1746,2910
file139.TextGrid,,0.223,718,1766,3034
file14.TextGrid,,0.300,816,1839,3199
file14.TextGrid,1,0.150,781,1429,2815
file14.TextGrid,2,0.190,707,1435,2887
file14.TextGrid,3,0.210,655,1313,2285
file14.TextGrid,,0.289,938,1843,3233
file140.TextGrid,,0.230,573,1665,2951
file140.TextGrid,1,0.410,626,1572,2663
file140.TextGrid,2,0.090,648,1633,2943
file140.TextGrid,3,0.410,528,1556,2716
file140.TextGrid,,0.175,605,1519,2746
file141.TextGrid,,0.290,781,1820,3106
file141.TextGrid,1,0.200,604,1764,2913
file141.TextGrid,2,0.140,356,2107,2700
file141.TextGrid,3,0.410,473,1440,2659
file141.TextGrid,,0.182,497,1584,2708
file142.TextGrid,,0.260,1198,2350,3317
file142.TextGrid,1,0.210,571,2175,3025
file142.TextGrid,2,0.440,575,1232,2981
file142.TextGrid,3,0.150,563,1429,2697
file142.TextGrid,,0.335,1051,1931,3838
file143.TextGrid,,0.290,438,1806,3033
file143.TextGrid,1,0.150,636,1680,3021
file143.TextGrid,2,0.310,645,1831,2841
file143.TextGrid,3,0.220,412,1845,2712
file143.TextGrid,,0.254,535,1949,3114
file144.TextGrid,,0.200,865,2048,3327
file144.TextGrid,1,0.250,391,1893,2737
file144.TextGrid,2,0.310,868,1836,2487
file144.TextGrid,3,0.300,783,1901,2692
file144.TextGrid,,0.335,990,2057,3307
file145.TextGrid,,0.220,763,1214,2039
file145.TextGrid,1,0.060,852,1467,2446
file145.TextGrid,2,0.190,893,1919,2872
file145.TextGrid,3,0.320,794,2235,3126
file145.TextGrid,,0.432,1013,1678,2945
file146.TextGrid,,0.210,878,1779,3088
file146.TextGrid,1,0.130,581,2441,2996
file146.TextGrid,2,0.110,294,2410,2840
file146.TextGrid,3,0.390,457,1951,2799
file146.TextGrid,,0.289,654,1882,3137
file147.TextGrid,,0.310,857,2112,3063
file147.TextGrid,1,0.130,416,1876,2784
file147.TextGrid,2,0.180,491,1155,2556
file147.TextGrid,3,0.700,394,1828,2686
file147.TextGrid,,0.087,373,1568,2669
file148.TextGrid,,0.280,471,1691,2998
file148.TextGrid,1,0.110,362,1386,2784
file148.TextGrid,2,0.160,517,1640,2881
file148.TextGrid,3,0.590,586,1470,2244
file148.TextGrid,,0.175,511,1323,2980
file149.TextGrid,,0.280,1015,2042,3255
file149.TextGrid,1,0.100,295,1670,2851
file149.TextGrid,2,0.230,805,1888,3047
file149.TextGrid,3,0.510,630,1753,3077
file149.TextGrid,,0.189,657,1961,3186
file15.TextGrid,,0.240,1044,1982,2972
file15.TextGrid,1,0.230,452,2287,2910
file15.TextGrid,2,0.390,766,1901,2871
file15.TextGrid,3,0.400,443,1642,3002
file15.TextGrid,,0.220,1075,2001,3098
file150.TextGrid,,0.230,1323,2270,3288
file150.TextGrid,1,0.220,1022,2394,3420
file150.TextGrid,2,0.200,782,1749,2823
file150.TextGrid,3,0.370,761,1253,2574
file150.TextGrid,,0.289,1338,1663,2444
file151.TextGrid,,0.210,934,1999,3216
file151.TextGrid,1,0.170,420,2197,2892
file151.TextGrid,2,0.300,497,1051,2836
file151.TextGrid,3,0.320,497,2291,2886
file151.TextGrid,,0.224,846,1791,2962
file152.TextGrid,,0.280,1182,2111,3425
file152.TextGrid,1,0.390,408,2006,2557
file152.TextGrid,2,0.140,772,1708,2734
file152.TextGrid,3,0.260,914,1561,2856
file152.TextGrid,,0.325,934,1707,2991
file153.TextGrid,,0.230,1315,2091,3480
file153.TextGrid,1,0.270,837,2225,2954
file153.TextGrid,2,0.400,996,1896,3163
file153.TextGrid,3,0.370,699,1346,3016
file153.TextGrid,,0.210,907,1871,3160
file154.TextGrid,,0.220,1075,2157,3265
file154.TextGrid,1,0.180,704,1927,3068
file154.TextGrid,2,0.320,942,1833,3068
file154.TextGrid,3,0.280,355,1925,2833
file154.TextGrid,,0.315,598,1807,2941
file155.TextGrid,,0.240,499,1529,2734
file155.TextGrid,1,0.260,946,2099,2979
file155.TextGrid,2,0.090,511,1837,2824
file155.TextGrid,3,0.490,605,2304,3088
file155.TextGrid,,0.142,937,1872,2640
file156.TextGrid,,0.250,1008,2260,3238
file156.TextGrid,1,0.340,1134,2434,3159
file156.TextGrid,2,0.140,708,1614,2737
file156.TextGrid,3,0.380,842,1711,2837
file156.TextGrid,,0.285,1155,2241,3231
file157.TextGrid,,0.270,1362,2250,4442
file157.TextGrid,1,0.230,385,2210,2837
file157.TextGrid,2,0.350,731,1499,2725
file157.TextGrid,3,0.410,553,1552,3046
file157.TextGrid,,0.135,932,1910,3114
file158.TextGrid,,0.230,764,1991,3112
file158.TextGrid,1,0.170,416,1907,3022
file158.TextGrid,2,0.180,951,1715,3449
file158.TextGrid,3,0.460,561,1303,3017
file158.TextGrid,,0.182,643,1481,2726
file159.TextGrid,,0.230,711,1907,2806
file159.TextGrid,1,0.090,538,1605,2840
file159.TextGrid,2,0.100,481,1325,2668
file159.TextGrid,3,0.610,456,1411,2865
file159.TextGrid,,0.192,536,1572,2781
file16.TextGrid,,0.260,1058,2138,3296
file16.TextGrid,1,0.270,600,1610,2623
file16.TextGrid,2,0.210,554,1627,2763
file16.TextGrid,3,0.270,297,2319,2757
file16.TextGrid,,0.214,897,1824,2937
file160.TextGrid,,0.270,482,1459,2681
file160.TextGrid,1,0.250,509,1753,2527
file160.TextGrid,2,0.050,485,1789,2592
file160.TextGrid,3,0.290,573,1283,2565
file160.TextGrid,,0.269,530,1443,2696
file161.TextGrid,,0.250,1162,2316,3418
file161.TextGrid,1,0.140,562,1939,2702
file161.TextGrid,2,0.310,335,1875,2751
file161.TextGrid,3,0.580,502,1887,2603
file161.TextGrid,,0.220,343,1999,2897
file162.TextGrid,,0.290,1021,2071,3092
file162.TextGrid,1,0.170,546,2372,2998
file162.TextGrid,2,0.320,889,1940,3185
file162.TextGrid,3,0.320,1069,2043,2931
file162.TextGrid,,0.295,1244,2409,3315
file163.TextGrid,,0.250,730,1670,2946
file163.TextGrid,1,0.060,1333,2109,3467
file163.TextGrid,2,0.230,532,2221,2925
file163.TextGrid,3,0.180,540,1787,2727
file163.TextGrid,,0.409,429,1405,2610
file164.TextGrid,,0.260,790,1880,3197
file164.TextGrid,1,0.200,480,2102,2940
file164.TextGrid,2,0.310,620,1933,2899
file164.TextGrid,3,0.480,718,2181,3193
file164.TextGrid,,0.230,899,2266,3453
file165.TextGrid,,0.230,1219,2226,3390
file165.TextGrid,1,0.290,370,1835,2805
file165.TextGrid,2,0.150,627,1789,2957
file165.TextGrid,3,0.380,892,1696,2517
file165.TextGrid,,0.259,1154,2172,3112
file166.TextGrid,,0.240,946,1773,3045
file166.TextGrid,1,0.160,722,1936,2650
file166.TextGrid,2,0.170,617,1953,2961
file166.TextGrid,3,0.380,478,1181,2844
file166.TextGrid,,0.457,606,1604,3175
file167.TextGrid,,0.290,1058,2016,3102
file167.TextGrid,1,0.110,725,1853,2742
file167.TextGrid,2,0.200,440,1533,2705
file167.TextGrid,3,0.430,601,1693,2776
file167.TextGrid,,0.109,665,1579,3076
file168.TextGrid,,0.120,1191,2014,3404
file168.TextGrid,1,0.290,364,1637,2743
file168.TextGrid,2,0.350,706,1708,2528
file168.TextGrid,3,0.260,425,1934,2735
file168.TextGrid,,0.204,943,2126,3210
file169.TextGrid,,0.220,1156,2365,3335
file169.TextGrid,1,0.300,452,1677,2744
file169.TextGrid,2,0.280,456,1100,2575
file169.TextGrid,3,0.170,542,1381,2522
file169.TextGrid,,0.345,888,2062,3343
file17.TextGrid,,0.220,382,1529,2892
file17.TextGrid,1,0.150,375,1592,2660
file17.TextGrid,2,0.160,326,2014,2786
file17.TextGrid,3,0.460,440,1774,2528
file17.TextGrid,,0.232,472,1348,2684
file170.TextGrid,,0.290,889,2073,3102
file170.TextGrid,1,0.150,346,2176,2780
file170.TextGrid,2,0.550,462,1939,2824
file170.TextGrid,3,0.230,570,1661,2754
file170.TextGrid,,0.260,829,2270,3108
file171.TextGrid,,0.240,1472,2294,5206
file171.TextGrid,1,0.240,516,2256,2789
file171.TextGrid,2,0.420,750,1870,2623
file171.TextGrid,3,0.330,695,1740,2628
file171.TextGrid,,0.250,852,1912,2926
file172.TextGrid,,0.310,886,1684,2970
file172.TextGrid,1,0.190,806,1219,2692
file172.TextGrid,2,0.160,628,1334,2432
file172.TextGrid,3,0.290,326,1994,2867
file172.TextGrid,,0.189,1117,2193,3532
file173.TextGrid,,0.220,1145,2156,3335
file173.TextGrid,1,0.220,427,2183,2927
file173.TextGrid,2,0.300,1024,1707,2587
file173.TextGrid,3,0.600,487,2201,3211
file173.TextGrid,,0.225,996,1987,3056
file174.TextGrid,,0.200,545,1619,2844
file174.TextGrid,1,0.110,520,1860,3075
file174.TextGrid,2,0.170,482,1912,2892
file174.TextGrid,3,0.450,577,1442,2903
file174.TextGrid,,0.199,544,1466,2759
file175.TextGrid,,0.290,1196,2098,3166
file175.TextGrid,1,0.250,586,2187,3199
file175.TextGrid,2,0.390,586,1792,2623
file175.TextGrid,3,0.400,634,1833,2766
file175.TextGrid,,0.235,1180,1997,3648
file176.TextGrid,,0.220,861,1918,2823
file176.TextGrid,1,0.290,532,1958,2722
file176.TextGrid,2,0.520,942,1858,2900
file176.TextGrid,3,0.230,341,1609,3076
file176.TextGrid,,0.220,709,1815,2899
file177.TextGrid,,0.240,734,1895,3149
file177.TextGrid,1,0.260,1036,2190,3117
file177.TextGrid,2,0.150,706,1920,3025
file177.TextGrid,3,0.120,464,1924,2741
file177.TextGrid,,0.454,602,1913,2711
file178.TextGrid,,0.270,1314,2034,4381
file178.TextGrid,1,0.210,1389,2508,3597
file178.TextGrid,2,0.110,853,1753,2885
file178.TextGrid,3,0.570,934,1726,2782
file178.TextGrid,,0.320,1017,1938,2886
file179.TextGrid,,0.240,813,1730,2674
file179.TextGrid,1,0.160,412,1758,2958
file179.TextGrid,2,0.150,521,1458,2561
file179.TextGrid,3,0.190,741,1580,2852
file179.TextGrid,,0.313,998,1785,2979
file18.TextGrid,,0.290,1166,2315,3438
file18.TextGrid,1,0.140,699,1333,3056
file18.TextGrid,2,0.200,345,2388,3170
file18.TextGrid,3,0.320,387,1872,2622
file18.TextGrid,,0.189,458,1713,2985
file180.TextGrid,,0.240,667,1765,3124
file180.TextGrid,1,0.340,428,1865,2827
file180.TextGrid,2,0.150,662,1641,2740
file180.TextGrid,3,0.320,481,1454,2969
file180.TextGrid,,0.259,710,1580,2754
file181.TextGrid,,0.250,1109,2176,3214
file181.TextGrid,1,0.240,357,1712,2725
file181.TextGrid,2,0.190,649,1203,3124
file181.TextGrid,3,0.380,788,1438,2958
file181.TextGrid,,0.335,929,1776,2981
file182.TextGrid,,0.230,572,1674,2620
file182.TextGrid,1,0.190,496,1942,3325
file182.TextGrid,2,0.270,282,2259,2943
file182.TextGrid,3,0.380,419,1999,2705
file182.TextGrid,,0.152,622,1672,2753
file183.TextGrid,,0.230,1430,2349,4880
file183.TextGrid,1,0.320,381,2161,2812
file183.TextGrid,2,0.160,808,1824,2841
file183.TextGrid,3,0.330,724,1397,2757
file183.TextGrid,,0.184,843,1591,3283
file184.TextGrid,,0.230,1237,2099,3333
file184.TextGrid,1,0.180,735,2176,2878
file184.TextGrid,2,0.350,765,1299,2631
file184.TextGrid,3,0.360,499,1437,2811
file184.TextGrid,,0.189,912,1780,2974
file185.TextGrid,,0.270,966,1775,3009
file185.TextGrid,1,0.190,468,2089,2875
file185.TextGrid,2,0.110,445,1912,2760
file185.TextGrid,3,0.530,364,2141,2685
file185.TextGrid,,0.215,906,1871,3207
file186.TextGrid,,0.200,1036,2252,3177
file186.TextGrid,1,0.090,994,2054,2765
file186.TextGrid,2,0.280,756,2124,2982
file186.TextGrid,3,0.330,628,1770,2793
file186.TextGrid,,0.239,1137,2363,3368
file187.TextGrid,,0.220,524,1661,2823
file187.TextGrid,1,0.110,274,1863,2595
file187.TextGrid,2,0.250,603,1828,2765
file187.TextGrid,3,0.450,458,1898,2665
file187.TextGrid,,0.192,512,1738,2560
file188.TextGrid,,0.160,550,1504,2702
file188.TextGrid,1,0.200,937,2270,3467
file188.TextGrid,2,0.330,495,1558,2787
file188.TextGrid,3,0.280,499,1695,2769
file188.TextGrid,,0.252,453,1483,2690
file189.TextGrid,,0.240,1498,2412,5395
file189.TextGrid,1,0.400,929,1994,2512
file189.TextGrid,2,0.170,682,1725,2622
file189.TextGrid,3,0.530,670,1857,2864
file189.TextGrid,,0.225,1222,2149,3290
file19.TextGrid,,0.210,1037,1956,2969
file19.TextGrid,1,0.330,819,1943,2585
file19.TextGrid,2,0.150,766,1676,2591
file19.TextGrid,3,0.400,624,1529,2722
file19.TextGrid,,0.219,1151,2170,3362
file190.TextGrid,,0.260,1225,2175,3166
file190.TextGrid,1,0.230,710,2313,2984
file190.TextGrid,2,0.090,823,1946,2845
file190.TextGrid,3,0.390,995,1668,2581
file190.TextGrid,,0.254,931,1695,2691
file191.TextGrid,,0.230,614,1414,2394
file191.TextGrid,1,0.120,443,1806,2953
file191.TextGrid,2,0.210,428,2034,3309
file191.TextGrid,3,0.720,344,1444,2600
file191.TextGrid,,0.035,772,2218,3208
file192.TextGrid,,0.260,579,1709,3134
file192.TextGrid,1,0.110,514,1559,2485
file192.TextGrid,2,0.290,638,1046,2129
file192.TextGrid,3,0.240,799,1269,3239
file192.TextGrid,,0.239,638,1559,2998
file193.TextGrid,,0.320,464,1522,2665
file193.TextGrid,1,0.100,330,2152,2796
file193.TextGrid,2,0.320,594,1875,2661
file193.TextGrid,3,0.280,398,1982,3002
file193.TextGrid,,0.295,478,1874,2788
file194.TextGrid,,0.220,422,1717,2942
file194.TextGrid,1,0.240,739,1683,3173
file194.TextGrid,2,0.060,556,1500,3082
file194.TextGrid,3,0.760,745,1769,3076
file194.TextGrid,,0.127,483,1714,3069
file195.TextGrid,,0.220,992,1760,3106
file195.TextGrid,1,0.220,714,1518,2843
file195.TextGrid,2,0.210,472,1818,2746
file195.TextGrid,3,0.420,362,2100,2782
file195.TextGrid,,0.152,324,1496,2775
file196.TextGrid,,0.280,842,1880,3059
file196.TextGrid,1,0.280,336,2239,3061
file196.TextGrid,2,0.320,461,1897,2628
file196.TextGrid,3,0.270,577,1728,2989
file196.TextGrid,,0.245,753,1967,3017
file197.TextGrid,,0.220,907,2259,3106
file197.TextGrid,1,0.290,698,2124,3380
file197.TextGrid,2,0.250,759,1630,3062
file197.TextGrid,3,0.330,600,1827,2818
file197.TextGrid,,0.219,1061,2323,3139
file198.TextGrid,,0.250,1255,2438,3536
file198.TextGrid,1,0.230,531,1359,2758
file198.TextGrid,2,0.200,539,1224,2865
file198.TextGrid,3,0.170,579,1124,3068
file198.TextGrid,,0.203,601,1604,3037
file199.TextGrid,,0.250,519,1476,2560
file199.TextGrid,1,0.100,397,976,2747
file199.TextGrid,2,0.230,385,1386,2536
file199.TextGrid,3,0.440,473,1477,2599
file199.TextGrid,,0.202,510,1490,2462
file2.TextGrid,,0.270,1065,2114,3094
file2.TextGrid,1,0.220,370,2039,2700
file2.TextGrid,2,0.290,445,1721,2791
file2.TextGrid,3,0.410,663,1636,2937
file2.TextGrid,,0.290,762,1772,3038
file20.TextGrid,,0.260,583,1640,2560
file20.TextGrid,1,0.200,706,2239,3297
file20.TextGrid,2,0.170,456,1862,3151
file20.TextGrid,3,0.670,467,1410,2953
file20.TextGrid,,0.200,758,1783,2987
file200.TextGrid,,0.180,711,1862,3073
file200.TextGrid,1,0.200,326,1516,2585
file200.TextGrid,2,0.170,519,1342,2788
file200.TextGrid,3,0.390,530,1055,2744
file200.TextGrid,,0.189,609,1687,2939
file201.TextGrid,,0.250,868,1959,3144
file201.TextGrid,1,0.280,382,1787,2721
file201.TextGrid,2,0.280,835,1783,2980
file201.TextGrid,3,0.250,717,1769,2712
file201.TextGrid,,0.335,1059,1760,2445
file202.TextGrid,,0.210,1214,2239,3288
file202.TextGrid,1,0.290,1114,2517,3458
file202.TextGrid,2,0.350,679,1844,3037
file202.TextGrid,3,0.310,547,1464,2757
file202.TextGrid,,0.320,1134,2212,3089
file203.TextGrid,,0.240,529,1632,2886
file203.TextGrid,1,0.210,636,2162,3302
file203.TextGrid,2,0.150,604,1617,2357
file203.TextGrid,3,0.660,420,1501,2747
file203.TextGrid,,0.147,925,1841,3066
file204.TextGrid,,0.260,587,1767,2891
file204.TextGrid,1,0.090,701,1708,3075
file204.TextGrid,2,0.240,478,1569,2762
file204.TextGrid,3,0.360,421,1731,2622
file204.TextGrid,,0.179,544,1542,2810
file205.TextGrid,,0.260,658,1735,2885
file205.TextGrid,1,0.180,311,968,2830
file205.TextGrid,2,0.130,279,2018,2811
file205.TextGrid,3,0.480,443,1633,2786
file205.TextGrid,,0.172,414,1496,2824
file206.TextGrid,,0.280,726,1674,2585
file206.TextGrid,1,0.200,343,1654,2549
file206.TextGrid,2,0.220,287,2170,2994
file206.TextGrid,3,0.210,458,2016,2832
file206.TextGrid,,0.219,565,1779,2698
file207.TextGrid,,0.220,581,1622,2766
file207.TextGrid,1,0.110,426,1208,3017
file207.TextGrid,2,0.240,435,1381,2684
file207.TextGrid,3,0.410,345,1926,2916
file207.TextGrid,,0.242,493,1522,2603
file208.TextGrid,,0.210,1498,2026,5428
file208.TextGrid,1,0.220,451,2213,2870
file208.TextGrid,2,0.380,771,1766,2717
file208.TextGrid,3,0.410,496,1509,2944
file208.TextGrid,,0.175,1038,1794,3700
file209.TextGrid,,0.230,1152,2326,3263
file209.TextGrid,1,0.320,511,1956,2970
file209.TextGrid,2,0.100,834,1401,3095
file209.TextGrid,3,0.370,660,1049,3021
file209.TextGrid,,0.204,336,1069,2994
file21.TextGrid,,0.270,784,1868,3001
file21.TextGrid,1,0.180,535,1468,2836
file21.TextGrid,2,0.090,564,1706,2519
file21.TextGrid,3,0.370,602,1172,2881
file21.TextGrid,,0.312,698,1525,2668
file210.TextGrid,,0.280,473,1453,2569
file210.TextGrid,1,0.200,898,2102,2999
file210.TextGrid,2,0.330,803,2551,3373
file210.TextGrid,3,0.370,439,1983,2681
file210.TextGrid,,0.135,415,1436,2787
file211.TextGrid,,0.140,750,1765,2800
file211.TextGrid,1,0.100,693,1910,2698
file211.TextGrid,2,0.250,813,1604,3211
file211.TextGrid,3,0.320,657,1419,3173
file211.TextGrid,,0.226,621,1617,2659
file212.TextGrid,,0.210,568,1713,2800
file212.TextGrid,1,0.240,891,1880,2996
file212.TextGrid,2,0.220,456,1383,2718
file212.TextGrid,3,0.470,425,1748,2488
file212.TextGrid,,0.175,434,1384,2391
file213.TextGrid,,0.270,1029,1985,3153
file213.TextGrid,1,0.150,835,1303,2587
file213.TextGrid,2,0.160,704,1599,3375
file213.TextGrid,3,0.430,326,1859,2931
file213.TextGrid,,0.119,276,1796,2802
file214.TextGrid,,0.280,905,1981,3132
file214.TextGrid,1,0.180,509,1378,2786
file214.TextGrid,2,0.210,572,1142,2872
file214.TextGrid,3,0.360,572,1125,2815
file214.TextGrid,,0.194,607,1243,2817
file215.TextGrid,,0.150,841,2121,3154
file215.TextGrid,1,0.200,517,1612,2886
file215.TextGrid,2,0.150,619,1388,2482
file215.TextGrid,3,0.190,628,1853,2800
file215.TextGrid,,0.253,843,1674,2986
file216.TextGrid,,0.230,1082,2006,3318
file216.TextGrid,1,0.240,380,2317,2878
file216.TextGrid,2,0.610,681,1871,3151
file216.TextGrid,3,0.290,678,1540,2734
file216.TextGrid,,0.281,856,1760,3085
file217.TextGrid,,0.250,654,1689,2652
file217.TextGrid,1,0.080,610,1568,3358
file217.TextGrid,2,0.140,478,1490,2856
file217.TextGrid,3,0.440,377,1969,2935
file217.TextGrid,,0.219,702,1634,2669
file218.TextGrid,,0.180,714,1845,2990
file218.TextGrid,1,0.140,748,1612,2918
file218.TextGrid,2,0.370,484,1582,2778
file218.TextGrid,3,0.280,739,1861,2826
file218.TextGrid,,0.252,1033,1873,2777
file219.TextGrid,,0.280,895,2006,3087
file219.TextGrid,1,0.310,832,2520,3362
file219.TextGrid,2,0.190,797,1947,3025
file219.TextGrid,3,0.580,567,1930,3286
file219.TextGrid,,0.376,736,1635,2966
file22.TextGrid,,0.260,1478,2050,5374
file22.TextGrid,1,0.280,577,2375,2883
file22.TextGrid,2,0.390,1120,2165,2952
file22.TextGrid,3,0.490,598,1613,2934
file22.TextGrid,,0.231,1167,1845,4159
file220.TextGrid,,0.290,520,1487,2773
file220.TextGrid,1,0.180,438,1468,2959
file220.TextGrid,2,0.150,422,1322,2777
file220.TextGrid,3,0.520,345,1838,2457
file220.TextGrid,,0.175,604,1820,2959
file221.TextGrid,,0.210,1435,2318,5216
file221.TextGrid,1,0.360,1200,2299,3193
file221.TextGrid,2,0.150,825,1510,2838
file221.TextGrid,3,0.410,618,1274,2880
file221.TextGrid,,0.179,985,1970,3278
file222.TextGrid,,0.140,949,2074,3055
file222.TextGrid,1,0.430,459,1551,2510
file222.TextGrid,2,0.340,569,1746,2783
file222.TextGrid,3,0.440,1194,2274,2967
file222.TextGrid,,0.215,871,1798,2869
file223.TextGrid,,0.180,855,1899,3078
file223.TextGrid,1,0.170,439,1080,2851
file223.TextGrid,2,0.430,729,1852,2617
file223.TextGrid,3,0.220,593,1339,2382
file223.TextGrid,,0.309,967,1943,3209
file224.TextGrid,,0.270,716,1696,2900
file224.TextGrid,1,0.160,1213,2538,3565
file224.TextGrid,2,0.230,659,2221,3094
file224.TextGrid,3,0.660,446,1262,2887
file224.TextGrid,,0.087,597,1900,3074
file225.TextGrid,,0.290,1097,2010,2989
file225.TextGrid,1,0.220,703,2302,2864
file225.TextGrid,2,0.460,810,1497,2732
file225.TextGrid,3,0.280,734,1425,2741
file225.TextGrid,,0.315,985,1850,3096
file226.TextGrid,,0.280,1491,2401,5320
file226.TextGrid,1,0.240,495,2268,2811
file226.TextGrid,2,0.570,1259,2099,3001
file226.TextGrid,3,0.450,579,1668,2991
file226.TextGrid,,0.196,1075,2061,3102
file227.TextGrid,,0.530,1064,2256,3896
file227.TextGrid,1,0.040,665,1106,3010
file227.TextGrid,2,0.300,512,1867,2877
file227.TextGrid,3,0.290,545,1777,2847
file227.TextGrid,,0.235,1068,2245,3415
file228.TextGrid,,0.300,431,1487,2783
file228.TextGrid,1,0.210,382,1169,2665
file228.TextGrid,2,0.690,447,1650,2755
file228.TextGrid,3,0.080,429,1554,2932
file228.TextGrid,,0.035,497,1253,2839
file229.TextGrid,,0.270,1142,2305,3437
file229.TextGrid,1,0.120,483,1600,2756
file229.TextGrid,2,0.470,377,2033,2739
file229.TextGrid,3,0.180,247,1845,2815
file229.TextGrid,,0.099,341,1878,2914
file23.TextGrid,,0.160,578,1709,2955
file23.TextGrid,1,0.170,1016,1917,2738
file23.TextGrid,2,0.090,517,1407,2796
file23.TextGrid,3,0.440,596,1224,2794
file23.TextGrid,,0.176,576,1507,2608
file230.TextGrid,,0.240,508,1743,2709
file230.TextGrid,1,0.180,319,2419,2706
file230.TextGrid,2,0.280,581,2215,2850
file230.TextGrid,3,0.350,457,2114,2621
file230.TextGrid,,0.259,667,1756,2927
file231.TextGrid,,0.300,826,2016,2650
file231.TextGrid,1,0.130,520,1200,2830
file231.TextGrid,2,0.180,349,878,2768
file231.TextGrid,3,0.420,538,996,2878
file231.TextGrid,,0.192,707,1493,2766
file232.TextGrid,,0.340,828,1907,2983
file232.TextGrid,1,0.140,900,1894,3256
file232.TextGrid,2,0.140,524,1794,3194
file232.TextGrid,3,0.390,740,1235,2796
file232.TextGrid,,0.305,838,1569,2981
file233.TextGrid,,0.230,957,1928,3054
file233.TextGrid,1,0.210,774,2187,2895
file233.TextGrid,2,0.310,836,1529,2977
file233.TextGrid,3,0.630,1152,2334,3699
file233.TextGrid,,0.100,772,1789,2817
file234.TextGrid,,0.300,1444,2142,5088
file234.TextGrid,1,0.250,458,2321,2950
file234.TextGrid,2,0.470,1035,2078,3032
file234.TextGrid,3,0.300,700,1674,2800
file234.TextGrid,,0.245,1162,2124,3307
file235.TextGrid,,0.230,1115,2129,3264
file235.TextGrid,1,0.210,464,2211,2978
file235.TextGrid,2,0.410,822,1372,3071
file235.TextGrid,3,0.330,461,1339,2851
file235.TextGrid,,0.215,1093,2126,3885
file236.TextGrid,,0.220,731,1807,2909
file236.TextGrid,1,0.160,512,2020,3102
file236.TextGrid,2,0.240,966,1896,3041
file236.TextGrid,3,0.230,780,1718,2833
file236.TextGrid,,0.289,1040,2042,3080
file237.TextGrid,,0.270,672,1703,2727
file237.TextGrid,1,0.130,450,1659,3026
file237.TextGrid,2,0.250,735,1726,2599
file237.TextGrid,3,0.470,484,1261,2637
file237.TextGrid,,0.102,634,1608,2661
file238.TextGrid,,0.180,833,1994,3252
file238.TextGrid,1,0.170,1036,2152,3390
file238.TextGrid,2,0.230,376,1869,3040
file238.TextGrid,3,0.230,439,2139,2858
file238.TextGrid,,0.226,822,1915,3019
file239.TextGrid,,0.210,1451,2389,5146
file239.TextGrid,1,0.250,580,2355,2959
file239.TextGrid,2,0.140,671,1954,2825
file239.TextGrid,3,0.740,543,1633,2693
file239.TextGrid,,0.225,946,1855,3007
file24.TextGrid,,0.270,1241,2217,3733
file24.TextGrid,1,0.370,842,2022,2635
file24.TextGrid,2,0.200,723,1732,2663
file24.TextGrid,3,0.530,619,1585,2543
file24.TextGrid,,0.195,992,1915,2977
file240.TextGrid,,0.210,1103,2088,3271
file240.TextGrid,1,0.170,626,1601,2885
file240.TextGrid,2,0.130,381,1668,2796
file240.TextGrid,3,0.430,448,1879,2614
file240.TextGrid,,0.284,399,1799,2891
file241.TextGrid,,0.250,1481,2406,5361
file241.TextGrid,1,0.350,1293,2378,3369
file241.TextGrid,2,0.260,925,1717,2588
file241.TextGrid,3,0.510,703,1901,3027
file241.TextGrid,,0.195,1042,1907,3089
file242.TextGrid,,0.230,691,1731,2694
file242.TextGrid,1,0.150,468,1567,3186
file242.TextGrid,2,0.150,888,1885,3474
file242.TextGrid,3,0.350,504,1040,3063
file242.TextGrid,,0.249,641,1815,2811
file243.TextGrid,,0.240,1074,2118,3051
file243.TextGrid,1,0.370,952,1839,2573
file243.TextGrid,2,0.150,881,1576,2793
file243.TextGrid,3,0.420,795,1603,3099
file243.TextGrid,,0.215,886,1715,3050
file244.TextGrid,,0.250,962,1754,2854
file244.TextGrid,1,0.150,844,2115,2840
file244.TextGrid,2,0.190,370,1937,2539
file244.TextGrid,3,0.250,498,1817,2612
file244.TextGrid,,0.299,1007,1817,2803
file245.TextGrid,,0.280,529,1406,2753
file245.TextGrid,1,0.130,478,1589,2781
file245.TextGrid,2,0.190,428,1729,2799
file245.TextGrid,3,0.500,429,1932,2898
file245.TextGrid,,0.215,458,1551,2928
file246.TextGrid,,0.290,980,1928,3078
file246.TextGrid,1,0.100,954,2035,2924
file246.TextGrid,2,0.180,538,1500,2575
file246.TextGrid,3,0.470,820,1701,2952
file246.TextGrid,,0.099,487,1115,2810
file247.TextGrid,,0.260,1425,2358,4894
file247.TextGrid,1,0.210,485,2187,2912
file247.TextGrid,2,0.400,841,1692,2423
file247.TextGrid,3,0.260,595,1532,2700
file247.TextGrid,,0.265,1044,1947,3784
file248.TextGrid,,0.240,1027,2051,2992
file248.TextGrid,1,0.330,1012,2604,3264
file248.TextGrid,2,0.140,660,1805,2793
file248.TextGrid,3,0.430,491,1604,2784
file248.TextGrid,,0.255,991,2059,3043
file249.TextGrid,,0.290,962,1699,3053
file249.TextGrid,1,0.070,580,1552,2874
file249.TextGrid,2,0.200,510,1618,2725
file249.TextGrid,3,0.420,314,2031,2720
file249.TextGrid,,0.149,280,1447,2679
file25.TextGrid,,0.200,918,2183,3134
file25.TextGrid,1,0.330,592,1769,3130
file25.TextGrid,2,0.200,309,2260,2752
file25.TextGrid,3,0.210,463,2086,2682
file25.TextGrid,,0.284,875,2067,3117
file250.TextGrid,,0.220,1148,2130,3302
file250.TextGrid,1,0.200,372,2352,2880
file250.TextGrid,2,0.430,517,2089,3064
file250.TextGrid,3,0.240,576,1743,2618
file250.TextGrid,,0.305,1012,1866,2817
file251.TextGrid,,0.180,685,1612,2800
file251.TextGrid,1,0.110,467,1140,2926
file251.TextGrid,2,0.220,511,1015,3041
file251.TextGrid,3,0.390,534,1135,2876
file251.TextGrid,,0.229,423,1346,2461
file252.TextGrid,,0.280,1489,1998,5235
file252.TextGrid,1,0.280,492,2290,2867
file252.TextGrid,2,0.460,1124,1650,2909
file252.TextGrid,3,0.400,803,1420,2948
file252.TextGrid,,0.316,1020,1565,2415
file253.TextGrid,,0.280,1063,2006,3064
file253.TextGrid,1,0.220,507,2133,2864
file253.TextGrid,2,0.370,1129,2110,2968
file253.TextGrid,3,0.550,742,2040,3084
file253.TextGrid,,0.231,1128,2142,3172
file254.TextGrid,,0.360,1026,1968,3027
file254.TextGrid,1,0.080,755,1856,2899
file254.TextGrid,2,0.100,474,1382,2813
file254.TextGrid,3,0.460,346,1738,2718
file254.TextGrid,,0.129,537,1751,2875
file255.TextGrid,,0.200,1260,2510,3513
file255.TextGrid,1,0.220,1128,2344,3330
file255.TextGrid,2,0.410,799,1772,2784
file255.TextGrid,3,0.340,347,1911,3383
file255.TextGrid,,0.225,953,1777,2966
file256.TextGrid,,0.510,897,2168,3599
file256.TextGrid,1,0.150,768,1846,2801
file256.TextGrid,2,0.070,1390,2074,2584
file256.TextGrid,3,0.300,617,1749,2732
file256.TextGrid,,0.279,949,2194,3844
file257.TextGrid,,0.220,1447,2393,5111
file257.TextGrid,1,0.260,542,2225,2843
file257.TextGrid,2,0.450,571,1634,2653
file257.TextGrid,3,0.440,440,1608,2682
file257.TextGrid,,0.281,963,2030,3007
file258.TextGrid,,0.160,579,1821,2986
file258.TextGrid,1,0.260,366,2026,2922
file258.TextGrid,2,0.190,619,1815,2792
file258.TextGrid,3,0.420,581,1640,2825
file258.TextGrid,,0.285,632,1672,2756
file259.TextGrid,,0.190,1180,2263,3221
file259.TextGrid,1,0.150,947,1781,2796
file259.TextGrid,2,0.160,517,1229,2678
file259.TextGrid,3,0.470,678,1985,2855
file259.TextGrid,,0.083,409,2128,3159
file26.TextGrid,,0.240,1102,2088,3171
file26.TextGrid,1,0.230,596,2304,2945
file26.TextGrid,2,0.320,725,1818,3130
file26.TextGrid,3,0.480,834,1992,3586
file26.TextGrid,,0.210,1055,2541,3933
file260.TextGrid,,0.260,1235,2202,3744
file260.TextGrid,1,0.270,443,2280,2780
file260.TextGrid,2,0.490,428,1636,2499
file260.TextGrid,3,0.370,786,1736,2815
file260.TextGrid,,0.261,911,1846,2982
file261.TextGrid,,0.250,1446,2205,3985
file261.TextGrid,1,0.260,896,2364,3258
file261.TextGrid,2,0.310,685,1696,2801
file261.TextGrid,3,0.300,646,1448,2729
file261.TextGrid,,0.189,938,1866,3000
file262.TextGrid,,0.220,986,2084,3184
file262.TextGrid,1,0.360,582,2256,2976
file262.TextGrid,2,0.210,652,1911,2585
file262.TextGrid,3,0.470,589,1962,3004
file262.TextGrid,,0.135,1080,2501,3653
file263.TextGrid,,0.190,617,1639,2745
file263.TextGrid,1,0.240,936,2208,3100
file263.TextGrid,2,0.210,694,1616,3103
file263.TextGrid,3,0.420,605,1715,2723
file263.TextGrid,,0.162,478,1708,2899
file264.TextGrid,,0.160,958,2059,3210
file264.TextGrid,1,0.290,502,2278,2985
file264.TextGrid,2,0.280,554,1993,2680
file264.TextGrid,3,0.220,481,1894,2651
file264.TextGrid,,0.274,814,1992,3025
file265.TextGrid,,0.210,766,2034,3083
file265.TextGrid,1,0.140,705,1865,3112
file265.TextGrid,2,0.230,539,1560,2658
file265.TextGrid,3,0.170,552,2128,3071
file265.TextGrid,,0.303,900,1936,3220
file266.TextGrid,,0.030,318,1664,2986
file266.TextGrid,1,0.530,454,1735,2864
file266.TextGrid,2,0.060,430,1899,2702
file266.TextGrid,3,0.360,416,1793,2922
file266.TextGrid,,0.159,349,1720,3006
file267.TextGrid,,0.240,955,2004,3275
file267.TextGrid,1,0.210,387,1979,2825
file267.TextGrid,2,0.260,779,1480,2643
file267.TextGrid,3,0.370,469,1587,2970
file267.TextGrid,,0.229,1210,2058,4361
file268.TextGrid,,0.230,892,1868,2914
file268.TextGrid,1,0.280,520,1740,2645
file268.TextGrid,2,0.450,354,2376,2961
file268.TextGrid,3,0.270,380,1743,2622
file268.TextGrid,,0.250,939,2139,3272
file269.TextGrid,,0.230,1038,2339,3241
file269.TextGrid,1,0.240,462,1851,2736
file269.TextGrid,2,0.210,701,1922,2979
file269.TextGrid,3,0.390,502,1644,2697
file269.TextGrid,,0.239,1005,2289,3281
file27.TextGrid,,0.250,1238,2286,3320
file27.TextGrid,1,0.240,624,2138,3004
file27.TextGrid,2,0.280,909,1811,2504
file27.TextGrid,3,0.340,1451,2213,3050
file27.TextGrid,,0.285,1220,2257,4286
file270.TextGrid,,0.250,1112,2072,3504
file270.TextGrid,1,0.260,641,2214,2851
file270.TextGrid,2,0.440,643,1423,2720
file270.TextGrid,3,0.340,646,1073,2845
file270.TextGrid,,0.275,940,1955,2998
file271.TextGrid,,0.180,939,2041,2973
file271.TextGrid,1,0.230,460,2093,2888
file271.TextGrid,2,0.410,722,1866,2565
file271.TextGrid,3,0.230,576,1679,2674
file271.TextGrid,,0.259,1300,2266,4575
file272.TextGrid,,0.300,652,1503,2593
file272.TextGrid,1,0.060,473,1097,2805
file272.TextGrid,2,0.540,435,1068,2811
file272.TextGrid,3,0.100,542,1146,2909
file272.TextGrid,,0.222,575,1662,3013
file273.TextGrid,,0.290,790,1820,3141
file273.TextGrid,1,0.150,862,2010,3401
file273.TextGrid,2,0.110,1244,2369,3153
file273.TextGrid,3,0.690,442,1887,2836
file273.TextGrid,,0.075,1108,1615,2676
file274.TextGrid,,0.300,501,1683,2960
file274.TextGrid,1,0.170,384,1322,2845
file274.TextGrid,2,0.140,427,1636,2901
file274.TextGrid,3,0.530,464,1846,2728
file274.TextGrid,,0.175,424,1645,2898
file275.TextGrid,,0.140,563,1729,2712
file275.TextGrid,1,0.210,909,2287,3464
file275.TextGrid,2,0.260,373,1743,2671
file275.TextGrid,3,0.440,475,1618,2858
file275.TextGrid,,0.172,778,1782,3013
file276.TextGrid,,0.210,473,1563,2725
file276.TextGrid,1,0.210,331,1818,2814
file276.TextGrid,2,0.190,1122,2348,3463
file276.TextGrid,3,0.380,546,1981,2855
file276.TextGrid,,0.232,542,1700,2901
file277.TextGrid,,0.290,1040,2135,3158
file277.TextGrid,1,0.300,372,1630,2808
file277.TextGrid,2,0.180,669,1567,2883
file277.TextGrid,3,0.280,446,1596,2895
file277.TextGrid,,0.259,825,2098,3322
file278.TextGrid,,0.280,565,1555,2753
file278.TextGrid,1,0.240,626,1468,2461
file278.TextGrid,2,0.090,325,2220,2850
file278.TextGrid,3,0.450,538,1484,2775
file278.TextGrid,,0.162,619,1476,2737
file279.TextGrid,,0.230,615,1861,2909
file279.TextGrid,1,0.200,1210,2215,3441
file279.TextGrid,2,0.170,441,1430,2534
file279.TextGrid,3,0.500,477,2060,2725
file279.TextGrid,,0.122,458,1913,2993
file28.TextGrid,,0.280,640,1785,2879
file28.TextGrid,1,0.060,1521,2416,3742
file28.TextGrid,2,0.230,761,1638,2751
file28.TextGrid,3,0.460,594,1390,2694
file28.TextGrid,,0.192,562,1519,2798
file280.TextGrid,,0.220,424,1520,2568
file280.TextGrid,1,0.170,1106,2253,3476
file280.TextGrid,2,0.270,355,2068,2670
file280.TextGrid,3,0.370,456,1933,2669
file280.TextGrid,,0.192,449,1635,2639
file281.TextGrid,,0.160,1245,2423,3211
file281.TextGrid,1,0.340,1051,2452,3210
file281.TextGrid,2,0.210,837,2190,2880
file281.TextGrid,3,0.570,684,1512,2519
file281.TextGrid,,0.285,1117,2262,3271
file282.TextGrid,,0.220,873,2050,3185
file282.TextGrid,1,0.200,447,2155,2804
file282.TextGrid,2,0.460,665,1715,2621
file282.TextGrid,3,0.480,1061,2516,3555
file282.TextGrid,,0.035,1555,2359,3833
file283.TextGrid,,0.260,995,2136,3001
file283.TextGrid,1,0.280,451,2412,3133
file283.TextGrid,2,0.460,803,2135,2963
file283.TextGrid,3,0.300,419,1343,2790
file283.TextGrid,,0.180,846,2055,3155
file284.TextGrid,,0.290,476,1584,2875
file284.TextGrid,1,0.100,518,1474,2780
file284.TextGrid,2,0.280,644,1363,2634
file284.TextGrid,3,0.440,404,1790,2575
file284.TextGrid,,0.205,421,1509,2866
file285.TextGrid,,0.190,707,1760,2862
file285.TextGrid,1,0.150,374,1665,2728
file285.TextGrid,2,0.200,522,2170,2910
file285.TextGrid,3,0.310,507,2122,2863
file285.TextGrid,,0.372,399,1610,2753
file286.TextGrid,,0.180,879,1895,3037
file286.TextGrid,1,0.390,578,1678,2681
file286.TextGrid,2,0.230,603,2152,2935
file286.TextGrid,3,0.200,613,1478,2512
file286.TextGrid,,0.309,964,1982,3137
file287.TextGrid,,0.200,931,2100,3257
file287.TextGrid,1,0.220,1030,1692,2914
file287.TextGrid,2,0.230,480,1382,2383
file287.TextGrid,3,0.280,498,1997,2564
file287.TextGrid,,0.292,750,1892,2877
file288.TextGrid,,0.260,1113,1881,3227
file288.TextGrid,1,0.190,508,2181,2890
file288.TextGrid,2,0.450,948,1344,2985
file288.TextGrid,3,0.330,646,1296,2707
file288.TextGrid,,0.250,964,2136,3468
file289.TextGrid,,0.210,1487,2410,5366
file289.TextGrid,1,0.220,520,2184,2793
file289.TextGrid,2,0.380,942,1830,2831
file289.TextGrid,3,0.300,668,1225,2455
file289.TextGrid,,0.285,1126,1750,2750
file29.TextGrid,,0.270,849,1565,2726
file29.TextGrid,1,0.240,823,1250,2500
file29.TextGrid,2,0.080,745,1233,3290
file29.TextGrid,3,0.360,451,1675,2863
file29.TextGrid,,0.179,553,1592,2607
file290.TextGrid,,0.160,514,1692,2947
file290.TextGrid,1,0.160,1305,2353,3119
file290.TextGrid,2,0.240,480,1926,2874
file290.TextGrid,3,0.430,546,1513,2693
file290.TextGrid,,0.232,772,1441,2450
file291.TextGrid,,0.260,795,1781,3021
file291.TextGrid,1,0.140,417,1712,2817
file291.TextGrid,2,0.150,571,1553,2959
file291.TextGrid,3,0.500,327,1935,2717
file291.TextGrid,,0.079,482,1843,2853
file292.TextGrid,,0.290,819,1691,2939
file292.TextGrid,1,0.150,516,1641,3059
file292.TextGrid,2,0.220,464,1742,3091
file292.TextGrid,3,0.480,521,1968,2823
file292.TextGrid,,0.175,469,1638,2665
file293.TextGrid,,0.270,859,1795,3031
file293.TextGrid,1,0.210,372,2047,2634
file293.TextGrid,2,0.250,464,1854,2622
file293.TextGrid,3,0.560,375,2156,2637
file293.TextGrid,,0.117,549,1699,2783
file294.TextGrid,,0.260,1174,2024,3202
file294.TextGrid,1,0.160,581,1690,2979
file294.TextGrid,2,0.290,556,1036,2578
file294.TextGrid,3,0.210,457,1594,2656
file294.TextGrid,,0.395,480,1665,3004
file295.TextGrid,,0.250,1277,2271,3415
file295.TextGrid,1,0.350,417,2101,2724
file295.TextGrid,2,0.170,553,1595,2805
file295.TextGrid,3,0.430,794,1703,2877
file295.TextGrid,,0.280,967,2056,3131
file296.TextGrid,,0.100,986,2133,3084
file296.TextGrid,1,0.300,365,1072,2678
file296.TextGrid,2,0.320,429,1666,2986
file296.TextGrid,3,0.290,495,1777,2675
file296.TextGrid,,0.214,1046,2089,3108
file297.TextGrid,,0.210,560,1672,2756
file297.TextGrid,1,0.180,388,1481,2690
file297.TextGrid,2,0.080,471,1410,2643
file297.TextGrid,3,0.360,431,1952,2698
file297.TextGrid,,0.206,490,1686,2634
file298.TextGrid,,0.280,1033,2128,3199
file298.TextGrid,1,0.210,560,2196,2890
file298.TextGrid,2,0.310,583,1630,3053
file298.TextGrid,3,0.450,561,1745,3292
file298.TextGrid,,0.230,904,2036,3071
file299.TextGrid,,0.230,668,1753,2918
file299.TextGrid,1,0.090,756,1865,3060
file299.TextGrid,2,0.120,451,1546,2445
file299.TextGrid,3,0.480,438,1937,2589
file299.TextGrid,,0.116,445,1514,2532
file3.TextGrid,,0.280,1030,2000,3272
file3.TextGrid,1,0.240,570,2252,2970
file3.TextGrid,2,0.440,715,1725,2749
file3.TextGrid,3,0.280,573,1410,2741
file3.TextGrid,,0.240,1150,1977,3324
file30.TextGrid,,0.230,1486,2395,5366
file30.TextGrid,1,0.250,795,2302,3023
file30.TextGrid,2,0.330,681,1874,2848
file30.TextGrid,3,0.440,873,1960,2855
file30.TextGrid,,0.315,1173,2090,3002
file300.TextGrid,,0.240,1423,2363,4962
file300.TextGrid,1,0.290,354,2172,2780
file300.TextGrid,2,0.140,717,1718,2799
file300.TextGrid,3,0.450,510,1487,2663
file300.TextGrid,,0.275,978,1989,3068
file301.TextGrid,,0.180,514,1491,2582
file301.TextGrid,1,0.150,969,1660,2649
file301.TextGrid,2,0.160,853,2105,3082
file301.TextGrid,3,0.360,514,1058,2849
file301.TextGrid,,0.186,618,1409,2510
file302.TextGrid,,0.320,354,1461,2907
file302.TextGrid,1,0.240,866,2108,3465
file302.TextGrid,2,0.210,492,1106,2852
file302.TextGrid,3,0.450,382,1892,2714
file302.TextGrid,,0.187,549,1647,2836
file303.TextGrid,,0.240,1096,2006,3202
file303.TextGrid,1,0.260,747,1670,2774
file303.TextGrid,2,0.230,907,2082,3130
file303.TextGrid,3,0.520,336,2011,2878
file303.TextGrid,,0.145,325,1845,2998
file304.TextGrid,,0.130,401,1578,2908
file304.TextGrid,1,0.150,942,1720,3334
file304.TextGrid,2,0.140,688,1117,2999
file304.TextGrid,3,0.360,610,1108,2624
file304.TextGrid,,0.256,577,1293,2892
file305.TextGrid,,0.180,1453,2418,5314
file305.TextGrid,1,0.270,751,2211,3060
file305.TextGrid,2,0.310,741,1618,2779
file305.TextGrid,3,0.440,453,1497,2937
file305.TextGrid,,0.195,971,2092,3152
file306.TextGrid,,0.280,513,1490,2928
file306.TextGrid,1,0.230,402,1283,2726
file306.TextGrid,2,0.080,416,1483,2709
file306.TextGrid,3,0.520,650,1281,2554
file306.TextGrid,,0.205,599,1557,2752
file307.TextGrid,,0.250,547,1642,2743
file307.TextGrid,1,0.210,522,1794,2681
file307.TextGrid,2,0.090,389,1786,2460
file307.TextGrid,3,0.440,397,1765,2693
file307.TextGrid,,0.232,483,1687,2733
file308.TextGrid,,0.200,630,1575,2483
file308.TextGrid,1,0.060,820,1787,2716
file308.TextGrid,2,0.260,886,1714,2898
file308.TextGrid,3,0.300,539,1363,2873
file308.TextGrid,,0.216,825,1721,2852
file309.TextGrid,,0.250,790,1860,3066
file309.TextGrid,1,0.060,768,2167,3412
file309.TextGrid,2,0.230,644,1407,3064
file309.TextGrid,3,0.470,1044,1766,3104
file309.TextGrid,,0.305,1220,2132,3115
file31.TextGrid,,0.230,1309,2602,3733
file31.TextGrid,1,0.100,566,2196,2811
file31.TextGrid,2,0.140,336,2257,2895
file31.TextGrid,3,0.480,616,2076,2873
file31.TextGrid,,0.103,582,1781,2942
file310.TextGrid,,0.200,940,2219,3135
file310.TextGrid,1,0.180,734,1600,3021
file310.TextGrid,2,0.170,443,1157,2785
file310.TextGrid,3,0.420,453,2249,3070
file310.TextGrid,,0.083,1499,2257,3335
file311.TextGrid,,0.510,726,1771,2953
file311.TextGrid,1,0.110,396,1545,2761
file311.TextGrid,2,0.150,567,1615,2771
file311.TextGrid,3,0.450,589,1946,3174
file311.TextGrid,,0.280,650,1585,2890
file312.TextGrid,,0.210,748,2010,3062
file312.TextGrid,1,0.120,541,1710,2916
file312.TextGrid,2,0.140,708,1559,2901
file312.TextGrid,3,0.340,531,1357,2869
file312.TextGrid,,0.412,733,1657,3025
file313.TextGrid,,0.080,776,1737,2827
file313.TextGrid,1,0.660,504,1154,2880
file313.TextGrid,2,0.050,530,1389,2725
file313.TextGrid,3,0.060,524,1399,2444
file313.TextGrid,,0.186,716,1743,2545
file314.TextGrid,,0.260,947,2166,3129
file314.TextGrid,1,0.150,530,2025,2994
file314.TextGrid,2,0.040,569,1810,3008
file314.TextGrid,3,0.490,918,1749,2909
file314.TextGrid,,0.199,621,1762,3009
file315.TextGrid,,0.290,1175,2125,2944
file315.TextGrid,1,0.180,669,2199,2909
file315.TextGrid,2,0.330,779,1644,2620
file315.TextGrid,3,0.420,1021,2118,2952
file315.TextGrid,,0.260,1066,2043,2977
file316.TextGrid,,0.270,789,2085,3091
file316.TextGrid,1,0.090,642,1744,2927
file316.TextGrid,2,0.140,754,1786,3118
file316.TextGrid,3,0.540,678,1585,2955
file316.TextGrid,,0.182,355,1327,2731
file317.TextGrid,,0.260,714,2081,3050
file317.TextGrid,1,0.390,1095,1742,2915
file317.TextGrid,2,0.100,525,1015,2305
file317.TextGrid,3,0.270,449,1111,2711
file317.TextGrid,,0.295,1021,2168,3391
file318.TextGrid,,0.250,667,1842,2961
file318.TextGrid,1,0.140,511,1467,3007
file318.TextGrid,2,0.200,789,1649,2873
file318.TextGrid,3,0.360,549,966,2928
file318.TextGrid,,0.272,658,1860,2960
file319.TextGrid,,0.210,1101,2180,3341
file319.TextGrid,1,0.200,877,1996,3069
file319.TextGrid,2,0.320,921,1757,3100
file319.TextGrid,3,0.260,765,1425,2481
file319.TextGrid,,0.319,903,1858,2986
file32.TextGrid,,0.230,910,1905,3055
file32.TextGrid,1,0.310,387,1297,2640
file32.TextGrid,2,0.130,551,1738,2893
file32.TextGrid,3,0.580,385,1967,2705
file32.TextGrid,,0.065,439,1948,2770
file320.TextGrid,,0.270,993,2125,3262
file320.TextGrid,1,0.270,926,2078,3143
file320.TextGrid,2,0.230,596,1217,2983
file320.TextGrid,3,0.360,422,1415,2859
file320.TextGrid,,0.179,450,1747,3008
file321.TextGrid,,0.290,864,2299,3431
file321.TextGrid,1,0.250,415,2360,3140
file321.TextGrid,2,0.270,594,1945,2829
file321.TextGrid,3,0.610,1264,2571,3589
file321.TextGrid,,0.316,933,2369,3552
file322.TextGrid,,0.250,1169,2113,3331
file322.TextGrid,1,0.220,516,2211,2840
file322.TextGrid,2,0.390,685,1723,2713
file322.TextGrid,3,0.400,519,1618,2883
file322.TextGrid,,0.220,857,1896,3017
file323.TextGrid,,0.240,1006,2017,3044
file323.TextGrid,1,0.200,628,2239,3116
file323.TextGrid,2,0.430,702,1794,3004
file323.TextGrid,3,0.310,550,1686,2925
file323.TextGrid,,0.300,1326,2241,4595
file324.TextGrid,,0.280,1034,2096,3177
file324.TextGrid,1,0.240,373,1832,2729
file324.TextGrid,2,0.280,855,1766,3136
file324.TextGrid,3,0.420,720,1949,2903
file324.TextGrid,,0.175,1036,1993,3113
file325.TextGrid,,0.240,1429,2271,4596
file325.TextGrid,1,0.250,371,2058,2569
file325.TextGrid,2,0.280,1064,2034,3093
file325.TextGrid,3,0.560,852,1727,2645
file325.TextGrid,,0.235,1157,2086,3044
file326.TextGrid,,0.260,860,1917,3127
file326.TextGrid,1,0.130,430,1353,3129
file326.TextGrid,2,0.250,752,1618,3288
file326.TextGrid,3,0.430,345,1849,2547
file326.TextGrid,,0.154,459,1307,2448
file327.TextGrid,,0.270,1154,2265,3261
file327.TextGrid,1,0.240,452,2071,3033
file327.TextGrid,2,0.200,574,2174,3017
file327.TextGrid,3,0.200,640,2034,2989
file327.TextGrid,,0.314,957,2064,3143
file328.TextGrid,,0.220,963,2090,3172
file328.TextGrid,1,0.280,1080,2353,3155
file328.TextGrid,2,0.370,808,2022,3219
file328.TextGrid,3,0.500,780,1846,3053
file328.TextGrid,,0.195,1163,2056,3116
file329.TextGrid,,0.270,551,1629,2596
file329.TextGrid,1,0.230,370,1166,2683
file329.TextGrid,2,0.080,517,1217,2995
file329.TextGrid,3,0.590,383,1108,2713
file329.TextGrid,,0.145,491,1464,2539
file33.TextGrid,,0.230,1089,2139,3097
file33.TextGrid,1,0.240,377,1852,2762
file33.TextGrid,2,0.230,965,1650,3182
file33.TextGrid,3,0.370,725,1934,3350
file33.TextGrid,,0.239,1004,2088,3532
file330.TextGrid,,0.250,1191,2157,3182
file330.TextGrid,1,0.340,581,1961,2541
file330.TextGrid,2,0.430,607,1661,2639
file330.TextGrid,3,0.170,506,1566,2780
file330.TextGrid,,0.205,1320,1918,3398
file331.TextGrid,,0.190,1070,2155,3464
file331.TextGrid,1,0.270,1109,2406,3433
file331.TextGrid,2,0.320,564,1778,2892
file331.TextGrid,3,0.370,401,1114,2995
file331.TextGrid,,0.245,1174,2068,3137
file332.TextGrid,,0.250,723,1746,2827
file332.TextGrid,1,0.220,486,1835,2481
file332.TextGrid,2,0.320,732,1651,2833
file332.TextGrid,3,0.430,778,2107,3240
file332.TextGrid,,0.187,1053,2295,3279
file333.TextGrid,,0.290,1187,1996,3113
file333.TextGrid,1,0.190,600,1512,2755
file333.TextGrid,2,0.190,819,1897,3295
file333.TextGrid,3,0.280,479,1764,2770
file333.TextGrid,,0.179,555,1841,3069
file334.TextGrid,,0.230,835,2146,3262
file334.TextGrid,1,0.240,599,1737,2940
file334.TextGrid,2,0.180,474,1648,2564
file334.TextGrid,3,0.340,444,1655,2435
file334.TextGrid,,0.232,403,1537,3057
file335.TextGrid,,0.260,1297,2117,3446
file335.TextGrid,1,0.240,527,2231,2916
file335.TextGrid,2,0.370,951,1454,2585
file335.TextGrid,3,0.450,963,1632,2639
file335.TextGrid,,0.075,1028,2040,3043
file336.TextGrid,,0.220,802,1928,3022
file336.TextGrid,1,0.070,707,1925,3091
file336.TextGrid,2,0.240,545,1370,2848
file336.TextGrid,3,0.470,508,1450,2771
file336.TextGrid,,0.222,602,1785,2934
file337.TextGrid,,0.280,1497,2382,5429
file337.TextGrid,1,0.310,503,2247,2850
file337.TextGrid,2,0.440,749,1890,2810
file337.TextGrid,3,0.310,766,1564,2609
file337.TextGrid,,0.225,927,1779,2971
file338.TextGrid,,0.240,483,1510,2536
file338.TextGrid,1,0.190,1275,2365,2948
file338.TextGrid,2,0.310,372,2239,2916
file338.TextGrid,3,0.340,463,1949,2790
file338.TextGrid,,0.142,506,1551,2694
file339.TextGrid,,0.220,529,1658,2775
file339.TextGrid,1,0.220,477,2214,2931
file339.TextGrid,2,0.450,730,1749,2521
file339.TextGrid,3,0.190,479,1631,2918
file339.TextGrid,,0.315,1926,3061,3670
file34.TextGrid,,0.280,1037,2001,2980
file34.TextGrid,1,0.190,547,2281,2893
file34.TextGrid,2,0.400,821,1643,2648
file34.TextGrid,3,0.400,742,1627,2636
file34.TextGrid,,0.295,1066,1962,2960
file340.TextGrid,,0.210,1044,2043,3105
file340.TextGrid,1,0.260,575,2219,2903
file340.TextGrid,2,0.430,648,1465,2418
file340.TextGrid,3,0.300,473,1351,2619
file340.TextGrid,,0.195,1084,2195,3886
file341.TextGrid,,0.130,1129,2313,3268
file341.TextGrid,1,0.300,388,1867,2832
file341.TextGrid,2,0.080,561,1940,3109
file341.TextGrid,3,0.560,879,1964,2988
file341.TextGrid,,0.239,936,1960,2960
file342.TextGrid,,0.230,841,2039,3304
file342.TextGrid,1,0.280,752,2282,3140
file342.TextGrid,2,0.160,654,1717,2825
file342.TextGrid,3,0.660,669,2218,3390
file342.TextGrid,,0.065,1102,2635,3733
file343.TextGrid,,0.250,1067,2332,3325
file343.TextGrid,1,0.350,333,1745,2704
file343.TextGrid,2,0.130,742,1980,2741
file343.TextGrid,3,0.530,249,1967,2883
file343.TextGrid,,0.240,882,2221,3251
file344.TextGrid,,0.240,734,1895,3149
file344.TextGrid,1,0.260,1036,2190,3117
file344.TextGrid,2,0.150,706,1920,3025
file344.TextGrid,3,0.120,464,1924,2741
file344.TextGrid,,0.454,602,1913,2711
file345.TextGrid,,0.210,1058,2189,3306
file345.TextGrid,1,0.220,721,1889,2860
file345.TextGrid,2,0.260,776,1583,3067
file345.TextGrid,3,0.360,797,1794,3243
file345.TextGrid,,0.259,1110,2101,2939
file346.TextGrid,,0.260,1340,2275,4301
file346.TextGrid,1,0.270,371,2267,2582
file346.TextGrid,2,0.120,634,1881,2658
file346.TextGrid,3,0.430,491,1657,2660
file346.TextGrid,,0.229,1079,2189,3205
file347.TextGrid,,0.210,1147,2474,3408
file347.TextGrid,1,0.360,733,1238,2691
file347.TextGrid,2,0.210,602,1453,3024
file347.TextGrid,3,0.310,523,2305,3385
file347.TextGrid,,0.305,1035,2026,3150
file348.TextGrid,,0.240,931,2109,3248
file348.TextGrid,1,0.100,585,1629,3007
file348.TextGrid,2,0.240,391,1024,2801
file348.TextGrid,3,0.390,650,1076,2686
file348.TextGrid,,0.083,809,2089,3280
file349.TextGrid,,0.260,770,1776,2974
file349.TextGrid,1,0.180,534,1639,2913
file349.TextGrid,2,0.280,383,1594,2583
file349.TextGrid,3,0.120,294,1651,2656
file349.TextGrid,,0.128,628,1979,3246
file35.TextGrid,,0.290,1418,2281,4919
file35.TextGrid,1,0.250,402,2232,2815
file35.TextGrid,2,0.520,724,1919,2877
file35.TextGrid,3,0.360,752,1763,2656
file35.TextGrid,,0.231,1095,1949,2976
file350.TextGrid,,0.230,1102,2206,3320
file350.TextGrid,1,0.230,467,2233,2994
file350.TextGrid,2,0.450,980,2015,2953
file350.TextGrid,3,0.430,1347,2700,3519
file350.TextGrid,,0.055,1440,2969,4178
file351.TextGrid,,0.280,1029,2148,3286
file351.TextGrid,1,0.130,352,1578,2777
file351.TextGrid,2,0.240,814,1648,2828
file351.TextGrid,3,0.160,683,1501,2910
file351.TextGrid,,0.329,907,1982,3055
file352.TextGrid,,0.280,940,1978,3179
file352.TextGrid,1,0.160,805,1212,2635
file352.TextGrid,2,0.150,408,960,2835
file352.TextGrid,3,0.410,616,1954,2926
file352.TextGrid,,0.224,342,1763,3052
file353.TextGrid,,0.230,1107,2216,3297
file353.TextGrid,1,0.240,545,1721,3042
file353.TextGrid,2,0.230,450,1240,2830
file353.TextGrid,3,0.580,370,2261,2781
file353.TextGrid,,0.127,698,2045,3213
file354.TextGrid,,0.280,436,1512,2960
file354.TextGrid,1,0.190,390,1577,2863
file354.TextGrid,2,0.130,1056,2327,3236
file354.TextGrid,3,0.460,522,1808,2648
file354.TextGrid,,0.162,490,1523,2836
file355.TextGrid,,0.230,1234,2264,3200
file355.TextGrid,1,0.210,618,2029,3038
file355.TextGrid,2,0.330,691,1524,2688
file355.TextGrid,3,0.350,586,1728,2685
file355.TextGrid,,0.275,1277,2315,3249
file356.TextGrid,,0.310,1017,1963,3114
file356.TextGrid,1,0.130,792,1142,2857
file356.TextGrid,2,0.090,582,1211,3072
file356.TextGrid,3,0.330,796,1474,2939
file356.TextGrid,,0.269,880,2026,3165
file357.TextGrid,,0.250,916,1814,2933
file357.TextGrid,1,0.210,903,2118,3113
file357.TextGrid,2,0.120,383,1698,2865
file357.TextGrid,3,0.510,453,1947,2712
file357.TextGrid,,0.132,478,1820,2877
file358.TextGrid,,0.270,873,1866,2942
file358.TextGrid,1,0.240,459,1671,2660
file358.TextGrid,2,0.190,593,1382,2663
file358.TextGrid,3,0.240,416,1675,2484
file358.TextGrid,,0.369,894,2087,2982
file359.TextGrid,,0.280,532,1674,2798
file359.TextGrid,1,0.220,402,1736,2985
file359.TextGrid,2,0.250,534,1981,2797
file359.TextGrid,3,0.340,444,2137,2644
file359.TextGrid,,0.219,750,1910,3017
file36.TextGrid,,0.250,1349,2248,3826
file36.TextGrid,1,0.280,1088,2174,2699
file36.TextGrid,2,0.190,866,1767,2652
file36.TextGrid,3,0.420,648,1639,2754
file36.TextGrid,,0.255,1130,2160,3156
file360.TextGrid,,0.260,1268,2363,3200
file360.TextGrid,1,0.350,733,2082,3050
file360.TextGrid,2,0.260,692,1338,3076
file360.TextGrid,3,0.250,620,1346,2523
file360.TextGrid,,0.275,1105,2026,3228
file361.TextGrid,,0.260,547,1702,3220
file361.TextGrid,1,0.140,328,2063,3092
file361.TextGrid,2,0.240,338,1993,2843
file361.TextGrid,3,0.390,473,1683,2542
file361.TextGrid,,0.192,495,1493,2722
file362.TextGrid,,0.280,905,2135,3180
file362.TextGrid,1,0.250,320,2807,3289
file362.TextGrid,2,0.250,563,1704,2817
file362.TextGrid,3,0.250,634,1593,2668
file362.TextGrid,,0.279,1046,2048,3294
file363.TextGrid,,0.230,944,2075,3015
file363.TextGrid,1,0.260,572,1687,2916
file363.TextGrid,2,0.190,634,1451,2904
file363.TextGrid,3,0.390,673,1752,3057
file363.TextGrid,,0.239,883,2151,3302
file364.TextGrid,,0.230,744,1904,3092
file364.TextGrid,1,0.210,670,1812,3091
file364.TextGrid,2,0.150,726,1498,2891
file364.TextGrid,3,0.390,519,1121,3188
file364.TextGrid,,0.159,551,1684,3064
file365.TextGrid,,0.250,1080,2088,3255
file365.TextGrid,1,0.240,946,2250,3585
file365.TextGrid,2,0.130,771,1609,3019
file365.TextGrid,3,0.530,594,1375,2976
file365.TextGrid,,0.245,819,2187,3175
file366.TextGrid,,0.210,1145,2227,3131
file366.TextGrid,1,0.160,708,2200,2720
file366.TextGrid,2,0.110,569,1855,2701
file366.TextGrid,3,0.340,937,2642,3140
file366.TextGrid,,0.233,987,2053,3273
file367.TextGrid,,0.160,950,2042,3094
file367.TextGrid,1,0.180,964,1637,2763
file367.TextGrid,2,0.180,555,1165,2739
file367.TextGrid,3,0.330,543,1165,2639
file367.TextGrid,,0.186,786,1831,2879
file368.TextGrid,,0.280,982,2183,3313
file368.TextGrid,1,0.210,660,1777,3144
file368.TextGrid,2,0.250,685,1562,2983
file368.TextGrid,3,0.220,562,1253,2970
file368.TextGrid,,0.264,861,1976,3146
file369.TextGrid,,0.250,823,1942,2947
file369.TextGrid,1,0.220,440,2252,2835
file369.TextGrid,2,0.150,533,1899,2778
file369.TextGrid,3,0.220,431,1708,2679
file369.TextGrid,,0.384,285,1744,2766
file37.TextGrid,,0.220,1035,2071,3269
file37.TextGrid,1,0.130,592,1642,2711
file37.TextGrid,2,0.270,545,1794,2754
file37.TextGrid,3,0.370,353,1887,2688
file37.TextGrid,,0.149,611,1803,3144
file370.TextGrid,,0.150,1230,2217,3313
file370.TextGrid,1,0.140,843,1576,2851
file370.TextGrid,2,0.280,565,1257,3013
file370.TextGrid,3,0.350,906,1858,2952
file370.TextGrid,,0.302,882,2208,2808
file371.TextGrid,,0.280,1110,2156,3220
file371.TextGrid,1,0.260,425,1763,2749
file371.TextGrid,2,0.270,1169,2304,3103
file371.TextGrid,3,0.290,626,1629,2832
file371.TextGrid,,0.295,1311,2341,3037
file372.TextGrid,,0.250,1493,2319,5021
file372.TextGrid,1,0.260,613,2263,2757
file372.TextGrid,2,0.670,801,1401,2867
file372.TextGrid,3,0.230,1085,1808,2783
file372.TextGrid,,0.070,1296,1915,2863
file373.TextGrid,,0.260,1136,2375,3271
file373.TextGrid,1,0.270,339,2247,3115
file373.TextGrid,2,0.250,977,2322,3208
file373.TextGrid,3,0.480,542,2338,3014
file373.TextGrid,,0.220,827,2103,3207
file374.TextGrid,,0.250,1071,2231,3406
file374.TextGrid,1,0.210,861,1640,2923
file374.TextGrid,2,0.310,539,1069,2765
file374.TextGrid,3,0.260,364,1079,2834
file374.TextGrid,,0.194,771,1853,2909
file375.TextGrid,,0.240,913,2016,3065
file375.TextGrid,1,0.230,815,1135,2505
file375.TextGrid,2,0.090,615,1234,2910
file375.TextGrid,3,0.260,455,1584,2844
file375.TextGrid,,0.233,467,1958,3129
file376.TextGrid,,0.260,1028,2142,3251
file376.TextGrid,1,0.240,381,1614,2630
file376.TextGrid,2,0.210,698,1842,2626
file376.TextGrid,3,0.380,443,1395,2784
file376.TextGrid,,0.219,1175,2155,3803
file377.TextGrid,,0.220,988,2244,3430
file377.TextGrid,1,0.300,347,1771,2896
file377.TextGrid,2,0.260,532,1619,2935
file377.TextGrid,3,0.240,579,1333,2898
file377.TextGrid,,0.289,1157,2084,3747
file378.TextGrid,,0.250,978,2057,3113
file378.TextGrid,1,0.240,662,2057,2980
file378.TextGrid,2,0.360,665,1270,2592
file378.TextGrid,3,0.390,481,1366,2890
file378.TextGrid,,0.155,1373,1958,4399
file379.TextGrid,,0.200,744,2093,2994
file379.TextGrid,1,0.170,845,1829,3268
file379.TextGrid,2,0.160,576,1029,2819
file379.TextGrid,3,0.410,645,1416,2831
file379.TextGrid,,0.189,595,1249,2522
file38.TextGrid,,0.310,618,1837,2801
file38.TextGrid,1,0.180,775,1195,2728
file38.TextGrid,2,0.240,787,1870,3370
file38.TextGrid,3,0.460,585,1848,3434
file38.TextGrid,,0.217,481,1779,3105
file380.TextGrid,,0.220,1119,2081,3258
file380.TextGrid,1,0.240,567,2164,3099
file380.TextGrid,2,0.470,783,1824,2849
file380.TextGrid,3,0.280,473,2205,3009
file380.TextGrid,,0.270,1254,2188,4334
file381.TextGrid,,0.250,1093,2028,3200
file381.TextGrid,1,0.230,429,1937,2706
file381.TextGrid,2,0.260,736,1576,2416
file381.TextGrid,3,0.260,487,1558,2869
file381.TextGrid,,0.309,1174,1943,4022
file382.TextGrid,,0.230,1171,2398,3314
file382.TextGrid,1,0.260,338,1697,2672
file382.TextGrid,2,0.120,650,1781,2895
file382.TextGrid,3,0.330,675,1544,2773
file382.TextGrid,,0.284,904,2238,3520
file383.TextGrid,,0.230,1169,2146,3450
file383.TextGrid,1,0.240,584,2302,2953
file383.TextGrid,2,0.460,832,1463,2555
file383.TextGrid,3,0.250,669,1334,2541
file383.TextGrid,,0.385,835,1609,3018
file384.TextGrid,,0.230,669,1936,3133
file384.TextGrid,1,0.100,591,1313,3127
file384.TextGrid,2,0.210,524,782,2974
file384.TextGrid,3,0.400,477,1495,2539
file384.TextGrid,,0.189,481,1609,2824
file385.TextGrid,,0.220,697,1729,3147
file385.TextGrid,1,0.280,328,1327,2237
file385.TextGrid,2,0.090,494,1606,2556
file385.TextGrid,3,0.250,471,1285,2231
file385.TextGrid,,0.299,724,1457,2915
file386.TextGrid,,0.180,501,1634,2563
file386.TextGrid,1,0.140,578,1658,3132
file386.TextGrid,2,0.200,493,977,2769
file386.TextGrid,3,0.420,459,1590,2607
file386.TextGrid,,0.189,564,1607,2731
file387.TextGrid,,0.260,1028,2247,3323
file387.TextGrid,1,0.220,397,1919,2793
file387.TextGrid,2,0.270,890,1510,2383
file387.TextGrid,3,0.250,648,1490,2808
file387.TextGrid,,0.309,1208,2248,4103
file388.TextGrid,,0.250,1132,2285,3457
file388.TextGrid,1,0.170,500,2208,3131
file388.TextGrid,2,0.460,669,2016,2635
file388.TextGrid,3,0.420,1024,2504,3425
file388.TextGrid,,0.095,992,2303,3181
file389.TextGrid,,0.240,1134,2142,3153
file389.TextGrid,1,0.210,513,1450,2886
file389.TextGrid,2,0.120,475,828,2935
file389.TextGrid,3,0.490,536,1133,2562
file389.TextGrid,,0.164,918,2073,3258
file39.TextGrid,,0.200,807,1694,2705
file39.TextGrid,1,0.380,896,1718,2667
file39.TextGrid,2,0.320,503,1571,2626
file39.TextGrid,3,0.310,560,1631,2995
file39.TextGrid,,0.105,702,2028,3175
file390.TextGrid,,0.220,600,1670,3157
file390.TextGrid,1,0.310,487,1743,2638
file390.TextGrid,2,0.380,345,2068,2966
file390.TextGrid,3,0.330,545,1923,2700
file390.TextGrid,,0.240,764,1854,3160
file391.TextGrid,,0.250,628,1815,2846
file391.TextGrid,1,0.260,478,2022,2920
file391.TextGrid,2,0.370,369,1940,2582
file391.TextGrid,3,0.280,580,1521,2881
file391.TextGrid,,0.235,678,1903,2936
file392.TextGrid,,0.240,879,1889,3145
file392.TextGrid,1,0.130,464,2463,3019
file392.TextGrid,2,0.410,308,2426,3044
file392.TextGrid,3,0.160,460,1970,2593
file392.TextGrid,,0.284,653,1790,2994
file393.TextGrid,,0.250,419,1609,2728
file393.TextGrid,1,0.130,339,1615,2768
file393.TextGrid,2,0.100,479,1701,2673
file393.TextGrid,3,0.580,540,1976,2861
file393.TextGrid,,0.162,685,1791,2804
file394.TextGrid,,0.190,835,1948,2984
file394.TextGrid,1,0.270,581,2192,3117
file394.TextGrid,2,0.440,684,1674,2635
file394.TextGrid,3,0.540,1316,1967,3069
file394.TextGrid,,0.040,1259,2476,3158
file395.TextGrid,,0.170,1124,2160,3088
file395.TextGrid,1,0.340,456,1627,2622
file395.TextGrid,2,0.420,376,1853,2749
file395.TextGrid,3,0.380,468,1502,2806
file395.TextGrid,,0.255,1123,2066,3005
file396.TextGrid,,0.110,476,1522,2597
file396.TextGrid,1,0.250,1019,2196,3229
file396.TextGrid,2,0.230,345,2120,2638
file396.TextGrid,3,0.270,410,2194,2835
file396.TextGrid,,0.176,724,1877,3021
file397.TextGrid,,0.190,566,1872,3087
file397.TextGrid,1,0.500,543,1214,2864
file397.TextGrid,2,0.070,418,1250,2672
file397.TextGrid,3,0.070,355,1076,2554
file397.TextGrid,,0.223,437,1607,2619
file398.TextGrid,,0.150,639,1747,2908
file398.TextGrid,1,0.180,919,2200,3592
file398.TextGrid,2,0.440,403,1126,2495
file398.TextGrid,3,0.180,360,1745,2482
file398.TextGrid,,0.179,760,1678,3065
file399.TextGrid,,0.270,464,1502,2860
file399.TextGrid,1,0.190,514,1529,2908
file399.TextGrid,2,0.160,561,1704,2915
file399.TextGrid,3,0.500,416,1846,2744
file399.TextGrid,,0.195,421,1778,3013
file4.TextGrid,,0.240,907,2174,3142
file4.TextGrid,1,0.260,1018,2289,3190
file4.TextGrid,2,0.210,796,1725,2908
file4.TextGrid,3,0.240,612,976,2659
file4.TextGrid,,0.274,965,2170,3133
file40.TextGrid,,0.240,863,2140,3017
file40.TextGrid,1,0.250,439,2286,2829
file40.TextGrid,2,0.470,1025,1785,2785
file40.TextGrid,3,0.390,1091,1990,3126
file40.TextGrid,,0.130,1044,1864,2955
file400.TextGrid,,0.230,941,1928,2869
file400.TextGrid,1,0.280,311,1906,2772
file400.TextGrid,2,0.290,505,1646,2488
file400.TextGrid,3,0.270,484,1350,2571
file400.TextGrid,,0.239,948,2111,3499
file401.TextGrid,,0.270,948,1948,2960
file401.TextGrid,1,0.160,574,1655,2844
file401.TextGrid,2,0.120,363,2242,2737
file401.TextGrid,3,0.480,683,2328,3083
file401.TextGrid,,0.192,417,1628,2933
file41.TextGrid,,0.240,1087,2051,3003
file41.TextGrid,1,0.210,779,2013,2769
file41.TextGrid,2,0.280,1131,1792,3073
file41.TextGrid,3,0.420,777,1403,2672
file41.TextGrid,,0.245,1003,1894,3062
file42.TextGrid,,0.230,940,1720,2949
file42.TextGrid,1,0.180,260,993,2063
file42.TextGrid,2,0.200,547,1443,2508
file42.TextGrid,3,0.390,954,2153,2953
file42.TextGrid,,0.224,821,1765,2989
file43.TextGrid,,0.110,501,1754,2914
file43.TextGrid,1,0.060,1025,2214,3368
file43.TextGrid,2,0.320,699,1519,2709
file43.TextGrid,3,0.310,611,1372,2886
file43.TextGrid,,0.329,763,1724,2960
file44.TextGrid,,0.240,836,2072,2941
file44.TextGrid,1,0.130,779,1872,3356
file44.TextGrid,2,0.210,370,1708,3040
file44.TextGrid,3,0.380,542,1147,2927
file44.TextGrid,,0.262,594,1359,2538
file45.TextGrid,,0.140,454,1373,2759
file45.TextGrid,1,0.240,393,1658,2783
file45.TextGrid,2,0.160,440,1532,2906
file45.TextGrid,3,0.440,438,1828,2525
file45.TextGrid,,0.149,515,1559,2577
file46.TextGrid,,0.300,953,2091,3275
file46.TextGrid,1,0.220,486,2115,3070
file46.TextGrid,2,0.460,624,1617,3067
file46.TextGrid,3,0.210,699,1242,2929
file46.TextGrid,,0.290,1228,2038,3107
file47.TextGrid,,0.180,447,1489,2548
file47.TextGrid,1,0.150,372,1720,2722
file47.TextGrid,2,0.240,801,1965,2850
file47.TextGrid,3,0.450,431,1824,2564
file47.TextGrid,,0.202,514,1644,2614
file48.TextGrid,,0.240,1417,1990,4986
file48.TextGrid,1,0.210,485,2256,2750
file48.TextGrid,2,0.560,915,1774,2772
file48.TextGrid,3,0.250,335,1525,3109
file48.TextGrid,,0.220,974,1958,3075
file49.TextGrid,,0.110,501,1754,2914
file49.TextGrid,1,0.060,1025,2214,3368
file49.TextGrid,2,0.320,699,1519,2709
file49.TextGrid,3,0.310,611,1372,2886
file49.TextGrid,,0.329,763,1724,2960
file5.TextGrid,,0.190,1092,1839,2966
file5.TextGrid,1,0.230,1189,2512,3533
file5.TextGrid,2,0.310,473,1827,3033
file5.TextGrid,3,0.200,624,1543,2567
file5.TextGrid,,0.294,828,1511,2864
file50.TextGrid,,0.250,722,1776,3002
file50.TextGrid,1,0.140,482,2013,2857
file50.TextGrid,2,0.250,618,1847,2880
file50.TextGrid,3,0.300,947,2325,3086
file50.TextGrid,,0.284,635,1747,2817
file51.TextGrid,,0.210,586,1992,2724
file51.TextGrid,1,0.070,920,2023,3045
file51.TextGrid,2,0.330,442,1810,2659
file51.TextGrid,3,0.390,605,1475,2845
file51.TextGrid,,0.222,583,1516,2759
file52.TextGrid,,0.230,1154,2242,3348
file52.TextGrid,1,0.100,571,1460,3030
file52.TextGrid,2,0.150,360,1621,2748
file52.TextGrid,3,0.480,624,1158,2930
file52.TextGrid,,0.179,598,1537,2990
file53.TextGrid,,0.270,1233,2204,3169
file53.TextGrid,1,0.310,1059,2125,3265
file53.TextGrid,2,0.140,827,1795,3075
file53.TextGrid,3,0.290,1050,1674,2654
file53.TextGrid,,0.299,1135,2228,3206
file54.TextGrid,,0.220,1191,2203,3230
file54.TextGrid,1,0.230,797,1932,2915
file54.TextGrid,2,0.210,387,1502,2753
file54.TextGrid,3,0.340,512,1389,2948
file54.TextGrid,,0.139,522,2000,3188
file55.TextGrid,,0.230,1415,2284,4945
file55.TextGrid,1,0.390,1389,2501,3510
file55.TextGrid,2,0.390,554,1666,2757
file55.TextGrid,3,0.240,678,1542,2900
file55.TextGrid,,0.230,952,1819,2980
file56.TextGrid,,0.240,1263,2260,3877
file56.TextGrid,1,0.280,1493,2764,3409
file56.TextGrid,2,0.300,1324,2210,3142
file56.TextGrid,3,0.530,1015,1442,2535
file56.TextGrid,,0.130,1234,1844,2692
file57.TextGrid,,0.250,1278,2280,3192
file57.TextGrid,1,0.130,628,1421,2609
file57.TextGrid,2,0.360,569,1565,3042
file57.TextGrid,3,0.330,494,1832,2637
file57.TextGrid,,0.245,816,2137,3215
file58.TextGrid,,0.280,1040,1997,2963
file58.TextGrid,1,0.230,794,2343,3019
file58.TextGrid,2,0.430,750,1605,2882
file58.TextGrid,3,0.240,730,1573,2791
file58.TextGrid,,0.300,910,1545,2797
file59.TextGrid,,0.140,544,1579,2794
file59.TextGrid,1,0.140,1420,2505,3250
file59.TextGrid,2,0.270,363,1973,3032
file59.TextGrid,3,0.240,428,1669,2726
file59.TextGrid,,0.246,585,1584,2609
file6.TextGrid,,0.170,514,1566,2998
file6.TextGrid,1,0.170,848,2171,3380
file6.TextGrid,2,0.170,535,1560,2864
file6.TextGrid,3,0.390,412,1697,2501
file6.TextGrid,,0.136,490,1663,2894
file60.TextGrid,,0.250,552,1625,3107
file60.TextGrid,1,0.110,815,1553,2751
file60.TextGrid,2,0.420,605,1501,2652
file60.TextGrid,3,0.330,441,2117,2539
file60.TextGrid,,0.285,743,1768,3092
file61.TextGrid,,0.280,890,1857,3119
file61.TextGrid,1,0.100,651,1466,3155
file61.TextGrid,2,0.190,381,1789,2720
file61.TextGrid,3,0.590,386,1954,2431
file61.TextGrid,,0.062,834,1913,3052
file62.TextGrid,,0.260,1454,2366,4985
file62.TextGrid,1,0.320,796,2076,2639
file62.TextGrid,2,0.200,718,1740,2561
file62.TextGrid,3,0.240,750,1530,2569
file62.TextGrid,,0.289,1212,2061,2775
file63.TextGrid,,0.250,958,2064,3358
file63.TextGrid,1,0.270,731,2170,3063
file63.TextGrid,2,0.300,1021,2137,3103
file63.TextGrid,3,0.290,718,1560,2680
file63.TextGrid,,0.285,1046,2275,4072
file64.TextGrid,,0.180,733,1758,3120
file64.TextGrid,1,0.230,369,1750,2574
file64.TextGrid,2,0.340,488,1951,2699
file64.TextGrid,3,0.360,417,2077,2611
file64.TextGrid,,0.285,780,1816,3080
file65.TextGrid,,0.230,806,1962,3226
file65.TextGrid,1,0.250,273,2052,3094
file65.TextGrid,2,0.270,550,1793,2805
file65.TextGrid,3,0.280,528,1976,2786
file65.TextGrid,,0.279,1104,2092,3246
file66.TextGrid,,0.280,1144,2131,3253
file66.TextGrid,1,0.210,1188,2481,3339
file66.TextGrid,2,0.250,1306,2383,3164
file66.TextGrid,3,0.470,665,1275,2751
file66.TextGrid,,0.099,553,1537,2849
file67.TextGrid,,0.270,1393,2172,5146
file67.TextGrid,1,0.270,1165,2601,3319
file67.TextGrid,2,0.440,909,1823,2888
file67.TextGrid,3,0.190,496,1655,3152
file67.TextGrid,,0.139,827,1930,3075
file68.TextGrid,,0.240,697,1869,3079
file68.TextGrid,1,0.130,592,1520,2888
file68.TextGrid,2,0.270,811,1663,2902
file68.TextGrid,3,0.510,443,1785,2659
file68.TextGrid,,0.257,589,1808,2985
file69.TextGrid,,0.250,501,1613,2730
file69.TextGrid,1,0.220,392,1311,2929
file69.TextGrid,2,0.300,574,1095,2598
file69.TextGrid,3,0.280,727,1270,3053
file69.TextGrid,,0.172,602,1646,2872
file7.TextGrid,,0.240,1207,2104,3157
file7.TextGrid,1,0.370,634,2140,2861
file7.TextGrid,2,0.390,628,1271,2920
file7.TextGrid,3,0.410,752,1404,2393
file7.TextGrid,,0.155,1049,1968,3062
file70.TextGrid,,0.210,583,1705,2583
file70.TextGrid,1,0.140,674,1364,3381
file70.TextGrid,2,0.180,411,1192,2916
file70.TextGrid,3,0.490,374,2224,2766
file70.TextGrid,,0.202,557,1612,2769
file71.TextGrid,,0.240,552,1722,2642
file71.TextGrid,1,0.170,514,1965,2761
file71.TextGrid,2,0.270,1114,2290,3007
file71.TextGrid,3,0.530,482,1808,2607
file71.TextGrid,,0.197,501,1672,2745
file72.TextGrid,,0.230,506,1644,2472
file72.TextGrid,1,0.160,509,1043,3019
file72.TextGrid,2,0.230,495,843,3048
file72.TextGrid,3,0.390,400,2040,2568
file72.TextGrid,,0.212,574,1667,2529
file73.TextGrid,,0.270,1205,2171,3546
file73.TextGrid,1,0.220,373,2104,2913
file73.TextGrid,2,0.530,817,1795,3101
file73.TextGrid,3,0.430,456,1703,2949
file73.TextGrid,,0.115,1120,2370,3765
file74.TextGrid,,0.230,989,1920,3178
file74.TextGrid,1,0.150,534,1669,2783
file74.TextGrid,2,0.270,775,1702,3063
file74.TextGrid,3,0.340,472,1023,2884
file74.TextGrid,,0.234,497,1490,3015
file75.TextGrid,,0.280,1074,2326,3146
file75.TextGrid,1,0.110,933,1802,3022
file75.TextGrid,2,0.160,680,1496,2728
file75.TextGrid,3,0.350,555,1660,2811
file75.TextGrid,,0.324,1070,2312,3125
file76.TextGrid,,0.260,931,1757,2933
file76.TextGrid,1,0.150,388,1718,2718
file76.TextGrid,2,0.180,518,1320,2739
file76.TextGrid,3,0.190,467,1112,3007
file76.TextGrid,,0.359,999,1828,2917
file77.TextGrid,,0.280,433,1446,2459
file77.TextGrid,1,0.180,369,1183,2988
file77.TextGrid,2,0.210,468,1185,2889
file77.TextGrid,3,0.380,473,1580,2609
file77.TextGrid,,0.265,579,1526,2638
file78.TextGrid,,0.230,838,2078,3178
file78.TextGrid,1,0.250,347,1619,2640
file78.TextGrid,2,0.250,949,1975,2993
file78.TextGrid,3,0.270,754,1585,2863
file78.TextGrid,,0.309,1202,2096,4116
file79.TextGrid,,0.220,1339,2284,3222
file79.TextGrid,1,0.210,776,1892,3032
file79.TextGrid,2,0.100,402,1375,2820
file79.TextGrid,3,0.390,333,1927,2916
file79.TextGrid,,0.133,257,2103,3046
file8.TextGrid,,0.290,1116,2032,3217
file8.TextGrid,1,0.240,511,1637,2851
file8.TextGrid,2,0.260,804,1886,2971
file8.TextGrid,3,0.190,789,1493,2569
file8.TextGrid,,0.329,1109,1669,2336
file80.TextGrid,,0.220,1012,2064,3006
file80.TextGrid,1,0.330,673,1930,2653
file80.TextGrid,2,0.110,478,2009,2688
file80.TextGrid,3,0.290,468,1721,2853
file80.TextGrid,,0.274,1000,2059,3070
file81.TextGrid,,0.250,978,2158,3170
file81.TextGrid,1,0.190,426,2021,2981
file81.TextGrid,2,0.470,1009,1961,3527
file81.TextGrid,3,0.280,649,1825,2610
file81.TextGrid,,0.290,758,2330,3188
file82.TextGrid,,0.230,1083,2158,3144
file82.TextGrid,1,0.170,385,2135,2938
file82.TextGrid,2,0.420,519,2012,3159
file82.TextGrid,3,0.290,460,1590,3006
file82.TextGrid,,0.285,1067,2125,3972
file83.TextGrid,,0.210,717,1840,2978
file83.TextGrid,1,0.230,724,2098,2924
file83.TextGrid,2,0.410,687,2427,3176
file83.TextGrid,3,0.420,447,1958,2768
file83.TextGrid,,0.137,391,2010,3158
file84.TextGrid,,0.160,1107,2190,3287
file84.TextGrid,1,0.420,431,2061,2964
file84.TextGrid,2,0.160,535,2248,3011
file84.TextGrid,3,0.120,382,1878,3019
file84.TextGrid,,0.455,719,1840,3025
file85.TextGrid,,0.250,1314,1951,3573
file85.TextGrid,1,0.300,826,2172,2894
file85.TextGrid,2,0.340,712,1710,2537
file85.TextGrid,3,0.350,772,1623,2588
file85.TextGrid,,0.240,1112,2008,3321
file86.TextGrid,,0.270,790,1898,2876
file86.TextGrid,1,0.190,757,1462,2985
file86.TextGrid,2,0.130,601,1255,2649
file86.TextGrid,3,0.220,803,1347,3051
file86.TextGrid,,0.319,830,1823,3166
file87.TextGrid,,0.180,1010,1755,3196
file87.TextGrid,1,0.290,712,1675,2832
file87.TextGrid,2,0.220,1295,2456,3509
file87.TextGrid,3,0.460,608,1184,2444
file87.TextGrid,,0.330,988,2073,3606
file88.TextGrid,,0.290,1184,2214,3554
file88.TextGrid,1,0.200,451,2139,3021
file88.TextGrid,2,0.180,839,1882,2722
file88.TextGrid,3,0.610,480,2221,2975
file88.TextGrid,,0.200,1101,2132,3491
file89.TextGrid,,0.220,665,1782,2996
file89.TextGrid,1,0.150,1554,2699,3804
file89.TextGrid,2,0.240,665,1499,2906
file89.TextGrid,3,0.450,507,1564,2818
file89.TextGrid,,0.162,582,1462,2774
file9.TextGrid,,0.280,808,1959,3030
file9.TextGrid,1,0.130,622,1268,2483
file9.TextGrid,2,0.170,721,1645,3212
file9.TextGrid,3,0.440,905,1927,2993
file9.TextGrid,,0.109,746,1792,3133
file90.TextGrid,,0.280,1339,2248,4494
file90.TextGrid,1,0.360,439,2039,2724
file90.TextGrid,2,0.140,734,1651,2882
file90.TextGrid,3,0.490,920,1928,2871
file90.TextGrid,,0.210,1120,1928,2892
file91.TextGrid,,0.230,1082,2140,3217
file91.TextGrid,1,0.280,1194,2175,3210
file91.TextGrid,2,0.110,584,2275,2829
file91.TextGrid,3,0.370,405,1942,2790
file91.TextGrid,,0.149,424,1781,3025
file92.TextGrid,,0.140,967,2179,3204
file92.TextGrid,1,0.200,949,1567,2492
file92.TextGrid,2,0.240,341,1751,2814
file92.TextGrid,3,0.220,459,2088,2533
file92.TextGrid,,0.236,742,2064,3049
file93.TextGrid,,0.210,1094,2242,3315
file93.TextGrid,1,0.250,603,1364,2546
file93.TextGrid,2,0.120,424,1054,2684
file93.TextGrid,3,0.550,651,1711,2889
file93.TextGrid,,0.265,891,1890,3229
file94.TextGrid,,0.210,1075,2010,2947
file94.TextGrid,1,0.220,533,2428,3212
file94.TextGrid,2,0.140,565,1652,3247
file94.TextGrid,3,0.370,714,1485,2930
file94.TextGrid,,0.113,979,1916,3078
file95.TextGrid,,0.220,1449,2383,4882
file95.TextGrid,1,0.310,1224,2698,3321
file95.TextGrid,2,0.200,906,1991,2940
file95.TextGrid,3,0.280,731,1651,2483
file95.TextGrid,,0.214,761,1753,3049
file96.TextGrid,,0.220,582,1603,2576
file96.TextGrid,1,0.090,546,1601,3251
file96.TextGrid,2,0.110,578,1622,3075
file96.TextGrid,3,0.540,483,1848,2979
file96.TextGrid,,0.262,821,1663,2652
file97.TextGrid,,0.190,821,1983,3111
file97.TextGrid,1,0.130,493,1997,2810
file97.TextGrid,2,0.350,816,1884,3037
file97.TextGrid,3,0.500,1075,1976,3043
file97.TextGrid,,0.054,748,1502,2771
file98.TextGrid,,0.230,1347,2268,4428
file98.TextGrid,1,0.270,667,2335,2922
file98.TextGrid,2,0.480,766,2080,2866
file98.TextGrid,3,0.430,525,1865,2951
file98.TextGrid,,0.241,872,1924,3082
file99.TextGrid,,0.240,543,1740,2845
file99.TextGrid,1,0.180,510,1157,2985
file99.TextGrid,2,0.090,491,986,2837
file99.TextGrid,3,0.370,537,1418,2693
file99.TextGrid,,0.249,565,1571,2622
