,text,ipa,syllables,stress,audio_files,audio_urls
187,تأهل,ɪtˈʔah.hal,3,2,LL-Q55633582 (ajp)-Khalil.rantissi-تأهَّل.wav,https://upload.wikimedia.org/wikipedia/commons/a/a8/LL-Q55633582_%28ajp%29-Khalil.rantissi-%D8%AA%D8%A3%D9%87%D9%8E%D9%91%D9%84.wav
430,وظيفة,wɑˈzˤiː.fe,3,2,LL-Q55633582 (ajp)-AmmanM (AdrianAbdulBaha)-وظيفة.wav,https://upload.wikimedia.org/wikipedia/commons/f/f9/LL-Q55633582_%28ajp%29-AmmanM_%28AdrianAbdulBaha%29-%D9%88%D8%B8%D9%8A%D9%81%D8%A9.wav
62,إنكلترا,ʔɪnˈɡel.trˤɑ,3,2,LL-Q55633582 (ajp)-Khalil.rantissi-إنجِلترا.wav,https://upload.wikimedia.org/wikipedia/commons/a/a4/LL-Q55633582_%28ajp%29-Khalil.rantissi-%D8%A5%D9%86%D8%AC%D9%90%D9%84%D8%AA%D8%B1%D8%A7.wav
281,تلاعب,ɪtˈlæː.ʕab,3,2,LL-Q55633582 (ajp)-Khalil.rantissi-تلاعَب.wav,https://upload.wikimedia.org/wikipedia/commons/4/43/LL-Q55633582_%28ajp%29-Khalil.rantissi-%D8%AA%D9%84%D8%A7%D8%B9%D9%8E%D8%A8.wav
97,استوى,ɪsˈta.wa,3,2,LL-Q55633582 (ajp)-Khalil.rantissi-استَوى.wav,https://upload.wikimedia.org/wikipedia/commons/1/13/LL-Q55633582_%28ajp%29-Khalil.rantissi-%D8%A7%D8%B3%D8%AA%D9%8E%D9%88%D9%89.wav
337,سيارة,sajˈjɑː.rɑ,3,2,LL-Q55633582 (ajp)-AmmanM (AdrianAbdulBaha)-سيارة.wav,https://upload.wikimedia.org/wikipedia/commons/8/88/LL-Q55633582_%28ajp%29-AmmanM_%28AdrianAbdulBaha%29-%D8%B3%D9%8A%D8%A7%D8%B1%D8%A9.wav
335,سلامة,saˈlæː.me,3,2,LL-Q55633582 (ajp)-Muhammad (AdrianAbdulBaha)-سلامة.wav,https://upload.wikimedia.org/wikipedia/commons/4/4e/LL-Q55633582_%28ajp%29-Muhammad_%28AdrianAbdulBaha%29-%D8%B3%D9%84%D8%A7%D9%85%D8%A9.wav
247,تطور,ɪtˤˈtˤʌw.wʌr,3,2,LL-Q55633582 (ajp)-Khalil.rantissi-تطَوَّر.wav,https://upload.wikimedia.org/wikipedia/commons/3/37/LL-Q55633582_%28ajp%29-Khalil.rantissi-%D8%AA%D8%B7%D9%8E%D9%88%D9%8E%D9%91%D8%B1.wav
136,انجرح,ɪnˈʒa.raħ,3,2,LL-Q55633582 (ajp)-Khalil.rantissi-انجَرَح.wav,https://upload.wikimedia.org/wikipedia/commons/0/0f/LL-Q55633582_%28ajp%29-Khalil.rantissi-%D8%A7%D9%86%D8%AC%D9%8E%D8%B1%D9%8E%D8%AD.wav
42,لو_سمحت,law.saˈmaħt,3,3,LL-Q55633582 (ajp)-MahmoudM (AdrianAbdulBaha)-لو سمحت.wav,https://upload.wikimedia.org/wikipedia/commons/b/be/LL-Q55633582_%28ajp%29-MahmoudM_%28AdrianAbdulBaha%29-%D9%84%D9%88_%D8%B3%D9%85%D8%AD%D8%AA.wav
120,التهب,ɪlˈta.hab,3,2,LL-Q55633582 (ajp)-Khalil.rantissi-التَهَب.wav,https://upload.wikimedia.org/wikipedia/commons/2/2a/LL-Q55633582_%28ajp%29-Khalil.rantissi-%D8%A7%D9%84%D8%AA%D9%8E%D9%87%D9%8E%D8%A8.wav
358,عبارة,ʕɪˈbɑː.rˤɑ,3,2,LL-Q55633582 (ajp)-Muhammad (AdrianAbdulBaha)-عبارة.wav,https://upload.wikimedia.org/wikipedia/commons/e/ef/LL-Q55633582_%28ajp%29-Muhammad_%28AdrianAbdulBaha%29-%D8%B9%D8%A8%D8%A7%D8%B1%D8%A9.wav
205,تحكم,ɪtˈħak.kam,3,2,LL-Q55633582 (ajp)-Khalil.rantissi-تحَكَّم.wav,https://upload.wikimedia.org/wikipedia/commons/7/7f/LL-Q55633582_%28ajp%29-Khalil.rantissi-%D8%AA%D8%AD%D9%8E%D9%83%D9%8E%D9%91%D9%85.wav
408,مسيحي,maˈsiː.ħi,3,2,LL-Q55633582 (ajp)-Khalil.rantissi-مَسيحيّ.wav,https://upload.wikimedia.org/wikipedia/commons/a/a6/LL-Q55633582_%28ajp%29-Khalil.rantissi-%D9%85%D9%8E%D8%B3%D9%8A%D8%AD%D9%8A%D9%91.wav
489,كمرة,ˈkɑ.mɑ.rˤɑ,3,1,LL-Q55633582 (ajp)-Khalil.rantissi-كَمَرة.wav,https://upload.wikimedia.org/wikipedia/commons/1/19/LL-Q55633582_%28ajp%29-Khalil.rantissi-%D9%83%D9%8E%D9%85%D9%8E%D8%B1%D8%A9.wav
190,تبدل,ɪtˈbad.dal,3,2,LL-Q55633582 (ajp)-Khalil.rantissi-تبَدَّل.wav,https://upload.wikimedia.org/wikipedia/commons/1/14/LL-Q55633582_%28ajp%29-Khalil.rantissi-%D8%AA%D8%A8%D9%8E%D8%AF%D9%8E%D9%91%D9%84.wav
434,أرمني,ˈʔar.ma.ni,3,1,LL-Q55633582 (ajp)-Khalil.rantissi-أرمَني.wav,https://upload.wikimedia.org/wikipedia/commons/5/54/LL-Q55633582_%28ajp%29-Khalil.rantissi-%D8%A3%D8%B1%D9%85%D9%8E%D9%86%D9%8A.wav
424,نميمة,naˈmiː.me,3,2,LL-Q55633582 (ajp)-Muhammad (AdrianAbdulBaha)-نميمة.wav,https://upload.wikimedia.org/wikipedia/commons/6/65/LL-Q55633582_%28ajp%29-Muhammad_%28AdrianAbdulBaha%29-%D9%86%D9%85%D9%8A%D9%85%D8%A9.wav
350,طاقية,tˤɑˈʔij.je,3,2,LL-Q55633582 (ajp)-Muhammad (AdrianAbdulBaha)-طاقيّة.wav,https://upload.wikimedia.org/wikipedia/commons/c/c1/LL-Q55633582_%28ajp%29-Muhammad_%28AdrianAbdulBaha%29-%D8%B7%D8%A7%D9%82%D9%8A%D9%91%D8%A9.wav
106,اعتمد,ɪʕˈta.mad,3,2,LL-Q55633582 (ajp)-Khalil.rantissi-اعتَمَد.wav,https://upload.wikimedia.org/wikipedia/commons/c/c9/LL-Q55633582_%28ajp%29-Khalil.rantissi-%D8%A7%D8%B9%D8%AA%D9%8E%D9%85%D9%8E%D8%AF.wav
5,استخدام,ɪs.tɪxˈdæːm,3,3,LL-Q55633582 (ajp)-Muhammad (AdrianAbdulBaha)-استخدام.wav,https://upload.wikimedia.org/wikipedia/commons/3/35/LL-Q55633582_%28ajp%29-Muhammad_%28AdrianAbdulBaha%29-%D8%A7%D8%B3%D8%AA%D8%AE%D8%AF%D8%A7%D9%85.wav
23,العراق,ɪl.ʕɪˈrˤɑːq,3,3,LL-Q55633582 (ajp)-AdrianAbdulBaha-العراق.wav,https://upload.wikimedia.org/wikipedia/commons/8/81/LL-Q55633582_%28ajp%29-AdrianAbdulBaha-%D8%A7%D9%84%D8%B9%D8%B1%D8%A7%D9%82.wav
193,تجاهل,ɪdˈʒæː.hal,3,2,LL-Q55633582 (ajp)-Khalil.rantissi-تجاهَل.wav,https://upload.wikimedia.org/wikipedia/commons/0/05/LL-Q55633582_%28ajp%29-Khalil.rantissi-%D8%AA%D8%AC%D8%A7%D9%87%D9%8E%D9%84.wav
453,حلقة,ˈħa.la.ʔa,3,1,LL-Q55633582 (ajp)-Muhammad (AdrianAbdulBaha)-حلقة.wav,https://upload.wikimedia.org/wikipedia/commons/7/74/LL-Q55633582_%28ajp%29-Muhammad_%28AdrianAbdulBaha%29-%D8%AD%D9%84%D9%82%D8%A9.wav
100,اعتذر,ɪʕˈta.zar,3,2,LL-Q55633582 (ajp)-Khalil.rantissi-اعتَذَر.wav,https://upload.wikimedia.org/wikipedia/commons/e/eb/LL-Q55633582_%28ajp%29-Khalil.rantissi-%D8%A7%D8%B9%D8%AA%D9%8E%D8%B0%D9%8E%D8%B1.wav
435,أغنية,ˈʔʊɣ.ni.je,3,1,LL-Q55633582 (ajp)-Khalil.rantissi-اُغنية.wav,https://upload.wikimedia.org/wikipedia/commons/8/8f/LL-Q55633582_%28ajp%29-Khalil.rantissi-%D8%A7%D9%8F%D8%BA%D9%86%D9%8A%D8%A9.wav
300,توصل,ɪtˈwɑsˤ.sˤɑl,3,2,LL-Q55633582 (ajp)-Khalil.rantissi-توَصَّل.wav,https://upload.wikimedia.org/wikipedia/commons/0/09/LL-Q55633582_%28ajp%29-Khalil.rantissi-%D8%AA%D9%88%D9%8E%D8%B5%D9%8E%D9%91%D9%84.wav
256,تعشى,ɪtˈʕaʃ.ʃa,3,2,LL-Q55633582 (ajp)-Khalil.rantissi-تعَشّى.wav,https://upload.wikimedia.org/wikipedia/commons/0/0b/LL-Q55633582_%28ajp%29-Khalil.rantissi-%D8%AA%D8%B9%D9%8E%D8%B4%D9%91%D9%89.wav
279,تكرر,(ɪ)tˈkar.rar,3,2,LL-Q55633582 (ajp)-AdrianAbdulBaha-تكَرَّر.wav,https://upload.wikimedia.org/wikipedia/commons/2/28/LL-Q55633582_%28ajp%29-AdrianAbdulBaha-%D8%AA%D9%83%D9%8E%D8%B1%D9%8E%D9%91%D8%B1.wav
476,عبقري,ˈʕab.qɑ.ri,3,1,LL-Q55633582 (ajp)-Muhammad (AdrianAbdulBaha)-عبقري.wav,https://upload.wikimedia.org/wikipedia/commons/b/b3/LL-Q55633582_%28ajp%29-Muhammad_%28AdrianAbdulBaha%29-%D8%B9%D8%A8%D9%82%D8%B1%D9%8A.wav
80,استأجر,ɪsˈtaʔ.ʒar,3,2,LL-Q55633582 (ajp)-Khalil.rantissi-استَأجَر.wav,https://upload.wikimedia.org/wikipedia/commons/8/84/LL-Q55633582_%28ajp%29-Khalil.rantissi-%D8%A7%D8%B3%D8%AA%D9%8E%D8%A3%D8%AC%D9%8E%D8%B1.wav
382,كنيسة,kaˈniː.se,3,2,LL-Q55633582 (ajp)-Muhammad (AdrianAbdulBaha)-كنيسة.wav,https://upload.wikimedia.org/wikipedia/commons/e/e0/LL-Q55633582_%28ajp%29-Muhammad_%28AdrianAbdulBaha%29-%D9%83%D9%86%D9%8A%D8%B3%D8%A9.wav
173,بردقاني,bʊrdˈʔæː.ni,3,2,LL-Q55633582 (ajp)-Muhammad (AdrianAbdulBaha)-بردقاني.wav,https://upload.wikimedia.org/wikipedia/commons/8/8d/LL-Q55633582_%28ajp%29-Muhammad_%28AdrianAbdulBaha%29-%D8%A8%D8%B1%D8%AF%D9%82%D8%A7%D9%86%D9%8A.wav
157,انفصل,ɪnˈfɑ.sˤɑl,3,2,LL-Q55633582 (ajp)-Khalil.rantissi-انفَصَل.wav,https://upload.wikimedia.org/wikipedia/commons/c/c4/LL-Q55633582_%28ajp%29-Khalil.rantissi-%D8%A7%D9%86%D9%81%D9%8E%D8%B5%D9%8E%D9%84.wav
202,تحرك,ɪtˈħar.rak,3,2,LL-Q55633582 (ajp)-Khalil.rantissi-تحَرَّك.wav,https://upload.wikimedia.org/wikipedia/commons/d/d2/LL-Q55633582_%28ajp%29-Khalil.rantissi-%D8%AA%D8%AD%D9%8E%D8%B1%D9%8E%D9%91%D9%83.wav
225,تذكر,(ɪ)dˈzak.kar,3,2,LL-Q55633582 (ajp)-Khalil.rantissi-تذَكَّر.wav,https://upload.wikimedia.org/wikipedia/commons/c/c9/LL-Q55633582_%28ajp%29-Khalil.rantissi-%D8%AA%D8%B0%D9%8E%D9%83%D9%8E%D9%91%D8%B1.wav
73,احتفل,ɪħˈta.fal,3,2,LL-Q55633582 (ajp)-Khalil.rantissi-احتَفَل.wav,https://upload.wikimedia.org/wikipedia/commons/0/01/LL-Q55633582_%28ajp%29-Khalil.rantissi-%D8%A7%D8%AD%D8%AA%D9%8E%D9%81%D9%8E%D9%84.wav
393,متانة,maˈtæː.ne,3,2,LL-Q55633582 (ajp)-Muhammad (AdrianAbdulBaha)-متانة.wav,https://upload.wikimedia.org/wikipedia/commons/9/92/LL-Q55633582_%28ajp%29-Muhammad_%28AdrianAbdulBaha%29-%D9%85%D8%AA%D8%A7%D9%86%D8%A9.wav
357,عالخالص,ʕalˈxɑː.lɪsˤ,3,2,LL-Q55633582 (ajp)-AdrianAbdulBaha-عالخالص.wav,https://upload.wikimedia.org/wikipedia/commons/c/c9/LL-Q55633582_%28ajp%29-AdrianAbdulBaha-%D8%B9%D8%A7%D9%84%D8%AE%D8%A7%D9%84%D8%B5.wav
39,شمعدان,ʃam.ʕaˈdæːn,3,3,LL-Q55633582 (ajp)-Muhammad (AdrianAbdulBaha)-شمعدان.wav,https://upload.wikimedia.org/wikipedia/commons/6/6f/LL-Q55633582_%28ajp%29-Muhammad_%28AdrianAbdulBaha%29-%D8%B4%D9%85%D8%B9%D8%AF%D8%A7%D9%86.wav
208,تحمم,ɪtˈħam.mam,3,2,LL-Q55633582 (ajp)-Khalil.rantissi-تحَمَّم.wav,https://upload.wikimedia.org/wikipedia/commons/5/5d/LL-Q55633582_%28ajp%29-Khalil.rantissi-%D8%AA%D8%AD%D9%8E%D9%85%D9%8E%D9%91%D9%85.wav
76,اختفى,ɪxˈta.fa,3,2,LL-Q55633582 (ajp)-Khalil.rantissi-اختَفى.wav,https://upload.wikimedia.org/wikipedia/commons/8/86/LL-Q55633582_%28ajp%29-Khalil.rantissi-%D8%A7%D8%AE%D8%AA%D9%8E%D9%81%D9%89.wav
389,مباشر,muˈbaː.ʃer,3,2,LL-Q55633582 (ajp)-AmmanM (AdrianAbdulBaha)-مباشر.wav,https://upload.wikimedia.org/wikipedia/commons/5/58/LL-Q55633582_%28ajp%29-AmmanM_%28AdrianAbdulBaha%29-%D9%85%D8%A8%D8%A7%D8%B4%D8%B1.wav
398,محمد,muˈħam.mad,3,2,LL-Q55633582 (ajp)-AdrianAbdulBaha-محمد.wav,https://upload.wikimedia.org/wikipedia/commons/2/24/LL-Q55633582_%28ajp%29-AdrianAbdulBaha-%D9%85%D8%AD%D9%85%D8%AF.wav
346,صديقة,sˤɑˈdˤiː.qɑ,3,2,LL-Q55633582 (ajp)-Muhammad (AdrianAbdulBaha)-صديقة.wav,https://upload.wikimedia.org/wikipedia/commons/5/5e/LL-Q55633582_%28ajp%29-Muhammad_%28AdrianAbdulBaha%29-%D8%B5%D8%AF%D9%8A%D9%82%D8%A9.wav
514,نزلة,ˈna.za.le,3,1,LL-Q55633582 (ajp)-Muhammad (AdrianAbdulBaha)-نزلة.wav,https://upload.wikimedia.org/wikipedia/commons/f/f8/LL-Q55633582_%28ajp%29-Muhammad_%28AdrianAbdulBaha%29-%D9%86%D8%B2%D9%84%D8%A9.wav
219,تخوف,ɪtˈxaw.waf,3,2,LL-Q55633582 (ajp)-Khalil.rantissi-تخَوَّف.wav,https://upload.wikimedia.org/wikipedia/commons/0/03/LL-Q55633582_%28ajp%29-Khalil.rantissi-%D8%AA%D8%AE%D9%8E%D9%88%D9%8E%D9%91%D9%81.wav
322,دفاية,dafˈfæː.je,3,2,LL-Q55633582 (ajp)-Muhammad (AdrianAbdulBaha)-دفاية.wav,https://upload.wikimedia.org/wikipedia/commons/c/c9/LL-Q55633582_%28ajp%29-Muhammad_%28AdrianAbdulBaha%29-%D8%AF%D9%81%D8%A7%D9%8A%D8%A9.wav
231,تساءل,ɪtˈsæː.ʔal,3,2,LL-Q55633582 (ajp)-Khalil.rantissi-تساءَل.wav,https://upload.wikimedia.org/wikipedia/commons/1/1b/LL-Q55633582_%28ajp%29-Khalil.rantissi-%D8%AA%D8%B3%D8%A7%D8%A1%D9%8E%D9%84.wav
399,محمد,(ɪ)mˈħam.mad,3,2,LL-Q55633582 (ajp)-AdrianAbdulBaha-محمد.wav,https://upload.wikimedia.org/wikipedia/commons/2/24/LL-Q55633582_%28ajp%29-AdrianAbdulBaha-%D9%85%D8%AD%D9%85%D8%AF.wav
411,مكتش,(ɪ)mˈkat.tɪʃ,3,2,LL-Q55633582 (ajp)-Mohammad-LPA-مكتّش.wav,https://upload.wikimedia.org/wikipedia/commons/8/83/LL-Q55633582_%28ajp%29-Mohammad-LPA-%D9%85%D9%83%D8%AA%D9%91%D8%B4.wav
56,أميركا,ʔaˈmeːr.ka,3,2,LL-Q55633582 (ajp)-AdrianAbdulBaha-أميركا.wav,https://upload.wikimedia.org/wikipedia/commons/f/f1/LL-Q55633582_%28ajp%29-AdrianAbdulBaha-%D8%A3%D9%85%D9%8A%D8%B1%D9%83%D8%A7.wav
351,طبيعة,tˤɑˈbiː.ʕa,3,2,LL-Q55633582 (ajp)-Muhammad (AdrianAbdulBaha)-طبيعة.wav,https://upload.wikimedia.org/wikipedia/commons/6/68/LL-Q55633582_%28ajp%29-Muhammad_%28AdrianAbdulBaha%29-%D8%B7%D8%A8%D9%8A%D8%B9%D8%A9.wav
85,استحى,ɪsˈta.ħa,3,2,LL-Q55633582 (ajp)-Khalil.rantissi-استَحى.wav,https://upload.wikimedia.org/wikipedia/commons/2/26/LL-Q55633582_%28ajp%29-Khalil.rantissi-%D8%A7%D8%B3%D8%AA%D9%8E%D8%AD%D9%89.wav
371,فنلندا,fɪnˈlan.da,3,2,LL-Q55633582 (ajp)-Muhammad (AdrianAbdulBaha)-فنلندا.wav,https://upload.wikimedia.org/wikipedia/commons/d/d3/LL-Q55633582_%28ajp%29-Muhammad_%28AdrianAbdulBaha%29-%D9%81%D9%86%D9%84%D9%86%D8%AF%D8%A7.wav
94,استنى,ɪsˈtan.na,3,2,LL-Q55633582 (ajp)-Khalil.rantissi-إستَنّى.wav,https://upload.wikimedia.org/wikipedia/commons/e/e1/LL-Q55633582_%28ajp%29-Khalil.rantissi-%D8%A5%D8%B3%D8%AA%D9%8E%D9%86%D9%91%D9%89.wav
71,اجتمع,ɪʒˈta.maʕ,3,2,LL-Q55633582 (ajp)-Khalil.rantissi-اجتَمَع.wav,https://upload.wikimedia.org/wikipedia/commons/f/f9/LL-Q55633582_%28ajp%29-Khalil.rantissi-%D8%A7%D8%AC%D8%AA%D9%8E%D9%85%D9%8E%D8%B9.wav
367,فاصوليا,fɑˈsˤuːl.ja,3,2,LL-Q55633582 (ajp)-IbrahimZ (AdrianAbdulBaha)-فاصوليا.wav,https://upload.wikimedia.org/wikipedia/commons/6/61/LL-Q55633582_%28ajp%29-IbrahimZ_%28AdrianAbdulBaha%29-%D9%81%D8%A7%D8%B5%D9%88%D9%84%D9%8A%D8%A7.wav
257,تعلق,ɪtˈʕal.laʔ,3,2,LL-Q55633582 (ajp)-Khalil.rantissi-تَعَلَّق.wav,https://upload.wikimedia.org/wikipedia/commons/9/91/LL-Q55633582_%28ajp%29-Khalil.rantissi-%D8%AA%D9%8E%D8%B9%D9%8E%D9%84%D9%8E%D9%91%D9%82.wav
342,شهية,ʃaˈhij.je,3,2,LL-Q55633582 (ajp)-Muhammad (AdrianAbdulBaha)-شهيّة.wav,https://upload.wikimedia.org/wikipedia/commons/4/4c/LL-Q55633582_%28ajp%29-Muhammad_%28AdrianAbdulBaha%29-%D8%B4%D9%87%D9%8A%D9%91%D8%A9.wav
57,أواعي,ʔaˈwæː.ʕi,3,2,LL-Q55633582 (ajp)-Khalil.rantissi-أواعي.wav,https://upload.wikimedia.org/wikipedia/commons/d/d5/LL-Q55633582_%28ajp%29-Khalil.rantissi-%D8%A3%D9%88%D8%A7%D8%B9%D9%8A.wav
352,طبيعي,tˤɑˈbiː.ʕi,3,2,LL-Q55633582 (ajp)-Muhammad (AdrianAbdulBaha)-طبيعي.wav,https://upload.wikimedia.org/wikipedia/commons/2/2d/LL-Q55633582_%28ajp%29-Muhammad_%28AdrianAbdulBaha%29-%D8%B7%D8%A8%D9%8A%D8%B9%D9%8A.wav
102,اعترف,ɪʕˈta.raf,3,2,LL-Q55633582 (ajp)-Khalil.rantissi-اعتَرَف.wav,https://upload.wikimedia.org/wikipedia/commons/d/d6/LL-Q55633582_%28ajp%29-Khalil.rantissi-%D8%A7%D8%B9%D8%AA%D9%8E%D8%B1%D9%8E%D9%81.wav
88,استشهد,ɪsˈtaʃ.had,3,2,LL-Q55633582 (ajp)-Khalil.rantissi-استَشهَد.wav,https://upload.wikimedia.org/wikipedia/commons/7/77/LL-Q55633582_%28ajp%29-Khalil.rantissi-%D8%A7%D8%B3%D8%AA%D9%8E%D8%B4%D9%87%D9%8E%D8%AF.wav
171,بداية,biˈdæː.je,3,2,LL-Q55633582 (ajp)-Khalil.rantissi-بِداية.wav,https://upload.wikimedia.org/wikipedia/commons/9/93/LL-Q55633582_%28ajp%29-Khalil.rantissi-%D8%A8%D9%90%D8%AF%D8%A7%D9%8A%D8%A9.wav
243,تضايق,ɪdˈdæː.jaʔ,3,2,LL-Q55633582 (ajp)-Khalil.rantissi-تضايَق.wav,https://upload.wikimedia.org/wikipedia/commons/6/6e/LL-Q55633582_%28ajp%29-Khalil.rantissi-%D8%AA%D8%B6%D8%A7%D9%8A%D9%8E%D9%82.wav
403,مستشفى,mʊsˈtaʃ.fa,3,2,LL-Q55633582 (ajp)-Muhammad (AdrianAbdulBaha)-مستشفى.wav,https://upload.wikimedia.org/wikipedia/commons/9/9c/LL-Q55633582_%28ajp%29-Muhammad_%28AdrianAbdulBaha%29-%D9%85%D8%B3%D8%AA%D8%B4%D9%81%D9%89.wav
98,اشتغل,ɪʃˈta.ɣal,3,2,LL-Q55633582 (ajp)-Khalil.rantissi-اشتغل.wav,https://upload.wikimedia.org/wikipedia/commons/8/8a/LL-Q55633582_%28ajp%29-Khalil.rantissi-%D8%A7%D8%B4%D8%AA%D8%BA%D9%84.wav
44,مرحبتين,mar.ħabˈteːn,3,3,LL-Q55633582 (ajp)-AdrianAbdulBaha-مرحبتين.wav,https://upload.wikimedia.org/wikipedia/commons/6/6b/LL-Q55633582_%28ajp%29-AdrianAbdulBaha-%D9%85%D8%B1%D8%AD%D8%A8%D8%AA%D9%8A%D9%86.wav
461,زوبعة,ˈzoː.ba.ʕa,3,1,LL-Q55633582 (ajp)-Muhammad (AdrianAbdulBaha)-زوبعة.wav,https://upload.wikimedia.org/wikipedia/commons/7/7e/LL-Q55633582_%28ajp%29-Muhammad_%28AdrianAbdulBaha%29-%D8%B2%D9%88%D8%A8%D8%B9%D8%A9.wav
320,خضرجي,xʊˈdˤɑrˤ.ʒi,3,2,LL-Q55633582 (ajp)-Muhammad (AdrianAbdulBaha)-خضرجي.wav,https://upload.wikimedia.org/wikipedia/commons/e/e3/LL-Q55633582_%28ajp%29-Muhammad_%28AdrianAbdulBaha%29-%D8%AE%D8%B6%D8%B1%D8%AC%D9%8A.wav
420,نشافة,naʃˈʃæː.fe,3,2,LL-Q55633582 (ajp)-Muhammad (AdrianAbdulBaha)-نشّافة.wav,https://upload.wikimedia.org/wikipedia/commons/4/44/LL-Q55633582_%28ajp%29-Muhammad_%28AdrianAbdulBaha%29-%D9%86%D8%B4%D9%91%D8%A7%D9%81%D8%A9.wav
354,طوالي,tˤɑwˈwɑː.li,3,2,LL-Q55633582 (ajp)-AdrianAbdulBaha-طوّالي.wav,https://upload.wikimedia.org/wikipedia/commons/e/ee/LL-Q55633582_%28ajp%29-AdrianAbdulBaha-%D8%B7%D9%88%D9%91%D8%A7%D9%84%D9%8A.wav
197,تجول,ɪdˈʒaw.wal,3,2,LL-Q55633582 (ajp)-Khalil.rantissi-تجَوَّل.wav,https://upload.wikimedia.org/wikipedia/commons/b/ba/LL-Q55633582_%28ajp%29-Khalil.rantissi-%D8%AA%D8%AC%D9%8E%D9%88%D9%8E%D9%91%D9%84.wav
388,ماسورة,maˈsˤuː.rˤɑ,3,2,LL-Q55633582 (ajp)-Muhammad (AdrianAbdulBaha)-ماسورة.wav,https://upload.wikimedia.org/wikipedia/commons/2/2f/LL-Q55633582_%28ajp%29-Muhammad_%28AdrianAbdulBaha%29-%D9%85%D8%A7%D8%B3%D9%88%D8%B1%D8%A9.wav
433,أبدا,ˈʔa.ba.dan,3,1,LL-Q55633582 (ajp)-AseelF (AdrianAbdulBaha)-ابَدًا.wav,https://upload.wikimedia.org/wikipedia/commons/6/66/LL-Q55633582_%28ajp%29-AseelF_%28AdrianAbdulBaha%29-%D8%A7%D8%A8%D9%8E%D8%AF%D9%8B%D8%A7.wav
330,رياضة,riˈjɑː.dˤɑ,3,2,LL-Q55633582 (ajp)-Mohammad-LPA-رياضة.wav,https://upload.wikimedia.org/wikipedia/commons/e/eb/LL-Q55633582_%28ajp%29-Mohammad-LPA-%D8%B1%D9%8A%D8%A7%D8%B6%D8%A9.wav
180,بوابة,bawˈwæː.be,3,2,LL-Q55633582 (ajp)-Muhammad (AdrianAbdulBaha)-بوّابة.wav,https://upload.wikimedia.org/wikipedia/commons/6/6f/LL-Q55633582_%28ajp%29-Muhammad_%28AdrianAbdulBaha%29-%D8%A8%D9%88%D9%91%D8%A7%D8%A8%D8%A9.wav
147,انشفى,ɪnˈʃa.fa,3,2,LL-Q55633582 (ajp)-Khalil.rantissi-انشَفى.wav,https://upload.wikimedia.org/wikipedia/commons/3/3b/LL-Q55633582_%28ajp%29-Khalil.rantissi-%D8%A7%D9%86%D8%B4%D9%8E%D9%81%D9%89.wav
470,صيدلي,ˈsˤɑj.dˤɑ.li,3,1,LL-Q55633582 (ajp)-Muhammad (AdrianAbdulBaha)-صيدلي.wav,https://upload.wikimedia.org/wikipedia/commons/5/5c/LL-Q55633582_%28ajp%29-Muhammad_%28AdrianAbdulBaha%29-%D8%B5%D9%8A%D8%AF%D9%84%D9%8A.wav
513,نادرا,ˈnæː.dɪ.ran,3,1,LL-Q55633582 (ajp)-AseelF (AdrianAbdulBaha)-نادِرًا.wav,https://upload.wikimedia.org/wikipedia/commons/c/c3/LL-Q55633582_%28ajp%29-AseelF_%28AdrianAbdulBaha%29-%D9%86%D8%A7%D8%AF%D9%90%D8%B1%D9%8B%D8%A7.wav
234,تسكر,ɪtˈsak.kar,3,2,LL-Q55633582 (ajp)-Khalil.rantissi-تسَكَّر.wav,https://upload.wikimedia.org/wikipedia/commons/7/7e/LL-Q55633582_%28ajp%29-Khalil.rantissi-%D8%AA%D8%B3%D9%8E%D9%83%D9%8E%D9%91%D8%B1.wav
264,تغلب,ɪtˈɣal.lab,3,2,LL-Q55633582 (ajp)-Khalil.rantissi-تغَلَّب.wav,https://upload.wikimedia.org/wikipedia/commons/6/67/LL-Q55633582_%28ajp%29-Khalil.rantissi-%D8%AA%D8%BA%D9%8E%D9%84%D9%8E%D9%91%D8%A8.wav
309,جنسية,ʒɪnˈsij.je,3,2,LL-Q55633582 (ajp)-Muhammad (AdrianAbdulBaha)-جنسية.wav,https://upload.wikimedia.org/wikipedia/commons/4/46/LL-Q55633582_%28ajp%29-Muhammad_%28AdrianAbdulBaha%29-%D8%AC%D9%86%D8%B3%D9%8A%D8%A9.wav
334,سكينة,sɪkˈkiː.ne,3,2,LL-Q55633582 (ajp)-IbrahimZ (AdrianAbdulBaha)-سكّينة.wav,https://upload.wikimedia.org/wikipedia/commons/c/c4/LL-Q55633582_%28ajp%29-IbrahimZ_%28AdrianAbdulBaha%29-%D8%B3%D9%83%D9%91%D9%8A%D9%86%D8%A9.wav
277,تكبر,ɪtˈkab.bar,3,2,LL-Q55633582 (ajp)-Khalil.rantissi-تكَبَّر.wav,https://upload.wikimedia.org/wikipedia/commons/9/9b/LL-Q55633582_%28ajp%29-Khalil.rantissi-%D8%AA%D9%83%D9%8E%D8%A8%D9%8E%D9%91%D8%B1.wav
471,طالما,ˈtˤɑː.la.ma,3,1,LL-Q55633582 (ajp)-MahmoudM (AdrianAbdulBaha)-طالما.wav,https://upload.wikimedia.org/wikipedia/commons/e/e0/LL-Q55633582_%28ajp%29-MahmoudM_%28AdrianAbdulBaha%29-%D8%B7%D8%A7%D9%84%D9%85%D8%A7.wav
360,عصارة,ʕɑsˤˈsˤɑː.rˤɑ,3,2,LL-Q55633582 (ajp)-Khalil.rantissi-عصّارة.wav,https://upload.wikimedia.org/wikipedia/commons/c/cb/LL-Q55633582_%28ajp%29-Khalil.rantissi-%D8%B9%D8%B5%D9%91%D8%A7%D8%B1%D8%A9.wav
21,الخليل,ɪl.xaˈliːl,3,3,LL-Q55633582 (ajp)-Khalil.rantissi-الخليل.wav,https://upload.wikimedia.org/wikipedia/commons/f/f1/LL-Q55633582_%28ajp%29-Khalil.rantissi-%D8%A7%D9%84%D8%AE%D9%84%D9%8A%D9%84.wav
60,إسبانيا,ʔɪsˈbɑːn.ja,3,2,LL-Q55633582 (ajp)-AdrianAbdulBaha-إسبانيا.wav,https://upload.wikimedia.org/wikipedia/commons/c/cd/LL-Q55633582_%28ajp%29-AdrianAbdulBaha-%D8%A5%D8%B3%D8%A8%D8%A7%D9%86%D9%8A%D8%A7.wav
131,انتشر,ɪnˈta.ʃar,3,2,LL-Q55633582 (ajp)-Khalil.rantissi-انتَشَر.wav,https://upload.wikimedia.org/wikipedia/commons/5/50/LL-Q55633582_%28ajp%29-Khalil.rantissi-%D8%A7%D9%86%D8%AA%D9%8E%D8%B4%D9%8E%D8%B1.wav
503,مشكلة,ˈmuʃ.kɪ.le,3,1,LL-Q55633582 (ajp)-Muhammad (AdrianAbdulBaha)-مشكلة.wav,https://upload.wikimedia.org/wikipedia/commons/2/2c/LL-Q55633582_%28ajp%29-Muhammad_%28AdrianAbdulBaha%29-%D9%85%D8%B4%D9%83%D9%84%D8%A9.wav
428,هوية,haˈwij.je,3,2,LL-Q55633582 (ajp)-MahmoudM (AdrianAbdulBaha)-هوية.wav,https://upload.wikimedia.org/wikipedia/commons/2/2e/LL-Q55633582_%28ajp%29-MahmoudM_%28AdrianAbdulBaha%29-%D9%87%D9%88%D9%8A%D8%A9.wav
47,معلومات,maʕ.luːˈmæːt,3,3,LL-Q55633582 (ajp)-Muhammad (AdrianAbdulBaha)-معلومات.wav,https://upload.wikimedia.org/wikipedia/commons/6/64/LL-Q55633582_%28ajp%29-Muhammad_%28AdrianAbdulBaha%29-%D9%85%D8%B9%D9%84%D9%88%D9%85%D8%A7%D8%AA.wav
418,موظف,muˈwɑzˤ.zˤɑf,3,2,LL-Q55633582 (ajp)-Mohammad-LPA-موظّف.wav,https://upload.wikimedia.org/wikipedia/commons/6/65/LL-Q55633582_%28ajp%29-Mohammad-LPA-%D9%85%D9%88%D8%B8%D9%91%D9%81.wav
439,اشترك,ɪʃˈta.rak,3,2,LL-Q55633582 (ajp)-Khalil.rantissi-اشتَرَك.wav,https://upload.wikimedia.org/wikipedia/commons/9/9d/LL-Q55633582_%28ajp%29-Khalil.rantissi-%D8%A7%D8%B4%D8%AA%D9%8E%D8%B1%D9%8E%D9%83.wav
30,تلاتين,ta.laˈtiːn,3,3,LL-Q55633582 (ajp)-Muhammad (AdrianAbdulBaha)-30.wav,https://upload.wikimedia.org/wikipedia/commons/3/3d/LL-Q55633582_%28ajp%29-Muhammad_%28AdrianAbdulBaha%29-30.wav
78,اختلف,ɪxˈta.laf,3,2,LL-Q55633582 (ajp)-Khalil.rantissi-اختَلَف.wav,https://upload.wikimedia.org/wikipedia/commons/e/ed/LL-Q55633582_%28ajp%29-Khalil.rantissi-%D8%A7%D8%AE%D8%AA%D9%8E%D9%84%D9%8E%D9%81.wav
221,تخيل,ɪtˈxaj.jal,3,2,LL-Q55633582 (ajp)-Khalil.rantissi-تخَيَّل.wav,https://upload.wikimedia.org/wikipedia/commons/6/6d/LL-Q55633582_%28ajp%29-Khalil.rantissi-%D8%AA%D8%AE%D9%8E%D9%8A%D9%8E%D9%91%D9%84.wav
436,أولا,ˈʔaw.wa.lan,3,1,LL-Q55633582 (ajp)-AdrianAbdulBaha-أوّلًا.wav,https://upload.wikimedia.org/wikipedia/commons/a/a2/LL-Q55633582_%28ajp%29-AdrianAbdulBaha-%D8%A3%D9%88%D9%91%D9%84%D9%8B%D8%A7.wav
125,امتنع,ɪmˈta.naʕ,3,2,LL-Q55633582 (ajp)-Khalil.rantissi-امتَنَع.wav,https://upload.wikimedia.org/wikipedia/commons/6/6a/LL-Q55633582_%28ajp%29-Khalil.rantissi-%D8%A7%D9%85%D8%AA%D9%8E%D9%86%D9%8E%D8%B9.wav
268,تفضل,ɪtˈfɑdˤ.dˤɑl,3,2,LL-Q55633582 (ajp)-Khalil.rantissi-تفَضَّل.wav,https://upload.wikimedia.org/wikipedia/commons/4/44/LL-Q55633582_%28ajp%29-Khalil.rantissi-%D8%AA%D9%81%D9%8E%D8%B6%D9%8E%D9%91%D9%84.wav
462,سكني,ˈsa.ka.ni,3,1,LL-Q55633582 (ajp)-Muhammad (AdrianAbdulBaha)-سكني.wav,https://upload.wikimedia.org/wikipedia/commons/9/91/LL-Q55633582_%28ajp%29-Muhammad_%28AdrianAbdulBaha%29-%D8%B3%D9%83%D9%86%D9%8A.wav
121,الجمعة,ɪʒˈʒʊm.ʕa,3,2,LL-Q55633582 (ajp)-AseelF (AdrianAbdulBaha)-Friday.wav,https://upload.wikimedia.org/wikipedia/commons/7/7f/LL-Q55633582_%28ajp%29-AseelF_%28AdrianAbdulBaha%29-Friday.wav
498,مدرسة,ˈmad.ra.se,3,1,LL-Q55633582 (ajp)-Muhammad (AdrianAbdulBaha)-مدرسة.wav,https://upload.wikimedia.org/wikipedia/commons/c/c4/LL-Q55633582_%28ajp%29-Muhammad_%28AdrianAbdulBaha%29-%D9%85%D8%AF%D8%B1%D8%B3%D8%A9.wav
137,انحبس,ɪnˈħa.bas,3,2,LL-Q55633582 (ajp)-Khalil.rantissi-انحَبَس.wav,https://upload.wikimedia.org/wikipedia/commons/4/4d/LL-Q55633582_%28ajp%29-Khalil.rantissi-%D8%A7%D9%86%D8%AD%D9%8E%D8%A8%D9%8E%D8%B3.wav
482,عنصري,ˈʕʊn.sˤʊ.ri,3,1,LL-Q55633582 (ajp)-Muhammad (AdrianAbdulBaha)-عنصري.wav,https://upload.wikimedia.org/wikipedia/commons/c/cb/LL-Q55633582_%28ajp%29-Muhammad_%28AdrianAbdulBaha%29-%D8%B9%D9%86%D8%B5%D8%B1%D9%8A.wav
288,تنازل,ɪtˈnæː.zal,3,2,LL-Q55633582 (ajp)-Khalil.rantissi-تنازَل.wav,https://upload.wikimedia.org/wikipedia/commons/6/67/LL-Q55633582_%28ajp%29-Khalil.rantissi-%D8%AA%D9%86%D8%A7%D8%B2%D9%8E%D9%84.wav
445,بينما,ˈbej.na.ma,3,1,LL-Q55633582 (ajp)-Khalil.rantissi-بينما.wav,https://upload.wikimedia.org/wikipedia/commons/0/04/LL-Q55633582_%28ajp%29-Khalil.rantissi-%D8%A8%D9%8A%D9%86%D9%85%D8%A7.wav
138,انحرج,ɪnˈħa.raʒ,3,2,LL-Q55633582 (ajp)-Khalil.rantissi-انحَرَج.wav,https://upload.wikimedia.org/wikipedia/commons/d/db/LL-Q55633582_%28ajp%29-Khalil.rantissi-%D8%A7%D9%86%D8%AD%D9%8E%D8%B1%D9%8E%D8%AC.wav
446,تذكرة,ˈtaz.kɑ.rˤɑ,3,1,LL-Q55633582 (ajp)-AmmanM (AdrianAbdulBaha)-تزكرة.wav,https://upload.wikimedia.org/wikipedia/commons/4/41/LL-Q55633582_%28ajp%29-AmmanM_%28AdrianAbdulBaha%29-%D8%AA%D8%B2%D9%83%D8%B1%D8%A9.wav
229,تركيا,tʊrˈkij.ja,3,2,LL-Q55633582 (ajp)-AdrianAbdulBaha-تركيا.wav,https://upload.wikimedia.org/wikipedia/commons/d/dc/LL-Q55633582_%28ajp%29-AdrianAbdulBaha-%D8%AA%D8%B1%D9%83%D9%8A%D8%A7.wav
63,إنكليزي,ʔɪnˈɡliː.zi,3,2,LL-Q55633582 (ajp)-Khalil.rantissi-إنجليزيّ.wav,https://upload.wikimedia.org/wikipedia/commons/1/12/LL-Q55633582_%28ajp%29-Khalil.rantissi-%D8%A5%D9%86%D8%AC%D9%84%D9%8A%D8%B2%D9%8A%D9%91.wav
315,حوالي,ħaˈwæː.li,3,2,LL-Q55633582 (ajp)-Muhammad (AdrianAbdulBaha)-حوالي.wav,https://upload.wikimedia.org/wikipedia/commons/8/8c/LL-Q55633582_%28ajp%29-Muhammad_%28AdrianAbdulBaha%29-%D8%AD%D9%88%D8%A7%D9%84%D9%8A.wav
192,تتاوب,(ɪ)tˈtæː.wab,3,2,LL-Q55633582 (ajp)-AdrianAbdulBaha-تتاوَب.wav,https://upload.wikimedia.org/wikipedia/commons/6/61/LL-Q55633582_%28ajp%29-AdrianAbdulBaha-%D8%AA%D8%AA%D8%A7%D9%88%D9%8E%D8%A8.wav
198,تحارب,ɪtˈħæː.rab,3,2,LL-Q55633582 (ajp)-Khalil.rantissi-تحارَب.wav,https://upload.wikimedia.org/wikipedia/commons/e/e7/LL-Q55633582_%28ajp%29-Khalil.rantissi-%D8%AA%D8%AD%D8%A7%D8%B1%D9%8E%D8%A8.wav
381,كندرجي,kʊnˈdɑrˤ.ʒi,3,2,LL-Q55633582 (ajp)-Muhammad (AdrianAbdulBaha)-كندرجي.wav,https://upload.wikimedia.org/wikipedia/commons/c/cd/LL-Q55633582_%28ajp%29-Muhammad_%28AdrianAbdulBaha%29-%D9%83%D9%86%D8%AF%D8%B1%D8%AC%D9%8A.wav
216,تخلف,ɪtˈxal.laf,3,2,LL-Q55633582 (ajp)-Khalil.rantissi-تخَلَّف.wav,https://upload.wikimedia.org/wikipedia/commons/d/d5/LL-Q55633582_%28ajp%29-Khalil.rantissi-%D8%AA%D8%AE%D9%8E%D9%84%D9%8E%D9%91%D9%81.wav
105,اعتقل,ɪʕˈta.qal,3,2,LL-Q55633582 (ajp)-Khalil.rantissi-اعتَقَل.wav,https://upload.wikimedia.org/wikipedia/commons/f/fa/LL-Q55633582_%28ajp%29-Khalil.rantissi-%D8%A7%D8%B9%D8%AA%D9%8E%D9%82%D9%8E%D9%84.wav
496,محرمة,ˈmaħ.ra.me,3,1,LL-Q55633582 (ajp)-Muhammad (AdrianAbdulBaha)-محرمة.wav,https://upload.wikimedia.org/wikipedia/commons/6/66/LL-Q55633582_%28ajp%29-Muhammad_%28AdrianAbdulBaha%29-%D9%85%D8%AD%D8%B1%D9%85%D8%A9.wav
133,انتفخ,ɪnˈta.fax,3,2,LL-Q55633582 (ajp)-Khalil.rantissi-انتَفَخ.wav,https://upload.wikimedia.org/wikipedia/commons/c/c5/LL-Q55633582_%28ajp%29-Khalil.rantissi-%D8%A7%D9%86%D8%AA%D9%8E%D9%81%D9%8E%D8%AE.wav
111,اقترح,ɪqˈtˤɑ.rˤɑħ,3,2,LL-Q55633582 (ajp)-Khalil.rantissi-اقتَرَح.wav,https://upload.wikimedia.org/wikipedia/commons/d/d2/LL-Q55633582_%28ajp%29-Khalil.rantissi-%D8%A7%D9%82%D8%AA%D9%8E%D8%B1%D9%8E%D8%AD.wav
466,شجرة,ˈʃa.ʒɑ.rˤɑ,3,1,LL-Q55633582 (ajp)-Muhammad (AdrianAbdulBaha)-شجرة.wav,https://upload.wikimedia.org/wikipedia/commons/d/de/LL-Q55633582_%28ajp%29-Muhammad_%28AdrianAbdulBaha%29-%D8%B4%D8%AC%D8%B1%D8%A9.wav
64,إيرلندا,ʔɪrˈlan.da,3,2,LL-Q55633582 (ajp)-AdrianAbdulBaha-إيرلندا.wav,https://upload.wikimedia.org/wikipedia/commons/c/cb/LL-Q55633582_%28ajp%29-AdrianAbdulBaha-%D8%A5%D9%8A%D8%B1%D9%84%D9%86%D8%AF%D8%A7.wav
22,الخميس,ɪl.xaˈmiːs,3,3,LL-Q55633582 (ajp)-AseelF (AdrianAbdulBaha)-Thursday.wav,https://upload.wikimedia.org/wikipedia/commons/e/ea/LL-Q55633582_%28ajp%29-AseelF_%28AdrianAbdulBaha%29-Thursday.wav
141,اندمج,ɪnˈda.maʒ,3,2,LL-Q55633582 (ajp)-Khalil.rantissi-اندمَج.wav,https://upload.wikimedia.org/wikipedia/commons/e/ef/LL-Q55633582_%28ajp%29-Khalil.rantissi-%D8%A7%D9%86%D8%AF%D9%85%D9%8E%D8%AC.wav
233,تسرع,ɪtˈsar.raʕ,3,2,LL-Q55633582 (ajp)-Khalil.rantissi-تسَرَّع.wav,https://upload.wikimedia.org/wikipedia/commons/6/61/LL-Q55633582_%28ajp%29-Khalil.rantissi-%D8%AA%D8%B3%D9%8E%D8%B1%D9%8E%D9%91%D8%B9.wav
114,الإتنين,ɪlˈʔɪt.neːn,3,2,LL-Q55633582 (ajp)-AseelF (AdrianAbdulBaha)-Monday.wav,https://upload.wikimedia.org/wikipedia/commons/5/55/LL-Q55633582_%28ajp%29-AseelF_%28AdrianAbdulBaha%29-Monday.wav
294,تنورة,tɑnˈnuː.rˤɑ,3,2,LL-Q55633582 (ajp)-Muhammad (AdrianAbdulBaha)-تنّورة.wav,https://upload.wikimedia.org/wikipedia/commons/3/37/LL-Q55633582_%28ajp%29-Muhammad_%28AdrianAbdulBaha%29-%D8%AA%D9%86%D9%91%D9%88%D8%B1%D8%A9.wav
242,تصور,ɪtˈsˤɑw.wɑrˤ,3,2,LL-Q55633582 (ajp)-Khalil.rantissi-تصَوَّر.wav,https://upload.wikimedia.org/wikipedia/commons/b/ba/LL-Q55633582_%28ajp%29-Khalil.rantissi-%D8%AA%D8%B5%D9%8E%D9%88%D9%8E%D9%91%D8%B1.wav
405,مستنقع,mʊsˈtan.qaʕ,3,2,LL-Q55633582 (ajp)-Muhammad (AdrianAbdulBaha)-مستنقع.wav,https://upload.wikimedia.org/wikipedia/commons/c/c7/LL-Q55633582_%28ajp%29-Muhammad_%28AdrianAbdulBaha%29-%D9%85%D8%B3%D8%AA%D9%86%D9%82%D8%B9.wav
263,تغطى,(ɪ)tˈɣɑtˤ.tˤɑ,3,2,LL-Q55633582 (ajp)-AdrianAbdulBaha-تغَطّى.wav,https://upload.wikimedia.org/wikipedia/commons/a/a7/LL-Q55633582_%28ajp%29-AdrianAbdulBaha-%D8%AA%D8%BA%D9%8E%D8%B7%D9%91%D9%89.wav
267,تفرج,ɪtˈfar.raʒ,3,2,LL-Q55633582 (ajp)-Khalil.rantissi-تفَرَّج.wav,https://upload.wikimedia.org/wikipedia/commons/b/b3/LL-Q55633582_%28ajp%29-Khalil.rantissi-%D8%AA%D9%81%D9%8E%D8%B1%D9%8E%D9%91%D8%AC.wav
41,فلسطين,fɑ.lɑsˤˈtˤiːn,3,3,LL-Q55633582 (ajp)-Khalil.rantissi-فلسطين.wav,https://upload.wikimedia.org/wikipedia/commons/6/6d/LL-Q55633582_%28ajp%29-Khalil.rantissi-%D9%81%D9%84%D8%B3%D8%B7%D9%8A%D9%86.wav
485,فوضوي,ˈfɑw.dˤɑ.wi,3,1,LL-Q55633582 (ajp)-Khalil.rantissi-فَوضَويّ.wav,https://upload.wikimedia.org/wikipedia/commons/d/d3/LL-Q55633582_%28ajp%29-Khalil.rantissi-%D9%81%D9%8E%D9%88%D8%B6%D9%8E%D9%88%D9%8A%D9%91.wav
0,أباجور,ʔa.baˈʒoːr,3,3,LL-Q55633582 (ajp)-Khalil.rantissi-أباجور.wav,https://upload.wikimedia.org/wikipedia/commons/1/1a/LL-Q55633582_%28ajp%29-Khalil.rantissi-%D8%A3%D8%A8%D8%A7%D8%AC%D9%88%D8%B1.wav
11,استفاد,ɪs.taˈfæːd,3,3,LL-Q55633582 (ajp)-Khalil.rantissi-استَفاد.wav,https://upload.wikimedia.org/wikipedia/commons/8/88/LL-Q55633582_%28ajp%29-Khalil.rantissi-%D8%A7%D8%B3%D8%AA%D9%8E%D9%81%D8%A7%D8%AF.wav
475,طيارة,tˤɑj.jɑː.rˤɑ,3,1,LL-Q55633582 (ajp)-AmmanM (AdrianAbdulBaha)-طيّارة.wav,https://upload.wikimedia.org/wikipedia/commons/9/9a/LL-Q55633582_%28ajp%29-AmmanM_%28AdrianAbdulBaha%29-%D8%B7%D9%8A%D9%91%D8%A7%D8%B1%D8%A9.wav
363,عمارة,ʕaˈmɑː.rɑ,3,2,LL-Q55633582 (ajp)-AmmanM (AdrianAbdulBaha)-عمارة.wav,https://upload.wikimedia.org/wikipedia/commons/c/c8/LL-Q55633582_%28ajp%29-AmmanM_%28AdrianAbdulBaha%29-%D8%B9%D9%85%D8%A7%D8%B1%D8%A9.wav
478,عشرة,ˈʕa.ʃa.rˤɑ,3,1,LL-Q55633582 (ajp)-AseelF (AdrianAbdulBaha)-10.wav,https://upload.wikimedia.org/wikipedia/commons/6/6d/LL-Q55633582_%28ajp%29-AseelF_%28AdrianAbdulBaha%29-10.wav
356,عالآخر,ʕalˈʔæː.kɪr,3,2,LL-Q55633582 (ajp)-AdrianAbdulBaha-عالآخر.wav,https://upload.wikimedia.org/wikipedia/commons/f/f8/LL-Q55633582_%28ajp%29-AdrianAbdulBaha-%D8%B9%D8%A7%D9%84%D8%A2%D8%AE%D8%B1.wav
276,تقريبا,taʔˈriː.ban,3,2,LL-Q55633582 (ajp)-AdrianAbdulBaha-تقريبا.wav,https://upload.wikimedia.org/wikipedia/commons/3/35/LL-Q55633582_%28ajp%29-AdrianAbdulBaha-%D8%AA%D9%82%D8%B1%D9%8A%D8%A8%D8%A7.wav
218,تخوت,ɪtˈxaw.wat,3,2,LL-Q55633582 (ajp)-Khalil.rantissi-تخَوَّت.wav,https://upload.wikimedia.org/wikipedia/commons/5/5e/LL-Q55633582_%28ajp%29-Khalil.rantissi-%D8%AA%D8%AE%D9%8E%D9%88%D9%8E%D9%91%D8%AA.wav
365,غسالة,ɣasˈsæː.le,3,2,LL-Q55633582 (ajp)-Muhammad (AdrianAbdulBaha)-غسّالة.wav,https://upload.wikimedia.org/wikipedia/commons/b/b5/LL-Q55633582_%28ajp%29-Muhammad_%28AdrianAbdulBaha%29-%D8%BA%D8%B3%D9%91%D8%A7%D9%84%D8%A9.wav
140,انحكى,ɪnˈħa.ka,3,2,LL-Q55633582 (ajp)-Khalil.rantissi-انحَكى.wav,https://upload.wikimedia.org/wikipedia/commons/0/03/LL-Q55633582_%28ajp%29-Khalil.rantissi-%D8%A7%D9%86%D8%AD%D9%8E%D9%83%D9%89.wav
204,تحشر,(ɪ)tˈħaʃ.ʃɑrˤ,3,2,LL-Q55633582 (ajp)-Muhammad (AdrianAbdulBaha)-تحَشَّر.wav,https://upload.wikimedia.org/wikipedia/commons/e/ec/LL-Q55633582_%28ajp%29-Muhammad_%28AdrianAbdulBaha%29-%D8%AA%D8%AD%D9%8E%D8%B4%D9%8E%D9%91%D8%B1.wav
488,كلية,ˈkʊl.lij.je,3,1,LL-Q55633582 (ajp)-Muhammad (AdrianAbdulBaha)-كلية.wav,https://upload.wikimedia.org/wikipedia/commons/f/f1/LL-Q55633582_%28ajp%29-Muhammad_%28AdrianAbdulBaha%29-%D9%83%D9%84%D9%8A%D8%A9.wav
450,جوارير,ʒa.wa.riːr,3,1,LL-Q55633582 (ajp)-Muhammad (AdrianAbdulBaha)-جوارير.wav,https://upload.wikimedia.org/wikipedia/commons/b/b2/LL-Q55633582_%28ajp%29-Muhammad_%28AdrianAbdulBaha%29-%D8%AC%D9%88%D8%A7%D8%B1%D9%8A%D8%B1.wav
413,منافع,maˈnæː.fɪʕ,3,2,LL-Q55633582 (ajp)-Muhammad (AdrianAbdulBaha)-منافع.wav,https://upload.wikimedia.org/wikipedia/commons/1/14/LL-Q55633582_%28ajp%29-Muhammad_%28AdrianAbdulBaha%29-%D9%85%D9%86%D8%A7%D9%81%D8%B9.wav
407,مسلسل,mʊˈsal.sal,3,2,LL-Q55633582 (ajp)-Muhammad (AdrianAbdulBaha)-مسلسل.wav,https://upload.wikimedia.org/wikipedia/commons/9/9d/LL-Q55633582_%28ajp%29-Muhammad_%28AdrianAbdulBaha%29-%D9%85%D8%B3%D9%84%D8%B3%D9%84.wav
7,استراح,ɪs.taˈrˤɑːħ,3,3,LL-Q55633582 (ajp)-Khalil.rantissi-استَراح.wav,https://upload.wikimedia.org/wikipedia/commons/1/1c/LL-Q55633582_%28ajp%29-Khalil.rantissi-%D8%A7%D8%B3%D8%AA%D9%8E%D8%B1%D8%A7%D8%AD.wav
432,يهودي,jaˈhuː.di,3,2,LL-Q55633582 (ajp)-Khalil.rantissi-يَهوديّ.wav,https://upload.wikimedia.org/wikipedia/commons/9/93/LL-Q55633582_%28ajp%29-Khalil.rantissi-%D9%8A%D9%8E%D9%87%D9%88%D8%AF%D9%8A%D9%91.wav
135,انتمى,inˈta.ma,3,2,LL-Q55633582 (ajp)-Khalil.rantissi-انتَمى.wav,https://upload.wikimedia.org/wikipedia/commons/4/49/LL-Q55633582_%28ajp%29-Khalil.rantissi-%D8%A7%D9%86%D8%AA%D9%8E%D9%85%D9%89.wav
290,تنصت,ɪtˈnɑsˤ.sˤɑt,3,2,LL-Q55633582 (ajp)-Khalil.rantissi-تنَصَّت.wav,https://upload.wikimedia.org/wikipedia/commons/1/14/LL-Q55633582_%28ajp%29-Khalil.rantissi-%D8%AA%D9%86%D9%8E%D8%B5%D9%8E%D9%91%D8%AA.wav
421,نصاني,nʊsˤˈsˤɑː.ni,3,2,LL-Q55633582 (ajp)-Muhammad (AdrianAbdulBaha)-نصّاني.wav,https://upload.wikimedia.org/wikipedia/commons/8/81/LL-Q55633582_%28ajp%29-Muhammad_%28AdrianAbdulBaha%29-%D9%86%D8%B5%D9%91%D8%A7%D9%86%D9%8A.wav
467,شركسي,ˈʃar.ka.si,3,1,LL-Q55633582 (ajp)-AdrianAbdulBaha-شركسي.wav,https://upload.wikimedia.org/wikipedia/commons/9/91/LL-Q55633582_%28ajp%29-AdrianAbdulBaha-%D8%B4%D8%B1%D9%83%D8%B3%D9%8A.wav
108,افتخر,ɪfˈta.xar,3,2,LL-Q55633582 (ajp)-Khalil.rantissi-افتَخَر.wav,https://upload.wikimedia.org/wikipedia/commons/3/30/LL-Q55633582_%28ajp%29-Khalil.rantissi-%D8%A7%D9%81%D8%AA%D9%8E%D8%AE%D9%8E%D8%B1.wav
274,تقبل,ɪtˈʔab.bal,3,2,LL-Q55633582 (ajp)-Khalil.rantissi-تقَبَّل.wav,https://upload.wikimedia.org/wikipedia/commons/b/bb/LL-Q55633582_%28ajp%29-Khalil.rantissi-%D8%AA%D9%82%D9%8E%D8%A8%D9%8E%D9%91%D9%84.wav
149,انصدم,(ɪ)nˈsˤɑ.dˤɑm,3,2,LL-Q55633582 (ajp)-AdrianAbdulBaha-انصَدَم.wav,https://upload.wikimedia.org/wikipedia/commons/7/76/LL-Q55633582_%28ajp%29-AdrianAbdulBaha-%D8%A7%D9%86%D8%B5%D9%8E%D8%AF%D9%8E%D9%85.wav
33,تلفون,ta.laˈfoːn,3,3,LL-Q55633582 (ajp)-Muhammad (AdrianAbdulBaha)-تلفون.wav,https://upload.wikimedia.org/wikipedia/commons/5/51/LL-Q55633582_%28ajp%29-Muhammad_%28AdrianAbdulBaha%29-%D8%AA%D9%84%D9%81%D9%88%D9%86.wav
457,دائرة,ˈdæː.ʔi.rˤɑ,3,1,LL-Q55633582 (ajp)-AdrianAbdulBaha-دائرة.wav,https://upload.wikimedia.org/wikipedia/commons/b/b9/LL-Q55633582_%28ajp%29-AdrianAbdulBaha-%D8%AF%D8%A7%D8%A6%D8%B1%D8%A9.wav
25,باتنجان,be.tinˈʒæːn,3,3,LL-Q55633582 (ajp)-IbrahimZ (AdrianAbdulBaha)-باتنجان.wav,https://upload.wikimedia.org/wikipedia/commons/d/dc/LL-Q55633582_%28ajp%29-IbrahimZ_%28AdrianAbdulBaha%29-%D8%A8%D8%A7%D8%AA%D9%86%D8%AC%D8%A7%D9%86.wav
112,اكتشف,ɪkˈta.ʃaf,3,2,LL-Q55633582 (ajp)-Khalil.rantissi-اكتَشَف.wav,https://upload.wikimedia.org/wikipedia/commons/9/9e/LL-Q55633582_%28ajp%29-Khalil.rantissi-%D8%A7%D9%83%D8%AA%D9%8E%D8%B4%D9%8E%D9%81.wav
220,تخيب,(ɪ)tˈxaj.jab,3,2,LL-Q55633582 (ajp)-AdrianAbdulBaha-تخَيَّب.wav,https://upload.wikimedia.org/wikipedia/commons/5/58/LL-Q55633582_%28ajp%29-AdrianAbdulBaha-%D8%AA%D8%AE%D9%8E%D9%8A%D9%8E%D9%91%D8%A8.wav
212,تخجل,ɪtˈxaʒ.ʒal,3,2,LL-Q55633582 (ajp)-Khalil.rantissi-تخَجَّل.wav,https://upload.wikimedia.org/wikipedia/commons/c/cc/LL-Q55633582_%28ajp%29-Khalil.rantissi-%D8%AA%D8%AE%D9%8E%D8%AC%D9%8E%D9%91%D9%84.wav
129,انتحر,ɪnˈta.ħar,3,2,LL-Q55633582 (ajp)-Khalil.rantissi-انتَحَر.wav,https://upload.wikimedia.org/wikipedia/commons/4/4f/LL-Q55633582_%28ajp%29-Khalil.rantissi-%D8%A7%D9%86%D8%AA%D9%8E%D8%AD%D9%8E%D8%B1.wav
4,احتياط,ɪħ.tˤɪˈjɑːtˤ,3,3,LL-Q55633582 (ajp)-Muhammad (AdrianAbdulBaha)-احتياط.wav,https://upload.wikimedia.org/wikipedia/commons/e/e1/LL-Q55633582_%28ajp%29-Muhammad_%28AdrianAbdulBaha%29-%D8%A7%D8%AD%D8%AA%D9%8A%D8%A7%D8%B7.wav
380,كمنجة,kaˈman.ʒa,3,2,LL-Q55633582 (ajp)-Muhammad (AdrianAbdulBaha)-كمنجة.wav,https://upload.wikimedia.org/wikipedia/commons/8/80/LL-Q55633582_%28ajp%29-Muhammad_%28AdrianAbdulBaha%29-%D9%83%D9%85%D9%86%D8%AC%D8%A9.wav
166,بالعادة,bɪlˈʕæː.de,3,2,LL-Q55633582 (ajp)-Khalil.rantissi-بالعادة.wav,https://upload.wikimedia.org/wikipedia/commons/4/46/LL-Q55633582_%28ajp%29-Khalil.rantissi-%D8%A8%D8%A7%D9%84%D8%B9%D8%A7%D8%AF%D8%A9.wav
179,بندورة,banˈdoː.rˤɑ,3,2,LL-Q55633582 (ajp)-IbrahimZ (AdrianAbdulBaha)-بندورة.wav,https://upload.wikimedia.org/wikipedia/commons/0/06/LL-Q55633582_%28ajp%29-IbrahimZ_%28AdrianAbdulBaha%29-%D8%A8%D9%86%D8%AF%D9%88%D8%B1%D8%A9.wav
261,تغدى,ɪtˈɣad.da,3,2,LL-Q55633582 (ajp)-Khalil.rantissi-تغَدّى.wav,https://upload.wikimedia.org/wikipedia/commons/4/47/LL-Q55633582_%28ajp%29-Khalil.rantissi-%D8%AA%D8%BA%D9%8E%D8%AF%D9%91%D9%89.wav
292,تنكر,ɪtˈnak.kar,3,2,LL-Q55633582 (ajp)-Khalil.rantissi-تنَكَّر.wav,https://upload.wikimedia.org/wikipedia/commons/e/e0/LL-Q55633582_%28ajp%29-Khalil.rantissi-%D8%AA%D9%86%D9%8E%D9%83%D9%8E%D9%91%D8%B1.wav
477,عربي,ˈʕɑ.rˤɑ.bi,3,1,LL-Q55633582 (ajp)-Khalil.rantissi-عَرَبيّ.wav,https://upload.wikimedia.org/wikipedia/commons/9/94/LL-Q55633582_%28ajp%29-Khalil.rantissi-%D8%B9%D9%8E%D8%B1%D9%8E%D8%A8%D9%8A%D9%91.wav
209,تحول,ɪtˈħaw.wal,3,2,LL-Q55633582 (ajp)-Khalil.rantissi-تحَوَّل.wav,https://upload.wikimedia.org/wikipedia/commons/0/05/LL-Q55633582_%28ajp%29-Khalil.rantissi-%D8%AA%D8%AD%D9%8E%D9%88%D9%8E%D9%91%D9%84.wav
319,خصوصا,xuˈsˤuː.sˤɑn,3,2,LL-Q55633582 (ajp)-AdrianAbdulBaha-خصوصا.wav,https://upload.wikimedia.org/wikipedia/commons/6/67/LL-Q55633582_%28ajp%29-AdrianAbdulBaha-%D8%AE%D8%B5%D9%88%D8%B5%D8%A7.wav
226,تراجع,ɪtˈræː.ʒaʕ,3,2,LL-Q55633582 (ajp)-Khalil.rantissi-تراجَع.wav,https://upload.wikimedia.org/wikipedia/commons/6/60/LL-Q55633582_%28ajp%29-Khalil.rantissi-%D8%AA%D8%B1%D8%A7%D8%AC%D9%8E%D8%B9.wav
146,انشغل,ɪnˈʃa.ɣal,3,2,LL-Q55633582 (ajp)-Khalil.rantissi-انشَغَل.wav,https://upload.wikimedia.org/wikipedia/commons/9/90/LL-Q55633582_%28ajp%29-Khalil.rantissi-%D8%A7%D9%86%D8%B4%D9%8E%D8%BA%D9%8E%D9%84.wav
502,مشترك,ˈmuʃ.ta.rak,3,1,LL-Q55633582 (ajp)-Muhammad (AdrianAbdulBaha)-مشترك.wav,https://upload.wikimedia.org/wikipedia/commons/c/c8/LL-Q55633582_%28ajp%29-Muhammad_%28AdrianAbdulBaha%29-%D9%85%D8%B4%D8%AA%D8%B1%D9%83.wav
8,استشار,ɪs.taˈʃɑːrˤ,3,3,LL-Q55633582 (ajp)-Khalil.rantissi-استَشار.wav,https://upload.wikimedia.org/wikipedia/commons/4/41/LL-Q55633582_%28ajp%29-Khalil.rantissi-%D8%A7%D8%B3%D8%AA%D9%8E%D8%B4%D8%A7%D8%B1.wav
414,منافق,muˈnæː.fɪq,3,2,LL-Q55633582 (ajp)-Mohammad-LPA-منافق.wav,https://upload.wikimedia.org/wikipedia/commons/8/88/LL-Q55633582_%28ajp%29-Mohammad-LPA-%D9%85%D9%86%D8%A7%D9%81%D9%82.wav
126,انأذى,ɪnˈʔa.za,3,2,LL-Q55633582 (ajp)-Khalil.rantissi-انأذى.wav,https://upload.wikimedia.org/wikipedia/commons/c/c2/LL-Q55633582_%28ajp%29-Khalil.rantissi-%D8%A7%D9%86%D8%A3%D8%B0%D9%89.wav
159,انقطع,ɪnˈʔɑ.tˤɑʕ,3,2,LL-Q55633582 (ajp)-Khalil.rantissi-انقَطَع.wav,https://upload.wikimedia.org/wikipedia/commons/a/a2/LL-Q55633582_%28ajp%29-Khalil.rantissi-%D8%A7%D9%86%D9%82%D9%8E%D8%B7%D9%8E%D8%B9.wav
331,زبدية,zɪbˈdij.je,3,2,LL-Q55633582 (ajp)-Muhammad (AdrianAbdulBaha)-زبدية.wav,https://upload.wikimedia.org/wikipedia/commons/4/4c/LL-Q55633582_%28ajp%29-Muhammad_%28AdrianAbdulBaha%29-%D8%B2%D8%A8%D8%AF%D9%8A%D8%A9.wav
68,اتفق,ɪtˈta.faʔ,3,2,LL-Q55633582 (ajp)-Khalil.rantissi-اتَّفَق.wav,https://upload.wikimedia.org/wikipedia/commons/2/2c/LL-Q55633582_%28ajp%29-Khalil.rantissi-%D8%A7%D8%AA%D9%8E%D9%91%D9%81%D9%8E%D9%82.wav
260,تعود,ɪtˈʕaw.wad,3,2,LL-Q55633582 (ajp)-Khalil.rantissi-تعَوَّد.wav,https://upload.wikimedia.org/wikipedia/commons/f/fd/LL-Q55633582_%28ajp%29-Khalil.rantissi-%D8%AA%D8%B9%D9%8E%D9%88%D9%8E%D9%91%D8%AF.wav
492,ليلكي,ˈleː.la.ki,3,1,LL-Q55633582 (ajp)-Muhammad (AdrianAbdulBaha)-ليلكي.wav,https://upload.wikimedia.org/wikipedia/commons/3/3f/LL-Q55633582_%28ajp%29-Muhammad_%28AdrianAbdulBaha%29-%D9%84%D9%8A%D9%84%D9%83%D9%8A.wav
51,أخيرا,ʔaˈxːi.ran,3,2,LL-Q55633582 (ajp)-AseelF (AdrianAbdulBaha)-اخيرًا.wav,https://upload.wikimedia.org/wikipedia/commons/2/29/LL-Q55633582_%28ajp%29-AseelF_%28AdrianAbdulBaha%29-%D8%A7%D8%AE%D9%8A%D8%B1%D9%8B%D8%A7.wav
392,متأكد,mɪtˈʔak.kɪd,3,2,LL-Q55633582 (ajp)-Muhammad (AdrianAbdulBaha)-متأكّد.wav,https://upload.wikimedia.org/wikipedia/commons/0/0b/LL-Q55633582_%28ajp%29-Muhammad_%28AdrianAbdulBaha%29-%D9%85%D8%AA%D8%A3%D9%83%D9%91%D8%AF.wav
464,سلوفاكيا,slʊ.væːk.ja,3,1,LL-Q55633582 (ajp)-Muhammad (AdrianAbdulBaha)-سلوفاكيا.wav,https://upload.wikimedia.org/wikipedia/commons/5/57/LL-Q55633582_%28ajp%29-Muhammad_%28AdrianAbdulBaha%29-%D8%B3%D9%84%D9%88%D9%81%D8%A7%D9%83%D9%8A%D8%A7.wav
103,اعتزل,ɪʕˈta.zal,3,2,LL-Q55633582 (ajp)-Khalil.rantissi-اعتَزَل.wav,https://upload.wikimedia.org/wikipedia/commons/b/ba/LL-Q55633582_%28ajp%29-Khalil.rantissi-%D8%A7%D8%B9%D8%AA%D9%8E%D8%B2%D9%8E%D9%84.wav
438,استحق,ɪs.ta.ħaʔ,3,1,LL-Q55633582 (ajp)-Khalil.rantissi-استَحَقّ.wav,https://upload.wikimedia.org/wikipedia/commons/0/09/LL-Q55633582_%28ajp%29-Khalil.rantissi-%D8%A7%D8%B3%D8%AA%D9%8E%D8%AD%D9%8E%D9%82%D9%91.wav
32,تلفزيون,tɪl.fɪzˈjoːn,3,3,LL-Q55633582 (ajp)-Muhammad (AdrianAbdulBaha)-تلفزيون.wav,https://upload.wikimedia.org/wikipedia/commons/1/1f/LL-Q55633582_%28ajp%29-Muhammad_%28AdrianAbdulBaha%29-%D8%AA%D9%84%D9%81%D8%B2%D9%8A%D9%88%D9%86.wav
397,محطة,mɑˈħɑtˤ.tˤɑ,3,2,LL-Q55633582 (ajp)-AmmanM (AdrianAbdulBaha)-محطّة.wav,https://upload.wikimedia.org/wikipedia/commons/3/33/LL-Q55633582_%28ajp%29-AmmanM_%28AdrianAbdulBaha%29-%D9%85%D8%AD%D8%B7%D9%91%D8%A9.wav
59,إجازة,ʔɪˈʒæː.ze,3,2,LL-Q55633582 (ajp)-AmmanM (AdrianAbdulBaha)-إجازة.wav,https://upload.wikimedia.org/wikipedia/commons/1/14/LL-Q55633582_%28ajp%29-AmmanM_%28AdrianAbdulBaha%29-%D8%A5%D8%AC%D8%A7%D8%B2%D8%A9.wav
48,مفروشات,maf.ruˈʃæːt,3,3,LL-Q55633582 (ajp)-Muhammad (AdrianAbdulBaha)-مفروشات.wav,https://upload.wikimedia.org/wikipedia/commons/7/7c/LL-Q55633582_%28ajp%29-Muhammad_%28AdrianAbdulBaha%29-%D9%85%D9%81%D8%B1%D9%88%D8%B4%D8%A7%D8%AA.wav
429,وحداني,waħˈdæː.ni,3,2,LL-Q55633582 (ajp)-Muhammad (AdrianAbdulBaha)-وحداني.wav,https://upload.wikimedia.org/wikipedia/commons/6/6f/LL-Q55633582_%28ajp%29-Muhammad_%28AdrianAbdulBaha%29-%D9%88%D8%AD%D8%AF%D8%A7%D9%86%D9%8A.wav
384,لأنه,lɪˈʔan.no,3,2,LL-Q55633582 (ajp)-Khalil.rantissi-لِأنّه.wav,https://upload.wikimedia.org/wikipedia/commons/e/e3/LL-Q55633582_%28ajp%29-Khalil.rantissi-%D9%84%D9%90%D8%A3%D9%86%D9%91%D9%87.wav
404,مستقبل,musˈtaʔ.bal,3,2,LL-Q55633582 (ajp)-AseelF (AdrianAbdulBaha)-مستقبل.wav,https://upload.wikimedia.org/wikipedia/commons/d/d1/LL-Q55633582_%28ajp%29-AseelF_%28AdrianAbdulBaha%29-%D9%85%D8%B3%D8%AA%D9%82%D8%A8%D9%84.wav
490,كندرة,ˈkʊn.dɑ.rˤɑ,3,1,LL-Q55633582 (ajp)-Muhammad (AdrianAbdulBaha)-كندرة.wav,https://upload.wikimedia.org/wikipedia/commons/4/41/LL-Q55633582_%28ajp%29-Muhammad_%28AdrianAbdulBaha%29-%D9%83%D9%86%D8%AF%D8%B1%D8%A9.wav
329,رومانيا,ruˈmæːn.ja,3,2,LL-Q55633582 (ajp)-Muhammad (AdrianAbdulBaha)-رومانيا.wav,https://upload.wikimedia.org/wikipedia/commons/f/f8/LL-Q55633582_%28ajp%29-Muhammad_%28AdrianAbdulBaha%29-%D8%B1%D9%88%D9%85%D8%A7%D9%86%D9%8A%D8%A7.wav
167,بالمرة,bɪlˈmar.ra,3,2,LL-Q55633582 (ajp)-AdrianAbdulBaha-بالمرة.wav,https://upload.wikimedia.org/wikipedia/commons/2/20/LL-Q55633582_%28ajp%29-AdrianAbdulBaha-%D8%A8%D8%A7%D9%84%D9%85%D8%B1%D8%A9.wav
155,انفتح,ɪnˈfa.taħ,3,2,LL-Q55633582 (ajp)-Khalil.rantissi-انفَتَح.wav,https://upload.wikimedia.org/wikipedia/commons/d/d8/LL-Q55633582_%28ajp%29-Khalil.rantissi-%D8%A7%D9%86%D9%81%D9%8E%D8%AA%D9%8E%D8%AD.wav
82,استثمر,ɪsˈtaθ.mar,3,2,LL-Q55633582 (ajp)-Khalil.rantissi-استَثمَر.wav,https://upload.wikimedia.org/wikipedia/commons/b/b9/LL-Q55633582_%28ajp%29-Khalil.rantissi-%D8%A7%D8%B3%D8%AA%D9%8E%D8%AB%D9%85%D9%8E%D8%B1.wav
10,استعمال,ɪs.tɪʕˈmæːl,3,3,LL-Q55633582 (ajp)-Muhammad (AdrianAbdulBaha)-استعمال.wav,https://upload.wikimedia.org/wikipedia/commons/1/14/LL-Q55633582_%28ajp%29-Muhammad_%28AdrianAbdulBaha%29-%D8%A7%D8%B3%D8%AA%D8%B9%D9%85%D8%A7%D9%84.wav
318,خزانة,xaˈzæː.ne,3,2,LL-Q55633582 (ajp)-Muhammad (AdrianAbdulBaha)-خزانة.wav,https://upload.wikimedia.org/wikipedia/commons/6/69/LL-Q55633582_%28ajp%29-Muhammad_%28AdrianAbdulBaha%29-%D8%AE%D8%B2%D8%A7%D9%86%D8%A9.wav
417,موبليا,muˈbil.ja,3,2,LL-Q55633582 (ajp)-Muhammad (AdrianAbdulBaha)-موبليا.wav,https://upload.wikimedia.org/wikipedia/commons/d/d9/LL-Q55633582_%28ajp%29-Muhammad_%28AdrianAbdulBaha%29-%D9%85%D9%88%D8%A8%D9%84%D9%8A%D8%A7.wav
168,بالمية,bɪlˈmij.je,3,2,LL-Q55633582 (ajp)-Muhammad (AdrianAbdulBaha)-بالمية.wav,https://upload.wikimedia.org/wikipedia/commons/6/67/LL-Q55633582_%28ajp%29-Muhammad_%28AdrianAbdulBaha%29-%D8%A8%D8%A7%D9%84%D9%85%D9%8A%D8%A9.wav
328,روماني,ruˈmæː.ni,3,2,LL-Q55633582 (ajp)-Muhammad (AdrianAbdulBaha)-روماني.wav,https://upload.wikimedia.org/wikipedia/commons/7/76/LL-Q55633582_%28ajp%29-Muhammad_%28AdrianAbdulBaha%29-%D8%B1%D9%88%D9%85%D8%A7%D9%86%D9%8A.wav
269,تقابل,ɪtˈʔæː.bal,3,2,LL-Q55633582 (ajp)-Khalil.rantissi-تقابَل.wav,https://upload.wikimedia.org/wikipedia/commons/c/cd/LL-Q55633582_%28ajp%29-Khalil.rantissi-%D8%AA%D9%82%D8%A7%D8%A8%D9%8E%D9%84.wav
124,النقب,ɪnˈnɑ.qɑb,3,2,LL-Q55633582 (ajp)-Khalil.rantissi-النقب.wav,https://upload.wikimedia.org/wikipedia/commons/4/4d/LL-Q55633582_%28ajp%29-Khalil.rantissi-%D8%A7%D9%84%D9%86%D9%82%D8%A8.wav
341,شمسية,ʃamˈsij.je,3,2,LL-Q55633582 (ajp)-Muhammad (AdrianAbdulBaha)-شمسيّة.wav,https://upload.wikimedia.org/wikipedia/commons/b/bf/LL-Q55633582_%28ajp%29-Muhammad_%28AdrianAbdulBaha%29-%D8%B4%D9%85%D8%B3%D9%8A%D9%91%D8%A9.wav
237,تشطف,(ɪ)tˈʃɑtˤ.tˤɑf,3,2,LL-Q55633582 (ajp)-Muhammad (AdrianAbdulBaha)-تشَطَّف.wav,https://upload.wikimedia.org/wikipedia/commons/1/19/LL-Q55633582_%28ajp%29-Muhammad_%28AdrianAbdulBaha%29-%D8%AA%D8%B4%D9%8E%D8%B7%D9%8E%D9%91%D9%81.wav
348,صرماية,sˤʊrˤˈmɑː.je,3,2,LL-Q55633582 (ajp)-Muhammad (AdrianAbdulBaha)-صرماية.wav,https://upload.wikimedia.org/wikipedia/commons/2/26/LL-Q55633582_%28ajp%29-Muhammad_%28AdrianAbdulBaha%29-%D8%B5%D8%B1%D9%85%D8%A7%D9%8A%D8%A9.wav
479,عصبي,ˈʕɑ.sˤɑ.bi,3,1,LL-Q55633582 (ajp)-Muhammad (AdrianAbdulBaha)-عصبي.wav,https://upload.wikimedia.org/wikipedia/commons/1/1b/LL-Q55633582_%28ajp%29-Muhammad_%28AdrianAbdulBaha%29-%D8%B9%D8%B5%D8%A8%D9%8A.wav
401,مرارة,mɑˈrˤɑː.rɑ,3,2,LL-Q55633582 (ajp)-Muhammad (AdrianAbdulBaha)-مرارة.wav,https://upload.wikimedia.org/wikipedia/commons/7/74/LL-Q55633582_%28ajp%29-Muhammad_%28AdrianAbdulBaha%29-%D9%85%D8%B1%D8%A7%D8%B1%D8%A9.wav
460,زلمة,ˈza.la.me,3,1,LL-Q55633582 (ajp)-MahmoudM (AdrianAbdulBaha)-زلمة.wav,https://upload.wikimedia.org/wikipedia/commons/d/d4/LL-Q55633582_%28ajp%29-MahmoudM_%28AdrianAbdulBaha%29-%D8%B2%D9%84%D9%85%D8%A9.wav
235,تسلى,ɪtˈsal.la,3,2,LL-Q55633582 (ajp)-Khalil.rantissi-تسَلّى.wav,https://upload.wikimedia.org/wikipedia/commons/f/ff/LL-Q55633582_%28ajp%29-Khalil.rantissi-%D8%AA%D8%B3%D9%8E%D9%84%D9%91%D9%89.wav
34,تمانين,ta.maˈniːn,3,3,LL-Q55633582 (ajp)-Muhammad (AdrianAbdulBaha)-80.wav,https://upload.wikimedia.org/wikipedia/commons/0/05/LL-Q55633582_%28ajp%29-Muhammad_%28AdrianAbdulBaha%29-80.wav
50,هدولاك,ha.doˈlæːk,3,3,LL-Q55633582 (ajp)-Muhammad (AdrianAbdulBaha)-هدولاك.wav,https://upload.wikimedia.org/wikipedia/commons/5/51/LL-Q55633582_%28ajp%29-Muhammad_%28AdrianAbdulBaha%29-%D9%87%D8%AF%D9%88%D9%84%D8%A7%D9%83.wav
15,استلذ,ɪs.taˈlaz,3,3,LL-Q55633582 (ajp)-Khalil.rantissi-استَلَذّ.wav,https://upload.wikimedia.org/wikipedia/commons/9/97/LL-Q55633582_%28ajp%29-Khalil.rantissi-%D8%A7%D8%B3%D8%AA%D9%8E%D9%84%D9%8E%D8%B0%D9%91.wav
441,بدوي,ˈba.da.wi,3,1,LL-Q55633582 (ajp)-Muhammad (AdrianAbdulBaha)-بدوي.wav,https://upload.wikimedia.org/wikipedia/commons/c/c8/LL-Q55633582_%28ajp%29-Muhammad_%28AdrianAbdulBaha%29-%D8%A8%D8%AF%D9%88%D9%8A.wav
109,افترض,ɪfˈtɑ.rˤɑdˤ,3,2,LL-Q55633582 (ajp)-Khalil.rantissi-افتَرَض.wav,https://upload.wikimedia.org/wikipedia/commons/1/1a/LL-Q55633582_%28ajp%29-Khalil.rantissi-%D8%A7%D9%81%D8%AA%D9%8E%D8%B1%D9%8E%D8%B6.wav
174,برنامج,barˈnæː.mɪʒ,3,2,LL-Q55633582 (ajp)-Khalil.rantissi-بَرنامِج.wav,https://upload.wikimedia.org/wikipedia/commons/d/da/LL-Q55633582_%28ajp%29-Khalil.rantissi-%D8%A8%D9%8E%D8%B1%D9%86%D8%A7%D9%85%D9%90%D8%AC.wav
170,بحيرة,bʊˈħaj.rˤɑ,3,2,LL-Q55633582 (ajp)-Khalil.rantissi-بُحيرة.wav,https://upload.wikimedia.org/wikipedia/commons/0/04/LL-Q55633582_%28ajp%29-Khalil.rantissi-%D8%A8%D9%8F%D8%AD%D9%8A%D8%B1%D8%A9.wav
17,استيطان,ɪs.tiːˈtˤɑːn,3,3,LL-Q55633582 (ajp)-Muhammad (AdrianAbdulBaha)-استيطان.wav,https://upload.wikimedia.org/wikipedia/commons/5/50/LL-Q55633582_%28ajp%29-Muhammad_%28AdrianAbdulBaha%29-%D8%A7%D8%B3%D8%AA%D9%8A%D8%B7%D8%A7%D9%86.wav
211,تخبى,ɪtˈxab.ba,3,2,LL-Q55633582 (ajp)-Khalil.rantissi-تخَبّى.wav,https://upload.wikimedia.org/wikipedia/commons/7/76/LL-Q55633582_%28ajp%29-Khalil.rantissi-%D8%AA%D8%AE%D9%8E%D8%A8%D9%91%D9%89.wav
207,تحمل,ɪtˈħam.mal,3,2,LL-Q55633582 (ajp)-Khalil.rantissi-تحَمَّل.wav,https://upload.wikimedia.org/wikipedia/commons/3/3f/LL-Q55633582_%28ajp%29-Khalil.rantissi-%D8%AA%D8%AD%D9%8E%D9%85%D9%8E%D9%91%D9%84.wav
246,تطمن,ɪtˤˈtˤɑm.mɑn,3,2,LL-Q55633582 (ajp)-Khalil.rantissi-تطَمَّن.wav,https://upload.wikimedia.org/wikipedia/commons/8/85/LL-Q55633582_%28ajp%29-Khalil.rantissi-%D8%AA%D8%B7%D9%8E%D9%85%D9%8E%D9%91%D9%86.wav
415,منبه,muˈnab.bɪh,3,2,LL-Q55633582 (ajp)-Muhammad (AdrianAbdulBaha)-منبه.wav,https://upload.wikimedia.org/wikipedia/commons/3/35/LL-Q55633582_%28ajp%29-Muhammad_%28AdrianAbdulBaha%29-%D9%85%D9%86%D8%A8%D9%87.wav
400,مدينة,maˈdiː.ne,3,2,LL-Q55633582 (ajp)-Muhammad (AdrianAbdulBaha)-مدينة.wav,https://upload.wikimedia.org/wikipedia/commons/9/94/LL-Q55633582_%28ajp%29-Muhammad_%28AdrianAbdulBaha%29-%D9%85%D8%AF%D9%8A%D9%86%D8%A9.wav
425,نهاية,niˈhæː.je,3,2,LL-Q55633582 (ajp)-Khalil.rantissi-نهاية.wav,https://upload.wikimedia.org/wikipedia/commons/9/9f/LL-Q55633582_%28ajp%29-Khalil.rantissi-%D9%86%D9%87%D8%A7%D9%8A%D8%A9.wav
58,أوربا,ʔuˈrʊb.ba,3,2,LL-Q55633582 (ajp)-AdrianAbdulBaha-أوربّا.wav,https://upload.wikimedia.org/wikipedia/commons/6/62/LL-Q55633582_%28ajp%29-AdrianAbdulBaha-%D8%A3%D9%88%D8%B1%D8%A8%D9%91%D8%A7.wav
2,أصدقاء,ʔɑsˤ.dˤɪˈqɑːʔ,3,3,LL-Q55633582 (ajp)-MahmoudM (AdrianAbdulBaha)-اصدقاء.wav,https://upload.wikimedia.org/wikipedia/commons/b/b6/LL-Q55633582_%28ajp%29-MahmoudM_%28AdrianAbdulBaha%29-%D8%A7%D8%B5%D8%AF%D9%82%D8%A7%D8%A1.wav
215,تخصص,ɪtˈxɑsˤ.sˤɑsˤ,3,2,LL-Q55633582 (ajp)-Khalil.rantissi-تخَصَّص.wav,https://upload.wikimedia.org/wikipedia/commons/2/21/LL-Q55633582_%28ajp%29-Khalil.rantissi-%D8%AA%D8%AE%D9%8E%D8%B5%D9%8E%D9%91%D8%B5.wav
236,تشتت,ɪtˈʃat.tat,3,2,LL-Q55633582 (ajp)-Khalil.rantissi-تشَتَّت.wav,https://upload.wikimedia.org/wikipedia/commons/4/4f/LL-Q55633582_%28ajp%29-Khalil.rantissi-%D8%AA%D8%B4%D9%8E%D8%AA%D9%8E%D9%91%D8%AA.wav
271,تقارب,ɪtˈʔɑː.rˤɑb,3,2,LL-Q55633582 (ajp)-Khalil.rantissi-تقارَب.wav,https://upload.wikimedia.org/wikipedia/commons/e/ef/LL-Q55633582_%28ajp%29-Khalil.rantissi-%D8%AA%D9%82%D8%A7%D8%B1%D9%8E%D8%A8.wav
194,تجعلك,(ɪ)tˈʒaʕ.lak,3,2,LL-Q55633582 (ajp)-Mohammad-LPA-تجعلك.wav,https://upload.wikimedia.org/wikipedia/commons/a/a3/LL-Q55633582_%28ajp%29-Mohammad-LPA-%D8%AA%D8%AC%D8%B9%D9%84%D9%83.wav
386,لحال,laˈħæː.lo,3,2,LL-Q55633582 (ajp)-AdrianAbdulBaha-لحال.wav,https://upload.wikimedia.org/wikipedia/commons/4/46/LL-Q55633582_%28ajp%29-AdrianAbdulBaha-%D9%84%D8%AD%D8%A7%D9%84.wav
345,صبية,sˤaˈbij.je,3,2,LL-Q55633582 (ajp)-MahmoudM (AdrianAbdulBaha)-صبية.wav,https://upload.wikimedia.org/wikipedia/commons/f/f1/LL-Q55633582_%28ajp%29-MahmoudM_%28AdrianAbdulBaha%29-%D8%B5%D8%A8%D9%8A%D8%A9.wav
275,تقدم,ɪtˈʔad.dam,3,2,LL-Q55633582 (ajp)-Khalil.rantissi-تقَدَّم.wav,https://upload.wikimedia.org/wikipedia/commons/c/ca/LL-Q55633582_%28ajp%29-Khalil.rantissi-%D8%AA%D9%82%D9%8E%D8%AF%D9%8E%D9%91%D9%85.wav
366,غلاية,ɣalˈlæː.je,3,2,LL-Q55633582 (ajp)-Muhammad (AdrianAbdulBaha)-غلّاية.wav,https://upload.wikimedia.org/wikipedia/commons/b/b2/LL-Q55633582_%28ajp%29-Muhammad_%28AdrianAbdulBaha%29-%D8%BA%D9%84%D9%91%D8%A7%D9%8A%D8%A9.wav
89,استعجل,ɪsˈtaʕ.ʒal,3,2,LL-Q55633582 (ajp)-Khalil.rantissi-استَعجَل.wav,https://upload.wikimedia.org/wikipedia/commons/9/90/LL-Q55633582_%28ajp%29-Khalil.rantissi-%D8%A7%D8%B3%D8%AA%D9%8E%D8%B9%D8%AC%D9%8E%D9%84.wav
150,انصلب,(ɪ)nˈsˤɑ.lɑb,3,2,LL-Q55633582 (ajp)-Muhammad (AdrianAbdulBaha)-انصَلَب.wav,https://upload.wikimedia.org/wikipedia/commons/3/31/LL-Q55633582_%28ajp%29-Muhammad_%28AdrianAbdulBaha%29-%D8%A7%D9%86%D8%B5%D9%8E%D9%84%D9%8E%D8%A8.wav
101,اعترض,ɪʕˈtˤɑ.rˤɑdˤ,3,2,LL-Q55633582 (ajp)-Khalil.rantissi-اعتَرَض.wav,https://upload.wikimedia.org/wikipedia/commons/e/e5/LL-Q55633582_%28ajp%29-Khalil.rantissi-%D8%A7%D8%B9%D8%AA%D9%8E%D8%B1%D9%8E%D8%B6.wav
306,جريدة,ʒaˈriː.de,3,2,LL-Q55633582 (ajp)-Mohammad-LPA-جريدة.wav,https://upload.wikimedia.org/wikipedia/commons/f/f6/LL-Q55633582_%28ajp%29-Mohammad-LPA-%D8%AC%D8%B1%D9%8A%D8%AF%D8%A9.wav
374,قلاية,ʔalˈlæː.je,3,2,LL-Q55633582 (ajp)-Muhammad (AdrianAbdulBaha)-قَلّاية.wav,https://upload.wikimedia.org/wikipedia/commons/1/1e/LL-Q55633582_%28ajp%29-Muhammad_%28AdrianAbdulBaha%29-%D9%82%D9%8E%D9%84%D9%91%D8%A7%D9%8A%D8%A9.wav
378,كلبشة,kaˈlab.ʃa,3,2,LL-Q55633582 (ajp)-Muhammad (AdrianAbdulBaha)-كلبشة.wav,https://upload.wikimedia.org/wikipedia/commons/7/70/LL-Q55633582_%28ajp%29-Muhammad_%28AdrianAbdulBaha%29-%D9%83%D9%84%D8%A8%D8%B4%D8%A9.wav
200,تحدى,ɪtˈħad.da,3,2,LL-Q55633582 (ajp)-Khalil.rantissi-تحَدّى.wav,https://upload.wikimedia.org/wikipedia/commons/c/c2/LL-Q55633582_%28ajp%29-Khalil.rantissi-%D8%AA%D8%AD%D9%8E%D8%AF%D9%91%D9%89.wav
117,التزم,ɪlˈta.zam,3,2,LL-Q55633582 (ajp)-Khalil.rantissi-التَزَم.wav,https://upload.wikimedia.org/wikipedia/commons/1/16/LL-Q55633582_%28ajp%29-Khalil.rantissi-%D8%A7%D9%84%D8%AA%D9%8E%D8%B2%D9%8E%D9%85.wav
327,رمادي,raˈmæː.di,3,2,LL-Q55633582 (ajp)-Muhammad (AdrianAbdulBaha)-رمادي.wav,https://upload.wikimedia.org/wikipedia/commons/c/c7/LL-Q55633582_%28ajp%29-Muhammad_%28AdrianAbdulBaha%29-%D8%B1%D9%85%D8%A7%D8%AF%D9%8A.wav
265,تغير,ɪdˈɣaj.jar,3,2,LL-Q55633582 (ajp)-Khalil.rantissi-تغَيَّر.wav,https://upload.wikimedia.org/wikipedia/commons/0/0a/LL-Q55633582_%28ajp%29-Khalil.rantissi-%D8%AA%D8%BA%D9%8E%D9%8A%D9%8E%D9%91%D8%B1.wav
177,بطاطا,bɑˈtˤɑː.tˤɑ,3,2,LL-Q55633582 (ajp)-Muhammad (AdrianAbdulBaha)-بطاطا.wav,https://upload.wikimedia.org/wikipedia/commons/3/35/LL-Q55633582_%28ajp%29-Muhammad_%28AdrianAbdulBaha%29-%D8%A8%D8%B7%D8%A7%D8%B7%D8%A7.wav
240,تصالح,ɪtˈsˤɑː.lˤɑħ,3,2,LL-Q55633582 (ajp)-Khalil.rantissi-تصالَح.wav,https://upload.wikimedia.org/wikipedia/commons/7/79/LL-Q55633582_%28ajp%29-Khalil.rantissi-%D8%AA%D8%B5%D8%A7%D9%84%D9%8E%D8%AD.wav
203,تحسن,ɪtˈħas.san,3,2,LL-Q55633582 (ajp)-Khalil.rantissi-تحَسَّن.wav,https://upload.wikimedia.org/wikipedia/commons/f/f9/LL-Q55633582_%28ajp%29-Khalil.rantissi-%D8%AA%D8%AD%D9%8E%D8%B3%D9%8E%D9%91%D9%86.wav
455,خلوي,ˈxa.la.wi,3,1,LL-Q55633582 (ajp)-Muhammad (AdrianAbdulBaha)-خلوي.wav,https://upload.wikimedia.org/wikipedia/commons/b/b5/LL-Q55633582_%28ajp%29-Muhammad_%28AdrianAbdulBaha%29-%D8%AE%D9%84%D9%88%D9%8A.wav
14,استقل,ɪs.taˈʔal,3,3,LL-Q55633582 (ajp)-Khalil.rantissi-استَقَلّ.wav,https://upload.wikimedia.org/wikipedia/commons/1/12/LL-Q55633582_%28ajp%29-Khalil.rantissi-%D8%A7%D8%B3%D8%AA%D9%8E%D9%82%D9%8E%D9%84%D9%91.wav
66,اتحد,ɪtˈta.ħad,3,2,LL-Q55633582 (ajp)-Khalil.rantissi-اتَّحَد.wav,https://upload.wikimedia.org/wikipedia/commons/c/cf/LL-Q55633582_%28ajp%29-Khalil.rantissi-%D8%A7%D8%AA%D9%8E%D9%91%D8%AD%D9%8E%D8%AF.wav
285,تمرن,ɪtˈmar.ran,3,2,LL-Q55633582 (ajp)-Khalil.rantissi-تمَرَّن.wav,https://upload.wikimedia.org/wikipedia/commons/c/ca/LL-Q55633582_%28ajp%29-Khalil.rantissi-%D8%AA%D9%85%D9%8E%D8%B1%D9%8E%D9%91%D9%86.wav
164,بالآخر,bɪlˈʔæː.xɪr,3,2,LL-Q55633582 (ajp)-AdrianAbdulBaha-بالآخر.wav,https://upload.wikimedia.org/wikipedia/commons/9/90/LL-Q55633582_%28ajp%29-AdrianAbdulBaha-%D8%A8%D8%A7%D9%84%D8%A2%D8%AE%D8%B1.wav
368,فراشة,fɑˈrˤɑː.ʃe,3,2,LL-Q55633582 (ajp)-Muhammad (AdrianAbdulBaha)-فراشة.wav,https://upload.wikimedia.org/wikipedia/commons/8/84/LL-Q55633582_%28ajp%29-Muhammad_%28AdrianAbdulBaha%29-%D9%81%D8%B1%D8%A7%D8%B4%D8%A9.wav
289,تندم,ɪtˈnad.dam,3,2,LL-Q55633582 (ajp)-Khalil.rantissi-تنَدَّم.wav,https://upload.wikimedia.org/wikipedia/commons/5/54/LL-Q55633582_%28ajp%29-Khalil.rantissi-%D8%AA%D9%86%D9%8E%D8%AF%D9%8E%D9%91%D9%85.wav
92,استغرب,ɪsˈtaɣ.rab,3,2,LL-Q55633582 (ajp)-Khalil.rantissi-استَغرَب.wav,https://upload.wikimedia.org/wikipedia/commons/e/e5/LL-Q55633582_%28ajp%29-Khalil.rantissi-%D8%A7%D8%B3%D8%AA%D9%8E%D8%BA%D8%B1%D9%8E%D8%A8.wav
270,تقاتل,ɪtˈʔæː.tal,3,2,LL-Q55633582 (ajp)-Khalil.rantissi-تقاتَل.wav,https://upload.wikimedia.org/wikipedia/commons/1/18/LL-Q55633582_%28ajp%29-Khalil.rantissi-%D8%AA%D9%82%D8%A7%D8%AA%D9%8E%D9%84.wav
165,بالصدفة,bɪsˤˈsˤʊdˤ.fe,3,2,LL-Q55633582 (ajp)-Muhammad (AdrianAbdulBaha)-بالصدفة.wav,https://upload.wikimedia.org/wikipedia/commons/6/6b/LL-Q55633582_%28ajp%29-Muhammad_%28AdrianAbdulBaha%29-%D8%A8%D8%A7%D9%84%D8%B5%D8%AF%D9%81%D8%A9.wav
321,خيانة,xiˈjæː.ne,3,2,LL-Q55633582 (ajp)-Khalil.rantissi-خيانة.wav,https://upload.wikimedia.org/wikipedia/commons/3/3b/LL-Q55633582_%28ajp%29-Khalil.rantissi-%D8%AE%D9%8A%D8%A7%D9%86%D8%A9.wav
282,تمانية,taˈman.je,3,2,LL-Q55633582 (ajp)-AseelF (AdrianAbdulBaha)-8.wav,https://upload.wikimedia.org/wikipedia/commons/6/63/LL-Q55633582_%28ajp%29-AseelF_%28AdrianAbdulBaha%29-8.wav
504,معرفة,ˈmaʕ.rɪ.fe,3,1,LL-Q55633582 (ajp)-Muhammad (AdrianAbdulBaha)-معرفة.wav,https://upload.wikimedia.org/wikipedia/commons/4/47/LL-Q55633582_%28ajp%29-Muhammad_%28AdrianAbdulBaha%29-%D9%85%D8%B9%D8%B1%D9%81%D8%A9.wav
152,انعمل,ɪnˈʕa.mal,3,2,LL-Q55633582 (ajp)-Khalil.rantissi-انعَمَل.wav,https://upload.wikimedia.org/wikipedia/commons/7/76/LL-Q55633582_%28ajp%29-Khalil.rantissi-%D8%A7%D9%86%D8%B9%D9%8E%D9%85%D9%8E%D9%84.wav
52,أرجيلة,ʔarˈɡiː.le,3,2,LL-Q55633582 (ajp)-Khalil.rantissi-أرجيلة.wav,https://upload.wikimedia.org/wikipedia/commons/7/76/LL-Q55633582_%28ajp%29-Khalil.rantissi-%D8%A3%D8%B1%D8%AC%D9%8A%D9%84%D8%A9.wav
79,ارتكب,ɪrˈta.kab,3,2,LL-Q55633582 (ajp)-Khalil.rantissi-ارتَكَب.wav,https://upload.wikimedia.org/wikipedia/commons/1/18/LL-Q55633582_%28ajp%29-Khalil.rantissi-%D8%A7%D8%B1%D8%AA%D9%8E%D9%83%D9%8E%D8%A8.wav
228,تربى,ɪtˈrˤɑb.bɑ,3,2,LL-Q55633582 (ajp)-Khalil.rantissi-ترَبّى.wav,https://upload.wikimedia.org/wikipedia/commons/3/30/LL-Q55633582_%28ajp%29-Khalil.rantissi-%D8%AA%D8%B1%D9%8E%D8%A8%D9%91%D9%89.wav
210,تخانق,ɪtˈxæː.naʔ,3,2,LL-Q55633582 (ajp)-Khalil.rantissi-تخانَق.wav,https://upload.wikimedia.org/wikipedia/commons/1/1d/LL-Q55633582_%28ajp%29-Khalil.rantissi-%D8%AA%D8%AE%D8%A7%D9%86%D9%8E%D9%82.wav
54,أغورة,ʔaˈɡoː.rˤɑ,3,2,LL-Q55633582 (ajp)-Muhammad (AdrianAbdulBaha)-أغورة.wav,https://upload.wikimedia.org/wikipedia/commons/b/b1/LL-Q55633582_%28ajp%29-Muhammad_%28AdrianAbdulBaha%29-%D8%A3%D8%BA%D9%88%D8%B1%D8%A9.wav
45,مستحيل,mʊs.taˈħiːl,3,3,LL-Q55633582 (ajp)-Muhammad (AdrianAbdulBaha)-مستحيل.wav,https://upload.wikimedia.org/wikipedia/commons/7/76/LL-Q55633582_%28ajp%29-Muhammad_%28AdrianAbdulBaha%29-%D9%85%D8%B3%D8%AA%D8%AD%D9%8A%D9%84.wav
510,مملكة,ˈmam.la.ke,3,1,LL-Q55633582 (ajp)-Muhammad (AdrianAbdulBaha)-مملكة.wav,https://upload.wikimedia.org/wikipedia/commons/5/5e/LL-Q55633582_%28ajp%29-Muhammad_%28AdrianAbdulBaha%29-%D9%85%D9%85%D9%84%D9%83%D8%A9.wav
336,سلوفينيا,slʊˈveːn.ja,3,2,LL-Q55633582 (ajp)-Muhammad (AdrianAbdulBaha)-سلوفينيا.wav,https://upload.wikimedia.org/wikipedia/commons/d/d5/LL-Q55633582_%28ajp%29-Muhammad_%28AdrianAbdulBaha%29-%D8%B3%D9%84%D9%88%D9%81%D9%8A%D9%86%D9%8A%D8%A7.wav
169,بالنسبة,bɪnˈnɪs.be,3,2,LL-Q55633582 (ajp)-AdrianAbdulBaha-بالنسبة.wav,https://upload.wikimedia.org/wikipedia/commons/3/3e/LL-Q55633582_%28ajp%29-AdrianAbdulBaha-%D8%A8%D8%A7%D9%84%D9%86%D8%B3%D8%A8%D8%A9.wav
162,انولد,ɪnˈwa.lad,3,2,LL-Q55633582 (ajp)-Khalil.rantissi-انوَلَد.wav,https://upload.wikimedia.org/wikipedia/commons/4/40/LL-Q55633582_%28ajp%29-Khalil.rantissi-%D8%A7%D9%86%D9%88%D9%8E%D9%84%D9%8E%D8%AF.wav
259,تعليقة,taʕˈliː.ʔa,3,2,LL-Q55633582 (ajp)-Muhammad (AdrianAbdulBaha)-تعليقة.wav,https://upload.wikimedia.org/wikipedia/commons/f/fc/LL-Q55633582_%28ajp%29-Muhammad_%28AdrianAbdulBaha%29-%D8%AA%D8%B9%D9%84%D9%8A%D9%82%D8%A9.wav
465,سمكة,ˈsa.ma.ke,3,1,LL-Q55633582 (ajp)-Muhammad (AdrianAbdulBaha)-سمكة.wav,https://upload.wikimedia.org/wikipedia/commons/7/79/LL-Q55633582_%28ajp%29-Muhammad_%28AdrianAbdulBaha%29-%D8%B3%D9%85%D9%83%D8%A9.wav
349,صنية,sˤɪˈnij.je,3,2,LL-Q55633582 (ajp)-Muhammad (AdrianAbdulBaha)-صنيّة.wav,https://upload.wikimedia.org/wikipedia/commons/2/24/LL-Q55633582_%28ajp%29-Muhammad_%28AdrianAbdulBaha%29-%D8%B5%D9%86%D9%8A%D9%91%D8%A9.wav
437,اجتماع,ɪʒ.ti.mæːʕ,3,1,LL-Q55633582 (ajp)-Khalil.rantissi-اجتِماع.wav,https://upload.wikimedia.org/wikipedia/commons/9/90/LL-Q55633582_%28ajp%29-Khalil.rantissi-%D8%A7%D8%AC%D8%AA%D9%90%D9%85%D8%A7%D8%B9.wav
199,تحدث,ɪtˈħad.das,3,2,LL-Q55633582 (ajp)-Khalil.rantissi-تَحَدَّث.wav,https://upload.wikimedia.org/wikipedia/commons/e/ea/LL-Q55633582_%28ajp%29-Khalil.rantissi-%D8%AA%D9%8E%D8%AD%D9%8E%D8%AF%D9%8E%D9%91%D8%AB.wav
196,تجنب,ɪdˈʒan.nab,3,2,LL-Q55633582 (ajp)-Khalil.rantissi-تجنّب.wav,https://upload.wikimedia.org/wikipedia/commons/9/91/LL-Q55633582_%28ajp%29-Khalil.rantissi-%D8%AA%D8%AC%D9%86%D9%91%D8%A8.wav
396,محبة,maˈħab.be,3,2,LL-Q55633582 (ajp)-Muhammad (AdrianAbdulBaha)-محبّة.wav,https://upload.wikimedia.org/wikipedia/commons/0/00/LL-Q55633582_%28ajp%29-Muhammad_%28AdrianAbdulBaha%29-%D9%85%D8%AD%D8%A8%D9%91%D8%A9.wav
27,بالكتير,bɪ.l(ɪ)kˈtiːr,3,3,LL-Q55633582 (ajp)-AdrianAbdulBaha-بالكتير.wav,https://upload.wikimedia.org/wikipedia/commons/7/7a/LL-Q55633582_%28ajp%29-AdrianAbdulBaha-%D8%A8%D8%A7%D9%84%D9%83%D8%AA%D9%8A%D8%B1.wav
440,باخرة,ˈbæː.xɪ.rˤɑ,3,1,LL-Q55633582 (ajp)-Khalil.rantissi-باخِرة.wav,https://upload.wikimedia.org/wikipedia/commons/8/81/LL-Q55633582_%28ajp%29-Khalil.rantissi-%D8%A8%D8%A7%D8%AE%D9%90%D8%B1%D8%A9.wav
372,فواكه,faˈwæː.kɪh,3,2,LL-Q55633582 (ajp)-IbrahimZ (AdrianAbdulBaha)-فواكه.wav,https://upload.wikimedia.org/wikipedia/commons/5/59/LL-Q55633582_%28ajp%29-IbrahimZ_%28AdrianAbdulBaha%29-%D9%81%D9%88%D8%A7%D9%83%D9%87.wav
273,تقاعد,ɪtˈqɑː.ʕɑd,3,2,LL-Q55633582 (ajp)-Khalil.rantissi-تقاعَد.wav,https://upload.wikimedia.org/wikipedia/commons/e/e9/LL-Q55633582_%28ajp%29-Khalil.rantissi-%D8%AA%D9%82%D8%A7%D8%B9%D9%8E%D8%AF.wav
241,تصرف,ɪtˈsˤɑrˤ.rˤɑf,3,2,LL-Q55633582 (ajp)-Khalil.rantissi-تصَرَّف.wav,https://upload.wikimedia.org/wikipedia/commons/d/df/LL-Q55633582_%28ajp%29-Khalil.rantissi-%D8%AA%D8%B5%D9%8E%D8%B1%D9%8E%D9%91%D9%81.wav
55,أفريقيا,ʔafˈriːq.ja,3,2,LL-Q55633582 (ajp)-AdrianAbdulBaha-أفريقيا.wav,https://upload.wikimedia.org/wikipedia/commons/1/1d/LL-Q55633582_%28ajp%29-AdrianAbdulBaha-%D8%A3%D9%81%D8%B1%D9%8A%D9%82%D9%8A%D8%A7.wav
459,دهبي,ˈda.ha.bi,3,1,LL-Q55633582 (ajp)-Muhammad (AdrianAbdulBaha)-دهبي.wav,https://upload.wikimedia.org/wikipedia/commons/c/c9/LL-Q55633582_%28ajp%29-Muhammad_%28AdrianAbdulBaha%29-%D8%AF%D9%87%D8%A8%D9%8A.wav
280,تلاجة,talˈlæː.ʒe,3,2,LL-Q55633582 (ajp)-Muhammad (AdrianAbdulBaha)-تلاجة.wav,https://upload.wikimedia.org/wikipedia/commons/0/07/LL-Q55633582_%28ajp%29-Muhammad_%28AdrianAbdulBaha%29-%D8%AA%D9%84%D8%A7%D8%AC%D8%A9.wav
324,ديناري,diˈnæː.ri,3,2,LL-Q55633582 (ajp)-Muhammad (AdrianAbdulBaha)-ديناري.wav,https://upload.wikimedia.org/wikipedia/commons/b/b5/LL-Q55633582_%28ajp%29-Muhammad_%28AdrianAbdulBaha%29-%D8%AF%D9%8A%D9%86%D8%A7%D8%B1%D9%8A.wav
394,متعود,mɪtˈʕaw.wɪd,3,2,LL-Q55633582 (ajp)-Muhammad (AdrianAbdulBaha)-متعوّد.wav,https://upload.wikimedia.org/wikipedia/commons/1/19/LL-Q55633582_%28ajp%29-Muhammad_%28AdrianAbdulBaha%29-%D9%85%D8%AA%D8%B9%D9%88%D9%91%D8%AF.wav
222,تدخل,(ɪ)dˈdax.xal,3,2,LL-Q55633582 (ajp)-Khalil.rantissi-تدَخَّل.wav,https://upload.wikimedia.org/wikipedia/commons/a/a2/LL-Q55633582_%28ajp%29-Khalil.rantissi-%D8%AA%D8%AF%D9%8E%D8%AE%D9%8E%D9%91%D9%84.wav
175,برودة,buˈruː.de,3,2,LL-Q55633582 (ajp)-Khalil.rantissi-برودة.wav,https://upload.wikimedia.org/wikipedia/commons/6/64/LL-Q55633582_%28ajp%29-Khalil.rantissi-%D8%A8%D8%B1%D9%88%D8%AF%D8%A9.wav
458,درجة,ˈda.ra.ʒe,3,1,LL-Q55633582 (ajp)-Muhammad (AdrianAbdulBaha)-درجة.wav,https://upload.wikimedia.org/wikipedia/commons/f/f7/LL-Q55633582_%28ajp%29-Muhammad_%28AdrianAbdulBaha%29-%D8%AF%D8%B1%D8%AC%D8%A9.wav
448,تواصل,(ɪ)t.wɑː.sˤɑl,3,1,LL-Q55633582 (ajp)-Khalil.rantissi-تواصَل.wav,https://upload.wikimedia.org/wikipedia/commons/8/87/LL-Q55633582_%28ajp%29-Khalil.rantissi-%D8%AA%D9%88%D8%A7%D8%B5%D9%8E%D9%84.wav
447,تنكة,ˈta.na.ke,3,1,LL-Q55633582 (ajp)-Muhammad (AdrianAbdulBaha)-تنكة.wav,https://upload.wikimedia.org/wikipedia/commons/c/ce/LL-Q55633582_%28ajp%29-Muhammad_%28AdrianAbdulBaha%29-%D8%AA%D9%86%D9%83%D8%A9.wav
70,اتهم,ɪtˈta.ham,3,2,LL-Q55633582 (ajp)-Khalil.rantissi-اتَّهَم.wav,https://upload.wikimedia.org/wikipedia/commons/d/d8/LL-Q55633582_%28ajp%29-Khalil.rantissi-%D8%A7%D8%AA%D9%8E%D9%91%D9%87%D9%8E%D9%85.wav
451,حشرة,ˈħa.ʃɑ.rˤɑ,3,1,LL-Q55633582 (ajp)-Muhammad (AdrianAbdulBaha)-حشرة.wav,https://upload.wikimedia.org/wikipedia/commons/d/d8/LL-Q55633582_%28ajp%29-Muhammad_%28AdrianAbdulBaha%29-%D8%AD%D8%B4%D8%B1%D8%A9.wav
422,نصراني,nɑsˤˈrˤɑː.ni,3,2,LL-Q55633582 (ajp)-Muhammad (AdrianAbdulBaha)-نصراني.wav,https://upload.wikimedia.org/wikipedia/commons/f/f2/LL-Q55633582_%28ajp%29-Muhammad_%28AdrianAbdulBaha%29-%D9%86%D8%B5%D8%B1%D8%A7%D9%86%D9%8A.wav
369,فرنساوي,franˈsæː.wi,3,2,LL-Q55633582 (ajp)-Muhammad (AdrianAbdulBaha)-فرنساوي.wav,https://upload.wikimedia.org/wikipedia/commons/5/52/LL-Q55633582_%28ajp%29-Muhammad_%28AdrianAbdulBaha%29-%D9%81%D8%B1%D9%86%D8%B3%D8%A7%D9%88%D9%8A.wav
484,فقرة,ˈfɑ.qɑ.rˤɑ,3,1,LL-Q55633582 (ajp)-Muhammad (AdrianAbdulBaha)-فقرة.wav,https://upload.wikimedia.org/wikipedia/commons/5/51/LL-Q55633582_%28ajp%29-Muhammad_%28AdrianAbdulBaha%29-%D9%81%D9%82%D8%B1%D8%A9.wav
93,استقبل,ɪsˈtaʔ.bal,3,2,LL-Q55633582 (ajp)-Khalil.rantissi-استَقبَل.wav,https://upload.wikimedia.org/wikipedia/commons/6/68/LL-Q55633582_%28ajp%29-Khalil.rantissi-%D8%A7%D8%B3%D8%AA%D9%8E%D9%82%D8%A8%D9%8E%D9%84.wav
509,مملحة,ˈmam.la.ħa,3,1,LL-Q55633582 (ajp)-Muhammad (AdrianAbdulBaha)-مملحة.wav,https://upload.wikimedia.org/wikipedia/commons/0/08/LL-Q55633582_%28ajp%29-Muhammad_%28AdrianAbdulBaha%29-%D9%85%D9%85%D9%84%D8%AD%D8%A9.wav
449,جمجمة,ˈʒʊm.ʒʊ.me,3,1,LL-Q55633582 (ajp)-Muhammad (AdrianAbdulBaha)-جمجمة.wav,https://upload.wikimedia.org/wikipedia/commons/8/87/LL-Q55633582_%28ajp%29-Muhammad_%28AdrianAbdulBaha%29-%D8%AC%D9%85%D8%AC%D9%85%D8%A9.wav
238,تشكون,(ɪ)tˈʃak.wan,3,2,LL-Q55633582 (ajp)-Muhammad (AdrianAbdulBaha)-تشَكوَن.wav,https://upload.wikimedia.org/wikipedia/commons/6/64/LL-Q55633582_%28ajp%29-Muhammad_%28AdrianAbdulBaha%29-%D8%AA%D8%B4%D9%8E%D9%83%D9%88%D9%8E%D9%86.wav
244,تطاوش,(ɪ)tˤˈtˤɑː.wɑʃ,3,2,LL-Q55633582 (ajp)-AdrianAbdulBaha-تطاوَش.wav,https://upload.wikimedia.org/wikipedia/commons/e/e7/LL-Q55633582_%28ajp%29-AdrianAbdulBaha-%D8%AA%D8%B7%D8%A7%D9%88%D9%8E%D8%B4.wav
383,كهربجي,kɑhˈrɑb.ʒi,3,2,LL-Q55633582 (ajp)-Muhammad (AdrianAbdulBaha)-كهربجي.wav,https://upload.wikimedia.org/wikipedia/commons/e/ed/LL-Q55633582_%28ajp%29-Muhammad_%28AdrianAbdulBaha%29-%D9%83%D9%87%D8%B1%D8%A8%D8%AC%D9%8A.wav
412,ملابس,maˈlæː.bɪs,3,2,LL-Q55633582 (ajp)-Muhammad (AdrianAbdulBaha)-ملابس.wav,https://upload.wikimedia.org/wikipedia/commons/8/87/LL-Q55633582_%28ajp%29-Muhammad_%28AdrianAbdulBaha%29-%D9%85%D9%84%D8%A7%D8%A8%D8%B3.wav
181,تآمر,(ɪ)tˈʔæː.mɑrˤ,3,2,LL-Q55633582 (ajp)-Muhammad (AdrianAbdulBaha)-تآمر.wav,https://upload.wikimedia.org/wikipedia/commons/f/f4/LL-Q55633582_%28ajp%29-Muhammad_%28AdrianAbdulBaha%29-%D8%AA%D8%A2%D9%85%D8%B1.wav
443,بقرة,ˈbɑ.ʔɑ.rˤɑ,3,1,LL-Q55633582 (ajp)-Muhammad (AdrianAbdulBaha)-بقرة.wav,https://upload.wikimedia.org/wikipedia/commons/7/70/LL-Q55633582_%28ajp%29-Muhammad_%28AdrianAbdulBaha%29-%D8%A8%D9%82%D8%B1%D8%A9.wav
113,الأحد,ɪlˈʔa.ħad,3,2,LL-Q55633582 (ajp)-AseelF (AdrianAbdulBaha)-Sunday.wav,https://upload.wikimedia.org/wikipedia/commons/0/00/LL-Q55633582_%28ajp%29-AseelF_%28AdrianAbdulBaha%29-Sunday.wav
213,تخرج,ɪtˈxar.raʒ,3,2,LL-Q55633582 (ajp)-Khalil.rantissi-تخَرَّج.wav,https://upload.wikimedia.org/wikipedia/commons/b/b7/LL-Q55633582_%28ajp%29-Khalil.rantissi-%D8%AA%D8%AE%D9%8E%D8%B1%D9%8E%D9%91%D8%AC.wav
182,تأثر,(ɪ)tˈʔaθ.θar,3,2,LL-Q55633582 (ajp)-AdrianAbdulBaha-تأثَّر.wav,https://upload.wikimedia.org/wikipedia/commons/5/5d/LL-Q55633582_%28ajp%29-AdrianAbdulBaha-%D8%AA%D8%A3%D8%AB%D9%8E%D9%91%D8%B1.wav
469,شوربة,ˈʃoː.rˤɑ.bɑ,3,1,LL-Q55633582 (ajp)-IbrahimZ (AdrianAbdulBaha)-شوربة.wav,https://upload.wikimedia.org/wikipedia/commons/b/b1/LL-Q55633582_%28ajp%29-IbrahimZ_%28AdrianAbdulBaha%29-%D8%B4%D9%88%D8%B1%D8%A8%D8%A9.wav
499,مرحبا,ˈmɑr.ħɑ.bɑ,3,1,LL-Q55633582 (ajp)-AdrianAbdulBaha-مرحبا.wav,https://upload.wikimedia.org/wikipedia/commons/c/cb/LL-Q55633582_%28ajp%29-AdrianAbdulBaha-%D9%85%D8%B1%D8%AD%D8%A8%D8%A7.wav
74,اخترع,ɪxˈta.raʕ,3,2,LL-Q55633582 (ajp)-Khalil.rantissi-اختَرَع.wav,https://upload.wikimedia.org/wikipedia/commons/e/e4/LL-Q55633582_%28ajp%29-Khalil.rantissi-%D8%A7%D8%AE%D8%AA%D9%8E%D8%B1%D9%8E%D8%B9.wav
406,مستوطن,mʊsˈtˤɑw.tˤɪn,3,2,LL-Q55633582 (ajp)-Muhammad (AdrianAbdulBaha)-مستوطن.wav,https://upload.wikimedia.org/wikipedia/commons/3/39/LL-Q55633582_%28ajp%29-Muhammad_%28AdrianAbdulBaha%29-%D9%85%D8%B3%D8%AA%D9%88%D8%B7%D9%86.wav
291,تنفس,ɪtˈnaf.fas,3,2,LL-Q55633582 (ajp)-Khalil.rantissi-تنَفَّس.wav,https://upload.wikimedia.org/wikipedia/commons/8/86/LL-Q55633582_%28ajp%29-Khalil.rantissi-%D8%AA%D9%86%D9%8E%D9%81%D9%8E%D9%91%D8%B3.wav
188,تبادل,ɪtˈbæː.dal,3,2,LL-Q55633582 (ajp)-Khalil.rantissi-تبادَل.wav,https://upload.wikimedia.org/wikipedia/commons/a/a5/LL-Q55633582_%28ajp%29-Khalil.rantissi-%D8%AA%D8%A8%D8%A7%D8%AF%D9%8E%D9%84.wav
217,تخلى,ɪtˈxal.la,3,2,LL-Q55633582 (ajp)-Khalil.rantissi-تخَلّى.wav,https://upload.wikimedia.org/wikipedia/commons/9/92/LL-Q55633582_%28ajp%29-Khalil.rantissi-%D8%AA%D8%AE%D9%8E%D9%84%D9%91%D9%89.wav
143,انسجن,ɪnˈsa.ʒan,3,2,LL-Q55633582 (ajp)-Khalil.rantissi-انسَجَن.wav,https://upload.wikimedia.org/wikipedia/commons/3/30/LL-Q55633582_%28ajp%29-Khalil.rantissi-%D8%A7%D9%86%D8%B3%D9%8E%D8%AC%D9%8E%D9%86.wav
156,انفجر,ɪnˈfa.ʒar,3,2,LL-Q55633582 (ajp)-Khalil.rantissi-انفَجَر.wav,https://upload.wikimedia.org/wikipedia/commons/f/f2/LL-Q55633582_%28ajp%29-Khalil.rantissi-%D8%A7%D9%86%D9%81%D9%8E%D8%AC%D9%8E%D8%B1.wav
409,مصاري,mɑˈsˤɑː.ri,3,2,LL-Q55633582 (ajp)-Muhammad (AdrianAbdulBaha)-مصاري.wav,https://upload.wikimedia.org/wikipedia/commons/8/80/LL-Q55633582_%28ajp%29-Muhammad_%28AdrianAbdulBaha%29-%D9%85%D8%B5%D8%A7%D8%B1%D9%8A.wav
122,الليلة,ɪlˈleː.le,3,2,LL-Q55633582 (ajp)-AseelF (AdrianAbdulBaha)-الليلة.wav,https://upload.wikimedia.org/wikipedia/commons/6/63/LL-Q55633582_%28ajp%29-AseelF_%28AdrianAbdulBaha%29-%D8%A7%D9%84%D9%84%D9%8A%D9%84%D8%A9.wav
96,استوطن,ɪsˈtˤɑw.tˤɑn,3,2,LL-Q55633582 (ajp)-Khalil.rantissi-استَوطَن.wav,https://upload.wikimedia.org/wikipedia/commons/b/b2/LL-Q55633582_%28ajp%29-Khalil.rantissi-%D8%A7%D8%B3%D8%AA%D9%8E%D9%88%D8%B7%D9%8E%D9%86.wav
28,بنطلون,bɑn.tˤɑˈloːn,3,3,LL-Q55633582 (ajp)-Muhammad (AdrianAbdulBaha)-بنطلون.wav,https://upload.wikimedia.org/wikipedia/commons/b/b5/LL-Q55633582_%28ajp%29-Muhammad_%28AdrianAbdulBaha%29-%D8%A8%D9%86%D8%B7%D9%84%D9%88%D9%86.wav
104,اعتقد,ɪʕˈta.ʔad,3,2,LL-Q55633582 (ajp)-Khalil.rantissi-إعتَقَد.wav,https://upload.wikimedia.org/wikipedia/commons/9/97/LL-Q55633582_%28ajp%29-Khalil.rantissi-%D8%A5%D8%B9%D8%AA%D9%8E%D9%82%D9%8E%D8%AF.wav
83,استجوب,ɪsˈtaʒ.wab,3,2,LL-Q55633582 (ajp)-Khalil.rantissi-استَجوَب.wav,https://upload.wikimedia.org/wikipedia/commons/9/9c/LL-Q55633582_%28ajp%29-Khalil.rantissi-%D8%A7%D8%B3%D8%AA%D9%8E%D8%AC%D9%88%D9%8E%D8%A8.wav
391,متأسف,mɪtˈʔas.sɪf,3,2,LL-Q55633582 (ajp)-MahmoudM (AdrianAbdulBaha)-متأسّف.wav,https://upload.wikimedia.org/wikipedia/commons/f/f6/LL-Q55633582_%28ajp%29-MahmoudM_%28AdrianAbdulBaha%29-%D9%85%D8%AA%D8%A3%D8%B3%D9%91%D9%81.wav
506,مغسلة,ˈmaɣ.sa.le,3,1,LL-Q55633582 (ajp)-Muhammad (AdrianAbdulBaha)-مغسلة.wav,https://upload.wikimedia.org/wikipedia/commons/a/a2/LL-Q55633582_%28ajp%29-Muhammad_%28AdrianAbdulBaha%29-%D9%85%D8%BA%D8%B3%D9%84%D8%A9.wav
332,سدادة,sadˈdæː.de,3,2,LL-Q55633582 (ajp)-Muhammad (AdrianAbdulBaha)-سدادة.wav,https://upload.wikimedia.org/wikipedia/commons/9/9f/LL-Q55633582_%28ajp%29-Muhammad_%28AdrianAbdulBaha%29-%D8%B3%D8%AF%D8%A7%D8%AF%D8%A9.wav
255,تعرف,ɪtˈʕɑrˤ.rˤɑf,3,2,LL-Q55633582 (ajp)-Khalil.rantissi-تعَرَّف.wav,https://upload.wikimedia.org/wikipedia/commons/3/3e/LL-Q55633582_%28ajp%29-Khalil.rantissi-%D8%AA%D8%B9%D9%8E%D8%B1%D9%8E%D9%91%D9%81.wav
296,تهبل,(ɪ)tˈhab.bal,3,2,LL-Q55633582 (ajp)-AdrianAbdulBaha-تهَبَّل.wav,https://upload.wikimedia.org/wikipedia/commons/c/c6/LL-Q55633582_%28ajp%29-AdrianAbdulBaha-%D8%AA%D9%87%D9%8E%D8%A8%D9%8E%D9%91%D9%84.wav
287,تمنى,ɪtˈman.na,3,2,LL-Q55633582 (ajp)-Khalil.rantissi-تمَنّى.wav,https://upload.wikimedia.org/wikipedia/commons/1/14/LL-Q55633582_%28ajp%29-Khalil.rantissi-%D8%AA%D9%85%D9%8E%D9%86%D9%91%D9%89.wav
340,شعرية,ʃɪʕˈrij.je,3,2,LL-Q55633582 (ajp)-Muhammad (AdrianAbdulBaha)-شعرية.wav,https://upload.wikimedia.org/wikipedia/commons/d/d5/LL-Q55633582_%28ajp%29-Muhammad_%28AdrianAbdulBaha%29-%D8%B4%D8%B9%D8%B1%D9%8A%D8%A9.wav
248,تعالج,ɪtˈʕæː.laʒ,3,2,LL-Q55633582 (ajp)-Khalil.rantissi-تعالَج.wav,https://upload.wikimedia.org/wikipedia/commons/7/70/LL-Q55633582_%28ajp%29-Khalil.rantissi-%D8%AA%D8%B9%D8%A7%D9%84%D9%8E%D8%AC.wav
254,تعرض,ɪtˈʕar.radˤ,3,2,LL-Q55633582 (ajp)-Khalil.rantissi-تَعَرَّض.wav,https://upload.wikimedia.org/wikipedia/commons/3/38/LL-Q55633582_%28ajp%29-Khalil.rantissi-%D8%AA%D9%8E%D8%B9%D9%8E%D8%B1%D9%8E%D9%91%D8%B6.wav
390,متأخر,mɪtˈʔax.xɪr,3,2,LL-Q55633582 (ajp)-AseelF (AdrianAbdulBaha)-متأخِّر.wav,https://upload.wikimedia.org/wikipedia/commons/a/a7/LL-Q55633582_%28ajp%29-AseelF_%28AdrianAbdulBaha%29-%D9%85%D8%AA%D8%A3%D8%AE%D9%90%D9%91%D8%B1.wav
12,استفز,ɪs.taˈfaz,3,3,LL-Q55633582 (ajp)-Khalil.rantissi-استَفَزّ.wav,https://upload.wikimedia.org/wikipedia/commons/4/40/LL-Q55633582_%28ajp%29-Khalil.rantissi-%D8%A7%D8%B3%D8%AA%D9%8E%D9%81%D9%8E%D8%B2%D9%91.wav
37,زنجبيل,zan.ʒaˈbiːl,3,3,LL-Q55633582 (ajp)-IbrahimZ (AdrianAbdulBaha)-زنجبيل.wav,https://upload.wikimedia.org/wikipedia/commons/0/02/LL-Q55633582_%28ajp%29-IbrahimZ_%28AdrianAbdulBaha%29-%D8%B2%D9%86%D8%AC%D8%A8%D9%8A%D9%84.wav
501,مشترك,ˈmuʃ.ta.rɪk,3,1,LL-Q55633582 (ajp)-Muhammad (AdrianAbdulBaha)-مشترك.wav,https://upload.wikimedia.org/wikipedia/commons/c/c8/LL-Q55633582_%28ajp%29-Muhammad_%28AdrianAbdulBaha%29-%D9%85%D8%B4%D8%AA%D8%B1%D9%83.wav
75,اختصر,ɪxˈtɑ.sˤɑr,3,2,LL-Q55633582 (ajp)-Khalil.rantissi-اختَصَر.wav,https://upload.wikimedia.org/wikipedia/commons/1/13/LL-Q55633582_%28ajp%29-Khalil.rantissi-%D8%A7%D8%AE%D8%AA%D9%8E%D8%B5%D9%8E%D8%B1.wav
69,اتكل,ɪtˈta.kal,3,2,LL-Q55633582 (ajp)-Khalil.rantissi-اتَّكَل.wav,https://upload.wikimedia.org/wikipedia/commons/4/47/LL-Q55633582_%28ajp%29-Khalil.rantissi-%D8%A7%D8%AA%D9%8E%D9%91%D9%83%D9%8E%D9%84.wav
326,رام_الله,rɑːˈmɑlˤ.lˤɑh,3,2,LL-Q55633582 (ajp)-Khalil.rantissi-رام الله.wav,https://upload.wikimedia.org/wikipedia/commons/c/c8/LL-Q55633582_%28ajp%29-Khalil.rantissi-%D8%B1%D8%A7%D9%85_%D8%A7%D9%84%D9%84%D9%87.wav
402,مربع,muˈrab.baʕ,3,2,LL-Q55633582 (ajp)-Muhammad (AdrianAbdulBaha)-مربّع.wav,https://upload.wikimedia.org/wikipedia/commons/8/8f/LL-Q55633582_%28ajp%29-Muhammad_%28AdrianAbdulBaha%29-%D9%85%D8%B1%D8%A8%D9%91%D8%B9.wav
483,غنمة,ˈɣa.na.me,3,1,LL-Q55633582 (ajp)-Muhammad (AdrianAbdulBaha)-غنمة.wav,https://upload.wikimedia.org/wikipedia/commons/4/42/LL-Q55633582_%28ajp%29-Muhammad_%28AdrianAbdulBaha%29-%D8%BA%D9%86%D9%85%D8%A9.wav
239,تشمس,ɪtˈʃam.mas,3,2,LL-Q55633582 (ajp)-Khalil.rantissi-تشَمَّس.wav,https://upload.wikimedia.org/wikipedia/commons/3/34/LL-Q55633582_%28ajp%29-Khalil.rantissi-%D8%AA%D8%B4%D9%8E%D9%85%D9%8E%D9%91%D8%B3.wav
395,مجعلك,(ɪ)mˈʒaʕ.lak,3,2,LL-Q55633582 (ajp)-Mohammad-LPA-مجعلك.wav,https://upload.wikimedia.org/wikipedia/commons/e/e7/LL-Q55633582_%28ajp%29-Mohammad-LPA-%D9%85%D8%AC%D8%B9%D9%84%D9%83.wav
359,عروسة,ʕaˈruː.se,3,2,LL-Q55633582 (ajp)-Muhammad (AdrianAbdulBaha)-عروسة.wav,https://upload.wikimedia.org/wikipedia/commons/6/64/LL-Q55633582_%28ajp%29-Muhammad_%28AdrianAbdulBaha%29-%D8%B9%D8%B1%D9%88%D8%B3%D8%A9.wav
176,بستوني,basˈtoː.ni,3,2,LL-Q55633582 (ajp)-Muhammad (AdrianAbdulBaha)-بستوني.wav,https://upload.wikimedia.org/wikipedia/commons/1/1d/LL-Q55633582_%28ajp%29-Muhammad_%28AdrianAbdulBaha%29-%D8%A8%D8%B3%D8%AA%D9%88%D9%86%D9%8A.wav
511,منشفة,ˈman.ʃa.fe,3,1,LL-Q55633582 (ajp)-Muhammad (AdrianAbdulBaha)-منشفة.wav,https://upload.wikimedia.org/wikipedia/commons/b/b0/LL-Q55633582_%28ajp%29-Muhammad_%28AdrianAbdulBaha%29-%D9%85%D9%86%D8%B4%D9%81%D8%A9.wav
214,تخرف,ɪtˈxɑrˤ.rˤɑf,3,2,LL-Q55633582 (ajp)-Khalil.rantissi-تخَرَّف.wav,https://upload.wikimedia.org/wikipedia/commons/5/53/LL-Q55633582_%28ajp%29-Khalil.rantissi-%D8%AA%D8%AE%D9%8E%D8%B1%D9%8E%D9%91%D9%81.wav
362,علاقة,ʕalˈlæː.ʔa,3,2,LL-Q55633582 (ajp)-MahmoudM (AdrianAbdulBaha)-علاقة.wav,https://upload.wikimedia.org/wikipedia/commons/f/fd/LL-Q55633582_%28ajp%29-MahmoudM_%28AdrianAbdulBaha%29-%D8%B9%D9%84%D8%A7%D9%82%D8%A9.wav
308,جلاية,ʒalˈlæː.je,3,2,LL-Q55633582 (ajp)-Muhammad (AdrianAbdulBaha)-جلّاية.wav,https://upload.wikimedia.org/wikipedia/commons/1/14/LL-Q55633582_%28ajp%29-Muhammad_%28AdrianAbdulBaha%29-%D8%AC%D9%84%D9%91%D8%A7%D9%8A%D8%A9.wav
43,مايكرويف,maj.kroˈweːv,3,3,LL-Q55633582 (ajp)-Muhammad (AdrianAbdulBaha)-مايكرويف.wav,https://upload.wikimedia.org/wikipedia/commons/c/ce/LL-Q55633582_%28ajp%29-Muhammad_%28AdrianAbdulBaha%29-%D9%85%D8%A7%D9%8A%D9%83%D8%B1%D9%88%D9%8A%D9%81.wav
431,ولاية,wiˈlæː.je,3,2,LL-Q55633582 (ajp)-Khalil.rantissi-ولاية.wav,https://upload.wikimedia.org/wikipedia/commons/6/65/LL-Q55633582_%28ajp%29-Khalil.rantissi-%D9%88%D9%84%D8%A7%D9%8A%D8%A9.wav
115,البترا,ɪlˈbɑt.rɑ,3,2,LL-Q55633582 (ajp)-Khalil.rantissi-البتراء.wav,https://upload.wikimedia.org/wikipedia/commons/3/39/LL-Q55633582_%28ajp%29-Khalil.rantissi-%D8%A7%D9%84%D8%A8%D8%AA%D8%B1%D8%A7%D8%A1.wav
307,جزيرة,ʒaˈziː.re,3,2,LL-Q55633582 (ajp)-Muhammad (AdrianAbdulBaha)-جزيرة.wav,https://upload.wikimedia.org/wikipedia/commons/e/e2/LL-Q55633582_%28ajp%29-Muhammad_%28AdrianAbdulBaha%29-%D8%AC%D8%B2%D9%8A%D8%B1%D8%A9.wav
118,التغى,ɪlˈta.ɣa,3,2,LL-Q55633582 (ajp)-Khalil.rantissi-التَغى.wav,https://upload.wikimedia.org/wikipedia/commons/4/46/LL-Q55633582_%28ajp%29-Khalil.rantissi-%D8%A7%D9%84%D8%AA%D9%8E%D8%BA%D9%89.wav
132,انتصر,ɪnˈtˤɑ.sˤɑr,3,2,LL-Q55633582 (ajp)-Khalil.rantissi-انتَصَر.wav,https://upload.wikimedia.org/wikipedia/commons/7/7f/LL-Q55633582_%28ajp%29-Khalil.rantissi-%D8%A7%D9%86%D8%AA%D9%8E%D8%B5%D9%8E%D8%B1.wav
497,محفظة,ˈmɑħ.fɑ.zˤɑ,3,1,LL-Q55633582 (ajp)-Muhammad (AdrianAbdulBaha)-محفظة.wav,https://upload.wikimedia.org/wikipedia/commons/3/3e/LL-Q55633582_%28ajp%29-Muhammad_%28AdrianAbdulBaha%29-%D9%85%D8%AD%D9%81%D8%B8%D8%A9.wav
13,استقال,ɪs.taˈqɑːl,3,3,LL-Q55633582 (ajp)-Khalil.rantissi-استَقال.wav,https://upload.wikimedia.org/wikipedia/commons/6/6c/LL-Q55633582_%28ajp%29-Khalil.rantissi-%D8%A7%D8%B3%D8%AA%D9%8E%D9%82%D8%A7%D9%84.wav
487,كتشي,ˈka.ta.ʃi,3,1,LL-Q55633582 (ajp)-Khalil.rantissi-كَتَشي.wav,https://upload.wikimedia.org/wikipedia/commons/6/65/LL-Q55633582_%28ajp%29-Khalil.rantissi-%D9%83%D9%8E%D8%AA%D9%8E%D8%B4%D9%8A.wav
312,حرارة,ħɑˈrˤɑː.rˤɑ,3,2,LL-Q55633582 (ajp)-Muhammad (AdrianAbdulBaha)-حرارة.wav,https://upload.wikimedia.org/wikipedia/commons/7/72/LL-Q55633582_%28ajp%29-Muhammad_%28AdrianAbdulBaha%29-%D8%AD%D8%B1%D8%A7%D8%B1%D8%A9.wav
77,اختلط,(ɪ)xˈtˤɑ.lɑtˤ,3,2,LL-Q55633582 (ajp)-Khalil.rantissi-اختَلَط.wav,https://upload.wikimedia.org/wikipedia/commons/4/46/LL-Q55633582_%28ajp%29-Khalil.rantissi-%D8%A7%D8%AE%D8%AA%D9%8E%D9%84%D9%8E%D8%B7.wav
364,عيادة,ʕiˈjæː.de,3,2,LL-Q55633582 (ajp)-Muhammad (AdrianAbdulBaha)-عيادة.wav,https://upload.wikimedia.org/wikipedia/commons/9/9e/LL-Q55633582_%28ajp%29-Muhammad_%28AdrianAbdulBaha%29-%D8%B9%D9%8A%D8%A7%D8%AF%D8%A9.wav
311,حبطرش,ħaˈbɑtˤ.rˤɑʃ,3,2,LL-Q55633582 (ajp)-Muhammad (AdrianAbdulBaha)-حبطرش.wav,https://upload.wikimedia.org/wikipedia/commons/0/0a/LL-Q55633582_%28ajp%29-Muhammad_%28AdrianAbdulBaha%29-%D8%AD%D8%A8%D8%B7%D8%B1%D8%B4.wav
148,انشهر,ɪnˈʃa.harˤ,3,2,LL-Q55633582 (ajp)-Khalil.rantissi-انشَهَر.wav,https://upload.wikimedia.org/wikipedia/commons/e/e9/LL-Q55633582_%28ajp%29-Khalil.rantissi-%D8%A7%D9%86%D8%B4%D9%8E%D9%87%D9%8E%D8%B1.wav
303,توقف,ɪtˈwaʔ.ʔaf,3,2,LL-Q55633582 (ajp)-Khalil.rantissi-توَقَّف.wav,https://upload.wikimedia.org/wikipedia/commons/8/8a/LL-Q55633582_%28ajp%29-Khalil.rantissi-%D8%AA%D9%88%D9%8E%D9%82%D9%8E%D9%91%D9%81.wav
18,الجليل,ɪl.ʒaˈliːl,3,3,LL-Q55633582 (ajp)-Khalil.rantissi-الجليل.wav,https://upload.wikimedia.org/wikipedia/commons/5/59/LL-Q55633582_%28ajp%29-Khalil.rantissi-%D8%A7%D9%84%D8%AC%D9%84%D9%8A%D9%84.wav
491,كهربا,ˈkɑh.rɑ.bɑ,3,1,LL-Q55633582 (ajp)-Muhammad (AdrianAbdulBaha)-كهربا.wav,https://upload.wikimedia.org/wikipedia/commons/9/9b/LL-Q55633582_%28ajp%29-Muhammad_%28AdrianAbdulBaha%29-%D9%83%D9%87%D8%B1%D8%A8%D8%A7.wav
480,عقبة,ˈʕɑ.qɑ.be,3,1,LL-Q55633582 (ajp)-Muhammad (AdrianAbdulBaha)-عقبة.wav,https://upload.wikimedia.org/wikipedia/commons/4/41/LL-Q55633582_%28ajp%29-Muhammad_%28AdrianAbdulBaha%29-%D8%B9%D9%82%D8%A8%D8%A9.wav
160,انكتب,ɪnˈka.tab,3,2,LL-Q55633582 (ajp)-Khalil.rantissi-انكَتَب.wav,https://upload.wikimedia.org/wikipedia/commons/e/e2/LL-Q55633582_%28ajp%29-Khalil.rantissi-%D8%A7%D9%86%D9%83%D9%8E%D8%AA%D9%8E%D8%A8.wav
154,انغلى,ɪnˈɣa.la,3,2,LL-Q55633582 (ajp)-Khalil.rantissi-انغَلى.wav,https://upload.wikimedia.org/wikipedia/commons/f/f8/LL-Q55633582_%28ajp%29-Khalil.rantissi-%D8%A7%D9%86%D8%BA%D9%8E%D9%84%D9%89.wav
227,تراهن,ɪtˈrˤɑː.hɑn,3,2,LL-Q55633582 (ajp)-Khalil.rantissi-تراهَن.wav,https://upload.wikimedia.org/wikipedia/commons/e/ed/LL-Q55633582_%28ajp%29-Khalil.rantissi-%D8%AA%D8%B1%D8%A7%D9%87%D9%8E%D9%86.wav
347,صراحة,sˤɑˈrˤɑː.ħɑ,3,2,LL-Q55633582 (ajp)-Muhammad (AdrianAbdulBaha)-صراحة.wav,https://upload.wikimedia.org/wikipedia/commons/0/08/LL-Q55633582_%28ajp%29-Muhammad_%28AdrianAbdulBaha%29-%D8%B5%D8%B1%D8%A7%D8%AD%D8%A9.wav
266,تفاجأ,ɪtˈfæː.ʒaʔ,3,2,LL-Q55633582 (ajp)-Khalil.rantissi-تفاجأ.wav,https://upload.wikimedia.org/wikipedia/commons/4/47/LL-Q55633582_%28ajp%29-Khalil.rantissi-%D8%AA%D9%81%D8%A7%D8%AC%D8%A3.wav
151,انعدى,ɪnˈʕa.da,3,2,LL-Q55633582 (ajp)-Khalil.rantissi-انعَدى.wav,https://upload.wikimedia.org/wikipedia/commons/7/7e/LL-Q55633582_%28ajp%29-Khalil.rantissi-%D8%A7%D9%86%D8%B9%D9%8E%D8%AF%D9%89.wav
130,انتخب,ɪnˈta.xab,3,2,LL-Q55633582 (ajp)-Khalil.rantissi-انتَخَب.wav,https://upload.wikimedia.org/wikipedia/commons/0/0e/LL-Q55633582_%28ajp%29-Khalil.rantissi-%D8%A7%D9%86%D8%AA%D9%8E%D8%AE%D9%8E%D8%A8.wav
297,تهرب,ɪtˈhʌrˤ.rˤʌb,3,2,LL-Q55633582 (ajp)-Khalil.rantissi-تهَرَّب.wav,https://upload.wikimedia.org/wikipedia/commons/0/07/LL-Q55633582_%28ajp%29-Khalil.rantissi-%D8%AA%D9%87%D9%8E%D8%B1%D9%8E%D9%91%D8%A8.wav
353,طوارئ,tˤɑˈwɑː.rɪʔ,3,2,LL-Q55633582 (ajp)-Muhammad (AdrianAbdulBaha)-طوارئ.wav,https://upload.wikimedia.org/wikipedia/commons/7/7c/LL-Q55633582_%28ajp%29-Muhammad_%28AdrianAbdulBaha%29-%D8%B7%D9%88%D8%A7%D8%B1%D8%A6.wav
512,منطقة,ˈmɑn.tˤɪ.ʔɑ,3,1,LL-Q55633582 (ajp)-AmmanM (AdrianAbdulBaha)-منطقة.wav,https://upload.wikimedia.org/wikipedia/commons/1/16/LL-Q55633582_%28ajp%29-AmmanM_%28AdrianAbdulBaha%29-%D9%85%D9%86%D8%B7%D9%82%D8%A9.wav
316,خرافة,xʊˈrˤɑː.fe,3,2,LL-Q55633582 (ajp)-Muhammad (AdrianAbdulBaha)-خرافة.wav,https://upload.wikimedia.org/wikipedia/commons/5/56/LL-Q55633582_%28ajp%29-Muhammad_%28AdrianAbdulBaha%29-%D8%AE%D8%B1%D8%A7%D9%81%D8%A9.wav
153,انعمى,ɪnˈʕa.ma,3,2,LL-Q55633582 (ajp)-Khalil.rantissi-انعَمى.wav,https://upload.wikimedia.org/wikipedia/commons/a/ae/LL-Q55633582_%28ajp%29-Khalil.rantissi-%D8%A7%D9%86%D8%B9%D9%8E%D9%85%D9%89.wav
206,تحمس,ɪtˈħam.mas,3,2,LL-Q55633582 (ajp)-Khalil.rantissi-تحَمَّس.wav,https://upload.wikimedia.org/wikipedia/commons/0/0d/LL-Q55633582_%28ajp%29-Khalil.rantissi-%D8%AA%D8%AD%D9%8E%D9%85%D9%8E%D9%91%D8%B3.wav
500,مروحة,ˈmar.wa.ħa,3,1,LL-Q55633582 (ajp)-Muhammad (AdrianAbdulBaha)-مروحة.wav,https://upload.wikimedia.org/wikipedia/commons/4/4f/LL-Q55633582_%28ajp%29-Muhammad_%28AdrianAbdulBaha%29-%D9%85%D8%B1%D9%88%D8%AD%D8%A9.wav
53,أرمينيا,ʔarˈmiːn.ja,3,2,LL-Q55633582 (ajp)-Khalil.rantissi-أرمينيا.wav,https://upload.wikimedia.org/wikipedia/commons/2/26/LL-Q55633582_%28ajp%29-Khalil.rantissi-%D8%A3%D8%B1%D9%85%D9%8A%D9%86%D9%8A%D8%A7.wav
385,لإنه,laˈʔɪn.no,3,2,LL-Q55633582 (ajp)-Khalil.rantissi-لَإنّه.wav,https://upload.wikimedia.org/wikipedia/commons/e/e6/LL-Q55633582_%28ajp%29-Khalil.rantissi-%D9%84%D9%8E%D8%A5%D9%86%D9%91%D9%87.wav
426,هدية,haˈdij.je,3,2,LL-Q55633582 (ajp)-Khalil.rantissi-هديّة.wav,https://upload.wikimedia.org/wikipedia/commons/f/fd/LL-Q55633582_%28ajp%29-Khalil.rantissi-%D9%87%D8%AF%D9%8A%D9%91%D8%A9.wav
49,مناكير,ma.naˈkiːr,3,3,LL-Q55633582 (ajp)-Muhammad (AdrianAbdulBaha)-مناكير.wav,https://upload.wikimedia.org/wikipedia/commons/b/b1/LL-Q55633582_%28ajp%29-Muhammad_%28AdrianAbdulBaha%29-%D9%85%D9%86%D8%A7%D9%83%D9%8A%D8%B1.wav
295,تهاوش,ɪtˈhæː.waʃ,3,2,LL-Q55633582 (ajp)-Khalil.rantissi-تهاوش.wav,https://upload.wikimedia.org/wikipedia/commons/7/73/LL-Q55633582_%28ajp%29-Khalil.rantissi-%D8%AA%D9%87%D8%A7%D9%88%D8%B4.wav
163,بازلا,bæːˈzel.la,3,2,LL-Q55633582 (ajp)-Khalil.rantissi-بَازِلّا.wav,https://upload.wikimedia.org/wikipedia/commons/8/82/LL-Q55633582_%28ajp%29-Khalil.rantissi-%D8%A8%D9%8E%D8%A7%D8%B2%D9%90%D9%84%D9%91%D8%A7.wav
333,سرية,sɪrˈrij.je,3,2,LL-Q55633582 (ajp)-Muhammad (AdrianAbdulBaha)-سرّيّة.wav,https://upload.wikimedia.org/wikipedia/commons/3/34/LL-Q55633582_%28ajp%29-Muhammad_%28AdrianAbdulBaha%29-%D8%B3%D8%B1%D9%91%D9%8A%D9%91%D8%A9.wav
370,فضاوة,faˈdˤɑː.we,3,2,LL-Q55633582 (ajp)-Muhammad (AdrianAbdulBaha)-فضاوة.wav,https://upload.wikimedia.org/wikipedia/commons/d/d6/LL-Q55633582_%28ajp%29-Muhammad_%28AdrianAbdulBaha%29-%D9%81%D8%B6%D8%A7%D9%88%D8%A9.wav
343,صابونة,sˤɑˈbuː.ne,3,2,LL-Q55633582 (ajp)-Muhammad (AdrianAbdulBaha)-صابونة.wav,https://upload.wikimedia.org/wikipedia/commons/0/01/LL-Q55633582_%28ajp%29-Muhammad_%28AdrianAbdulBaha%29-%D8%B5%D8%A7%D8%A8%D9%88%D9%86%D8%A9.wav
507,مكتبة,ˈmak.ta.be,3,1,LL-Q55633582 (ajp)-Muhammad (AdrianAbdulBaha)-مكتبة.wav,https://upload.wikimedia.org/wikipedia/commons/0/01/LL-Q55633582_%28ajp%29-Muhammad_%28AdrianAbdulBaha%29-%D9%85%D9%83%D8%AA%D8%A8%D8%A9.wav
223,تدرب,ɪdˈdar.rab,3,2,LL-Q55633582 (ajp)-Khalil.rantissi-تدَرَّب.wav,https://upload.wikimedia.org/wikipedia/commons/8/8c/LL-Q55633582_%28ajp%29-Khalil.rantissi-%D8%AA%D8%AF%D9%8E%D8%B1%D9%8E%D9%91%D8%A8.wav
325,رئيسي,raˈʔiː.si,3,2,LL-Q55633582 (ajp)-Muhammad (AdrianAbdulBaha)-رئيسي.wav,https://upload.wikimedia.org/wikipedia/commons/e/e8/LL-Q55633582_%28ajp%29-Muhammad_%28AdrianAbdulBaha%29-%D8%B1%D8%A6%D9%8A%D8%B3%D9%8A.wav